Weather1,Weather2,Weather3,Ego,NonEgo,Front,Back,Opposite,F0_0,F1_0,F2_0,F3_0,Y0,Y1,Y2,Y3,Y
0.0,1.0,21.0,23.0,17.0,1.0,2.0,2.0,0.2890331537827201,-65.80812377929688,0.0,0.0,0,1,0,0,1
0.0,16.0,99.0,20.0,29.0,3.0,3.0,2.0,0.289032687311587,-63.93307800292969,-1.0,0.0,0,0,0,0,0
0.0,40.0,51.0,7.0,6.0,3.0,3.0,0.0,0.2890395288882047,-61.56376953125,0.0,0.0,0,0,0,0,0
0.0,48.0,35.0,31.0,38.0,3.0,0.0,2.0,0.2890396843785824,-75.86926574707032,0.0,0.0,0,1,0,0,1
0.0,62.0,58.0,23.0,22.0,0.0,2.0,1.0,0.2890330501224682,-65.00392456054688,0.0,0.0,0,1,0,0,1
0.0,66.0,70.0,20.0,14.0,3.0,1.0,2.0,0.2890327909718388,-64.25870056152344,0.0,0.0,0,1,0,0,1
0.0,70.0,4.0,13.0,28.0,4.0,2.0,3.0,0.2890352788178816,-82.53897399902344,0.0,0.0,0,0,0,0,0
0.0,83.0,32.0,25.0,33.0,3.0,3.0,3.0,0.2890360044396441,-80.07314605712891,0.0,0.0,0,0,0,0,0
1.0,1.0,29.0,6.0,17.0,4.0,1.0,2.0,0.2890282299207604,-84.21302337646485,0.0,0.0,0,0,1,0,1
1.0,4.0,9.0,18.0,19.0,0.0,0.0,2.0,0.2890280226002568,-68.0016357421875,0.0,0.0,0,0,0,0,0
1.0,14.0,98.0,20.0,29.0,3.0,3.0,2.0,0.2890324281609576,-64.50158996582032,-26.0,0.0,0,0,0,0,0
1.0,22.0,19.0,17.0,5.0,3.0,0.0,1.0,0.2890387514363164,-63.84973449707032,0.0,0.0,0,1,0,0,1
1.0,25.0,78.0,7.0,35.0,1.0,2.0,0.0,0.2890396843785824,-61.308047485351565,0.0,0.0,0,0,1,0,1
1.0,45.0,54.0,1.0,37.0,1.0,3.0,1.0,0.2890348641768745,-62.77953643798829,-2291.0,0.0,0,0,1,0,1
1.0,47.0,4.0,24.0,28.0,0.0,3.0,2.0,0.1519937307938285,-57.09094543457032,-530.0,0.0,0,0,0,0,0
1.0,48.0,70.0,26.0,22.0,4.0,3.0,0.0,0.2890360044396441,-82.3690673828125,0.0,0.0,0,0,0,0,0
1.0,53.0,93.0,17.0,24.0,1.0,2.0,1.0,0.2890383367953092,-66.17223663330078,0.0,0.0,0,1,0,0,1
1.0,55.0,94.0,5.0,20.0,2.0,1.0,2.0,0.2890352788178816,-62.46863098144532,0.0,0.0,0,0,0,0,0
1.0,81.0,7.0,8.0,9.0,0.0,3.0,3.0,0.2890338794044825,-62.577334594726565,0.0,0.0,0,1,0,0,1
2.0,12.0,52.0,14.0,29.0,1.0,2.0,1.0,0.2890357452890146,-63.16849822998047,0.0,0.0,0,1,0,0,1
2.0,21.0,63.0,19.0,29.0,1.0,2.0,0.0,0.289035123327504,-62.71068878173829,0.0,0.0,0,0,1,0,1
2.0,44.0,52.0,1.0,37.0,1.0,3.0,1.0,0.2890349160070004,-63.43920440673829,0.0,0.0,0,0,1,0,1
2.0,53.0,35.0,15.0,23.0,3.0,1.0,1.0,0.2890352788178816,-77.79193420410157,0.0,0.0,0,0,0,0,0
2.0,69.0,33.0,2.0,8.0,3.0,3.0,0.0,0.2890374038530432,-65.72227783203125,0.0,0.0,0,0,0,0,0
2.0,71.0,24.0,7.0,4.0,1.0,1.0,1.0,0.2890395288882047,-62.66916961669922,0.0,0.0,0,1,0,0,1
2.0,98.0,7.0,31.0,32.0,4.0,2.0,0.0,0.2890396843785824,-83.8778564453125,0.0,0.0,0,0,0,0,0
3.0,21.0,20.0,17.0,5.0,3.0,0.0,1.0,0.2890385441158128,-83.53405303955078,0.0,0.0,0,1,0,0,1
3.0,27.0,59.0,2.0,14.0,2.0,1.0,0.0,0.2890374038530432,-64.48184509277344,0.0,0.0,0,0,0,0,0
3.0,40.0,17.0,27.0,20.0,3.0,0.0,0.0,0.2890249646228292,-67.47882385253907,0.0,0.0,0,1,0,0,1
3.0,42.0,62.0,12.0,38.0,0.0,1.0,2.0,0.2890334129333496,-61.80082244873047,0.0,0.0,0,0,0,0,0
3.0,43.0,36.0,36.0,37.0,4.0,3.0,0.0,0.2890300439751666,-81.41477508544922,-3.0,0.0,0,0,0,0,0
3.0,84.0,95.0,1.0,36.0,0.0,0.0,2.0,0.2890350196672522,-64.22418518066407,0.0,0.0,0,0,0,0,0
4.0,4.0,98.0,10.0,12.0,1.0,2.0,2.0,-0.2615662035734758,-63.249072265625,0.0,0.0,1,0,1,0,1
4.0,12.0,5.0,3.0,13.0,2.0,2.0,0.0,0.2890453856924305,-70.69768829345703,0.0,0.0,0,0,1,0,1
4.0,22.0,56.0,38.0,25.0,3.0,0.0,2.0,0.2890356934588888,-63.5677978515625,0.0,0.0,0,1,0,0,1
4.0,23.0,93.0,8.0,0.0,2.0,0.0,1.0,0.2890341903852379,-61.49739379882813,0.0,0.0,0,1,0,0,1
4.0,24.0,95.0,8.0,0.0,2.0,0.0,1.0,0.2890344495358674,-61.673701477050784,0.0,0.0,0,1,0,0,1
4.0,36.0,83.0,25.0,9.0,0.0,2.0,0.0,0.2890358489492665,-62.453128051757815,0.0,0.0,0,1,0,0,1
4.0,38.0,63.0,31.0,21.0,4.0,3.0,1.0,0.2890408764714779,-80.93145294189453,-1625.0,0.0,0,1,1,0,1
4.0,48.0,86.0,34.0,17.0,1.0,2.0,0.0,0.2890329982923424,-63.51265258789063,0.0,0.0,0,1,0,0,1
4.0,56.0,13.0,34.0,23.0,3.0,0.0,2.0,0.2890344495358674,-75.50329895019532,0.0,0.0,0,0,0,0,0
4.0,72.0,2.0,2.0,19.0,1.0,0.0,3.0,0.2890374038530432,-64.56447143554688,0.0,0.0,1,1,1,0,1
4.0,84.0,97.0,1.0,36.0,0.0,0.0,2.0,0.2890350196672522,-62.18167419433594,0.0,0.0,0,0,0,0,0
4.0,90.0,3.0,34.0,27.0,0.0,2.0,2.0,0.2890347605166227,-71.2201416015625,-1337.0,0.0,1,1,1,0,1
4.0,96.0,89.0,9.0,10.0,4.0,3.0,0.0,0.2890167236328125,-65.58111877441407,0.0,0.0,0,0,0,0,0
5.0,10.0,95.0,31.0,7.0,3.0,2.0,2.0,0.2890399953593378,-76.74043579101563,0.0,0.0,0,1,0,0,1
5.0,14.0,41.0,20.0,17.0,2.0,0.0,0.0,0.2890322208404541,-84.85369415283203,0.0,0.0,0,0,1,0,1
5.0,27.0,38.0,24.0,5.0,0.0,3.0,2.0,0.2890251719433327,-57.60647888183594,0.0,0.0,1,1,0,0,1
5.0,36.0,76.0,1.0,6.0,4.0,3.0,2.0,0.2890347086864968,-63.92674560546875,0.0,0.0,0,1,0,0,1
5.0,39.0,67.0,9.0,8.0,3.0,1.0,1.0,0.2890210773633873,-65.65050048828125,0.0,0.0,0,0,0,0,0
5.0,55.0,71.0,37.0,17.0,3.0,0.0,1.0,0.2890342940454897,-78.82409210205078,0.0,0.0,0,0,0,0,0
5.0,57.0,12.0,34.0,23.0,3.0,0.0,2.0,0.2890338794044825,-81.68857879638672,0.0,0.0,0,0,0,0,0
5.0,67.0,15.0,14.0,1.0,3.0,1.0,1.0,0.2890358489492665,-63.77528686523438,0.0,0.0,0,1,0,0,1
5.0,68.0,10.0,25.0,33.0,0.0,3.0,1.0,0.2890358489492665,-62.038882446289065,0.0,0.0,0,0,0,0,0
5.0,69.0,21.0,5.0,7.0,4.0,1.0,0.0,0.2890353824781334,-62.85294647216797,0.0,0.0,0,1,0,0,1
5.0,84.0,85.0,11.0,10.0,4.0,2.0,2.0,0.289032739141713,-68.02419586181641,0.0,0.0,0,1,0,0,1
5.0,90.0,89.0,25.0,29.0,1.0,1.0,0.0,0.2890356934588888,-63.28496856689453,0.0,0.0,0,0,0,0,0
5.0,96.0,24.0,11.0,30.0,4.0,0.0,2.0,0.2890327909718388,-84.80701751708985,0.0,0.0,0,1,0,0,1
6.0,2.0,96.0,3.0,17.0,1.0,3.0,1.0,-2.902193981668224,-78.87884063720703,-1.0,-59.0,1,1,0,1,1
6.0,6.0,72.0,19.0,1.0,2.0,3.0,2.0,0.2890353824781334,-81.82741851806641,0.0,0.0,0,1,0,0,1
6.0,8.0,15.0,17.0,3.0,2.0,2.0,3.0,0.2890391142471976,-73.22597045898438,-4264.0,0.0,0,1,1,0,1
6.0,10.0,16.0,17.0,3.0,2.0,2.0,3.0,0.2890391142471976,-73.22597045898438,-4264.0,0.0,0,1,1,0,1
6.0,13.0,43.0,20.0,17.0,2.0,0.0,0.0,0.289031754369321,-84.0537826538086,0.0,0.0,0,0,1,0,1
6.0,14.0,12.0,21.0,12.0,3.0,3.0,0.0,0.2890310287475586,-62.1154052734375,0.0,0.0,0,1,0,0,1
6.0,16.0,43.0,34.0,15.0,2.0,3.0,1.0,0.2890332056128459,-63.185977172851565,0.0,0.0,0,0,0,0,0
6.0,27.0,36.0,24.0,5.0,0.0,3.0,2.0,0.289025068283081,-59.20418090820313,0.0,0.0,1,1,0,0,1
6.0,29.0,97.0,25.0,17.0,2.0,1.0,2.0,0.2890361599300218,-77.4131576538086,-17.0,0.0,0,1,0,0,1
6.0,35.0,19.0,18.0,30.0,0.0,2.0,2.0,0.289027970770131,-66.89654083251953,0.0,0.0,0,1,0,0,1
6.0,49.0,27.0,20.0,2.0,0.0,0.0,0.0,0.2890320135199504,-89.11495513916016,0.0,0.0,0,1,0,0,1
6.0,52.0,29.0,26.0,9.0,4.0,1.0,0.0,0.2890361599300218,7.313583183288575,0.0,0.0,0,1,0,0,1
6.0,74.0,99.0,29.0,19.0,0.0,0.0,0.0,0.2890340348948602,-60.98910827636719,0.0,0.0,0,0,0,0,0
6.0,78.0,66.0,27.0,38.0,4.0,0.0,2.0,0.2890253792638363,-74.16955108642578,-25.0,0.0,0,1,1,0,1
6.0,81.0,64.0,2.0,24.0,1.0,3.0,0.0,0.2890374038530432,7.268279600143433,0.0,0.0,0,1,0,0,1
6.0,90.0,50.0,30.0,1.0,2.0,1.0,1.0,-0.5902926610863728,-88.41824645996094,0.0,-4.0,0,1,0,0,1
7.0,5.0,4.0,30.0,9.0,1.0,0.0,3.0,0.2890213365140168,-77.56978912353516,0.0,0.0,0,0,0,0,0
7.0,7.0,93.0,29.0,21.0,0.0,2.0,2.0,0.2890339312346085,-60.63711853027344,0.0,0.0,0,1,0,0,1
7.0,30.0,66.0,8.0,1.0,2.0,2.0,3.0,0.2890341903852379,-62.232119750976565,0.0,0.0,0,1,0,0,1
7.0,33.0,77.0,21.0,14.0,3.0,0.0,0.0,0.2890310287475586,-60.52882690429688,0.0,0.0,0,0,0,0,0
7.0,34.0,21.0,18.0,30.0,0.0,2.0,2.0,-1.4244729332301929,6.4254477500915534,0.0,-10.0,0,1,0,0,1
7.0,34.0,75.0,1.0,6.0,4.0,3.0,2.0,0.289035071497378,-63.971728515625,0.0,0.0,0,1,0,0,1
7.0,47.0,10.0,4.0,22.0,4.0,0.0,0.0,0.2890386996061905,-75.07738037109375,0.0,0.0,0,1,0,0,1
7.0,50.0,25.0,20.0,2.0,0.0,0.0,0.0,0.2890319098596987,-65.63651580810547,0.0,0.0,0,1,0,0,1
7.0,68.0,12.0,25.0,33.0,0.0,3.0,1.0,0.2890358489492665,-62.038882446289065,0.0,0.0,0,0,0,0,0
7.0,73.0,39.0,18.0,11.0,2.0,2.0,2.0,0.2890283335810122,-82.74510498046875,0.0,0.0,0,0,0,0,0
8.0,5.0,70.0,19.0,1.0,2.0,3.0,2.0,0.2890353306480075,-62.20556182861328,0.0,0.0,0,1,0,0,1
8.0,15.0,29.0,35.0,23.0,1.0,0.0,0.0,0.2890199889307436,-67.73657531738282,0.0,0.0,0,1,0,0,1
8.0,18.0,72.0,30.0,9.0,4.0,2.0,1.0,0.2890207145525061,-88.48023529052735,0.0,0.0,0,1,0,0,1
8.0,43.0,52.0,18.0,7.0,3.0,3.0,2.0,0.2890280226002568,-64.78735656738282,0.0,0.0,0,0,0,0,0
8.0,46.0,13.0,27.0,27.0,4.0,3.0,0.0,0.1422013096187425,7.720325994491578,-630.0,-4.0,0,1,1,0,1
8.0,53.0,46.0,30.0,10.0,3.0,2.0,2.0,-3.0298739723537285,-112.38279266357422,-88.0,-236.0,1,1,0,1,1
8.0,93.0,12.0,2.0,10.0,1.0,3.0,2.0,0.2890374038530432,-64.7595932006836,0.0,0.0,0,0,0,0,0
9.0,18.0,73.0,30.0,9.0,4.0,2.0,1.0,0.2890203517416249,-77.43658752441407,0.0,0.0,0,1,0,0,1
9.0,27.0,8.0,30.0,14.0,2.0,1.0,1.0,-0.611608940622081,-90.62357635498049,0.0,-4.0,0,0,0,0,0
9.0,34.0,27.0,2.0,34.0,2.0,2.0,1.0,0.2890374038530432,-77.02077026367188,0.0,0.0,0,0,0,0,0
9.0,52.0,12.0,5.0,30.0,1.0,1.0,1.0,0.2890353306480075,-63.458499145507815,0.0,0.0,0,0,0,0,0
9.0,53.0,14.0,1.0,23.0,1.0,2.0,2.0,0.2890346050262451,-65.39037628173828,0.0,0.0,0,0,0,0,0
9.0,54.0,62.0,1.0,1.0,3.0,2.0,1.0,0.2890348641768745,-64.18018646240235,0.0,0.0,0,0,0,0,0
10.0,6.0,68.0,31.0,6.0,1.0,0.0,2.0,0.2890395288882047,-88.77335662841797,0.0,0.0,0,1,0,0,1
10.0,26.0,15.0,27.0,18.0,0.0,2.0,1.0,0.2890251201132069,-67.82759399414063,0.0,0.0,0,1,0,0,1
10.0,30.0,13.0,24.0,26.0,4.0,0.0,2.0,0.2890253274337104,-61.77633972167969,0.0,0.0,0,0,0,0,0
10.0,31.0,40.0,3.0,16.0,0.0,1.0,2.0,-4.451617033585259,6.119674491882325,0.0,-126.0,1,1,0,1,1
10.0,33.0,94.0,24.0,16.0,0.0,0.0,2.0,0.2890253274337104,-61.9706527709961,0.0,0.0,0,0,0,0,0
10.0,44.0,54.0,18.0,7.0,3.0,3.0,2.0,0.2890281780906345,-65.37235565185547,0.0,0.0,0,0,0,0,0
10.0,56.0,34.0,21.0,16.0,4.0,1.0,2.0,0.2890311842379361,-77.87594146728516,0.0,0.0,0,0,0,0,0
10.0,58.0,62.0,38.0,31.0,2.0,3.0,1.0,0.2890358489492665,-82.27807159423828,0.0,0.0,0,0,0,0,0
10.0,60.0,60.0,38.0,31.0,2.0,3.0,1.0,0.2890361599300218,-84.6768295288086,0.0,0.0,0,0,0,0,0
10.0,81.0,47.0,27.0,38.0,2.0,0.0,1.0,0.2890262085458506,-65.20746154785157,0.0,0.0,0,1,0,0,1
10.0,91.0,96.0,21.0,14.0,0.0,2.0,0.0,0.2890312360680621,-60.71969909667969,0.0,0.0,0,0,0,0,0
11.0,24.0,72.0,5.0,25.0,0.0,0.0,2.0,0.2890355379685111,-61.67624206542969,0.0,0.0,0,0,0,0,0
11.0,26.0,16.0,27.0,18.0,0.0,2.0,1.0,0.2890253274337104,-68.64102478027344,0.0,0.0,0,1,0,0,1
11.0,32.0,74.0,32.0,13.0,0.0,2.0,2.0,0.2890380258145539,-65.28069610595703,0.0,0.0,0,0,0,0,0
11.0,34.0,70.0,30.0,29.0,3.0,0.0,2.0,0.2890216474947721,-76.95978088378907,0.0,0.0,0,0,0,0,0
11.0,38.0,99.0,22.0,18.0,4.0,1.0,3.0,0.2890354343082593,-64.52430267333985,0.0,0.0,0,0,0,0,0
11.0,56.0,62.0,1.0,1.0,3.0,2.0,1.0,0.2890348641768745,-64.53244323730469,0.0,0.0,0,0,0,0,0
11.0,94.0,82.0,27.0,2.0,1.0,3.0,0.0,0.2890260530554729,-64.705859375,0.0,0.0,0,0,0,0,0
12.0,21.0,57.0,38.0,8.0,1.0,0.0,0.0,-0.1446205429408862,7.03755431175232,-1656.0,-5.0,0,1,1,0,1
12.0,30.0,76.0,32.0,13.0,0.0,2.0,2.0,0.2890381294748056,-65.08550567626953,0.0,0.0,0,0,0,0,0
12.0,32.0,40.0,3.0,16.0,0.0,1.0,2.0,0.2890455411828082,-63.28625030517578,0.0,0.0,1,1,0,1,1
12.0,34.0,70.0,30.0,29.0,3.0,0.0,2.0,0.2890214920043945,-77.36351318359375,0.0,0.0,0,0,0,0,0
12.0,42.0,75.0,22.0,0.0,0.0,0.0,3.0,0.2890353306480075,-64.86636657714844,0.0,0.0,0,0,0,0,0
12.0,46.0,92.0,26.0,27.0,4.0,3.0,2.0,0.2890361599300218,-86.79751892089844,0.0,0.0,0,1,1,0,1
12.0,48.0,43.0,32.0,6.0,0.0,0.0,0.0,0.2890373001927914,-66.15610809326172,0.0,0.0,0,0,0,0,0
12.0,56.0,32.0,21.0,16.0,4.0,1.0,2.0,0.289031287898188,-81.93716735839844,0.0,0.0,0,0,0,0,0
12.0,63.0,46.0,29.0,21.0,1.0,2.0,3.0,0.289034138555112,-59.94127197265625,0.0,0.0,0,0,0,0,0
12.0,64.0,12.0,28.0,24.0,4.0,1.0,3.0,-0.5894416104192319,-83.06528015136719,0.0,-4.0,0,1,0,0,1
12.0,73.0,93.0,27.0,32.0,4.0,2.0,3.0,0.2890256384144658,-80.438525390625,-438.0,0.0,0,1,1,0,1
12.0,80.0,2.0,25.0,18.0,4.0,2.0,0.0,0.2890357452890146,-61.54934234619141,0.0,0.0,0,1,0,0,1
12.0,86.0,78.0,33.0,28.0,4.0,3.0,1.0,0.2890322208404541,-84.47531433105469,0.0,0.0,0,0,0,0,0
12.0,87.0,88.0,17.0,11.0,4.0,3.0,3.0,0.289039891699086,-79.5419418334961,0.0,0.0,0,0,0,0,0
12.0,88.0,48.0,8.0,23.0,0.0,2.0,0.0,0.2890344495358674,-62.61226196289063,0.0,0.0,0,0,0,0,0
13.0,0.0,31.0,30.0,8.0,4.0,0.0,1.0,0.2890201444211213,-77.02190704345703,0.0,0.0,0,1,0,0,1
13.0,38.0,82.0,12.0,6.0,3.0,0.0,1.0,0.2890333611032236,-76.66798706054688,0.0,0.0,0,0,0,0,0
13.0,41.0,34.0,7.0,29.0,3.0,1.0,3.0,0.2890396843785824,-62.8302490234375,0.0,0.0,0,1,0,0,1
13.0,41.0,70.0,11.0,11.0,0.0,1.0,2.0,0.289032739141713,-69.54751129150391,0.0,0.0,0,0,0,0,0
13.0,56.0,6.0,19.0,35.0,2.0,0.0,0.0,0.2890352788178816,-78.84510345458985,0.0,0.0,0,1,1,0,1
13.0,61.0,25.0,24.0,34.0,4.0,3.0,1.0,0.2890248091324515,-80.30458374023438,0.0,0.0,0,1,0,0,1
13.0,65.0,17.0,20.0,14.0,1.0,0.0,1.0,0.2890324799910835,-74.3789779663086,0.0,0.0,0,1,0,0,1
14.0,10.0,42.0,38.0,26.0,2.0,3.0,1.0,0.2890362117601477,-72.59237213134766,0.0,0.0,0,0,1,0,1
14.0,17.0,98.0,29.0,9.0,0.0,1.0,0.0,0.289034138555112,-61.09269256591797,0.0,0.0,0,0,0,0,0
14.0,19.0,55.0,38.0,8.0,1.0,0.0,0.0,0.2890357452890146,-62.566455078125,0.0,0.0,0,1,1,0,1
14.0,21.0,7.0,4.0,3.0,3.0,2.0,3.0,0.2890378703241762,-77.34483642578125,-15.0,0.0,0,1,0,0,1
14.0,43.0,76.0,33.0,22.0,3.0,1.0,1.0,0.2890335684237272,-82.40077514648438,0.0,0.0,0,0,0,0,0
14.0,46.0,42.0,32.0,6.0,0.0,0.0,0.0,0.2890377148337986,-66.639697265625,0.0,0.0,0,0,0,0,0
14.0,51.0,94.0,2.0,36.0,1.0,0.0,3.0,0.2890377148337986,-63.77869720458985,0.0,0.0,0,1,0,0,1
14.0,55.0,12.0,20.0,3.0,0.0,0.0,1.0,0.2890321690103281,-66.33831329345703,0.0,0.0,0,1,0,0,1
14.0,63.0,26.0,19.0,21.0,4.0,2.0,0.0,0.2890353824781334,-75.99783630371094,0.0,0.0,0,1,1,0,1
14.0,65.0,46.0,29.0,21.0,1.0,2.0,3.0,0.2890338794044825,-59.31949157714844,0.0,0.0,0,0,0,0,0
14.0,66.0,30.0,20.0,3.0,3.0,1.0,1.0,0.2890320653500764,-74.60559387207032,0.0,0.0,0,1,1,0,1
14.0,67.0,65.0,22.0,9.0,2.0,3.0,0.0,0.2890353306480075,-76.30306549072266,0.0,0.0,1,1,1,0,1
14.0,78.0,34.0,14.0,29.0,2.0,2.0,2.0,0.2890358489492665,-63.78715057373047,0.0,0.0,0,1,0,0,1
14.0,79.0,33.0,36.0,23.0,2.0,0.0,0.0,0.2890298884847889,-84.80157012939453,0.0,0.0,0,0,0,0,0
14.0,86.0,88.0,17.0,11.0,4.0,3.0,3.0,0.2890388550965681,-82.52883453369141,0.0,0.0,0,0,0,0,0
14.0,93.0,2.0,0.0,11.0,0.0,1.0,2.0,-1.7284025109332544,-60.2074691772461,0.0,0.0,1,1,0,0,1
14.0,96.0,47.0,6.0,25.0,0.0,2.0,0.0,0.2890281780906345,-60.7108871459961,0.0,0.0,0,0,0,0,0
15.0,9.0,73.0,7.0,26.0,4.0,0.0,2.0,0.2890394770580788,-62.73577423095704,0.0,0.0,0,1,0,0,1
15.0,12.0,93.0,27.0,17.0,0.0,0.0,0.0,0.2890243944914444,-66.54337615966797,0.0,0.0,0,1,0,0,1
15.0,19.0,8.0,4.0,3.0,3.0,2.0,3.0,0.2890381294748056,-69.23813934326172,0.0,0.0,0,1,0,0,1
15.0,33.0,9.0,11.0,15.0,2.0,3.0,2.0,0.2890326354814612,-68.3160888671875,0.0,0.0,0,1,0,0,1
15.0,44.0,65.0,5.0,7.0,1.0,2.0,0.0,0.2890353306480075,-62.5230209350586,0.0,0.0,0,0,0,0,0
15.0,68.0,9.0,18.0,27.0,1.0,2.0,1.0,0.289028385411138,-64.991259765625,0.0,0.0,0,0,0,0,0
15.0,68.0,10.0,18.0,27.0,1.0,2.0,1.0,0.289027970770131,-64.3987533569336,0.0,0.0,0,0,0,0,0
15.0,68.0,28.0,20.0,3.0,3.0,1.0,1.0,0.2890324799910835,-75.44977111816407,-22.0,0.0,0,1,1,0,1
15.0,69.0,17.0,16.0,2.0,0.0,2.0,0.0,0.289023617039556,-67.98189086914063,0.0,0.0,0,1,0,0,1
15.0,74.0,33.0,33.0,6.0,0.0,0.0,3.0,0.2890320653500764,-73.41295928955078,0.0,0.0,0,1,0,0,1
15.0,81.0,87.0,4.0,36.0,1.0,1.0,1.0,0.289037973984428,-61.36561126708985,0.0,0.0,0,1,0,0,1
15.0,83.0,69.0,25.0,36.0,1.0,1.0,1.0,0.2890360044396441,-61.74547119140625,0.0,0.0,0,1,0,0,1
16.0,6.0,91.0,26.0,21.0,2.0,3.0,1.0,0.2890358489492665,-62.640078735351565,0.0,0.0,0,0,0,0,0
16.0,24.0,22.0,18.0,10.0,3.0,3.0,2.0,0.2890283335810122,-70.17621154785157,-4.0,0.0,0,1,0,0,1
16.0,26.0,10.0,31.0,13.0,2.0,1.0,0.0,0.2890395288882047,-76.77993316650391,0.0,0.0,0,1,0,0,1
16.0,30.0,0.0,25.0,17.0,4.0,1.0,3.0,0.2890360044396441,-90.69835968017578,-9.0,0.0,0,1,1,0,1
16.0,32.0,97.0,38.0,37.0,4.0,1.0,3.0,0.2890360044396441,-79.14274139404297,0.0,0.0,0,1,1,0,1
16.0,39.0,43.0,30.0,9.0,1.0,2.0,3.0,0.289020248081373,-76.91858978271485,0.0,0.0,0,0,0,0,0
16.0,62.0,13.0,25.0,15.0,3.0,3.0,3.0,0.28903605626977,-81.49998779296875,0.0,0.0,0,1,1,0,1
16.0,64.0,13.0,11.0,12.0,4.0,3.0,3.0,0.2890326354814612,-68.29756469726563,-36.0,0.0,0,1,0,0,1
16.0,73.0,33.0,33.0,6.0,0.0,0.0,3.0,0.2890320653500764,-73.57987518310547,0.0,0.0,0,1,0,0,1
16.0,75.0,63.0,21.0,35.0,2.0,0.0,1.0,0.2890310287475586,-79.07382507324219,0.0,0.0,0,1,1,0,1
17.0,10.0,89.0,26.0,11.0,3.0,1.0,3.0,0.2890362635902735,-84.93135375976563,-1.0,0.0,0,0,0,0,0
17.0,28.0,4.0,26.0,15.0,2.0,1.0,2.0,0.2890361599300218,-84.03716583251953,0.0,0.0,0,0,0,0,0
17.0,43.0,65.0,5.0,7.0,1.0,2.0,0.0,0.2890354343082593,-62.27625579833985,0.0,0.0,0,0,0,0,0
17.0,44.0,62.0,19.0,36.0,0.0,3.0,0.0,0.2890355379685111,-62.25492401123047,0.0,0.0,0,0,0,0,0
17.0,80.0,36.0,14.0,6.0,0.0,3.0,0.0,-1.0,-1.0,0.0,0.0,0,0,0,0,0
17.0,82.0,36.0,14.0,6.0,0.0,3.0,0.0,-1.0,-1.0,0.0,0.0,0,0,0,0,0
17.0,82.0,86.0,3.0,10.0,1.0,0.0,3.0,0.206149215283601,-64.01092071533203,0.0,0.0,1,1,0,1,1
17.0,98.0,58.0,38.0,19.0,0.0,0.0,3.0,0.2890360044396441,-62.485530090332034,0.0,0.0,0,1,0,0,1
18.0,0.0,19.0,20.0,33.0,0.0,1.0,2.0,0.2890321171802023,-65.60589141845703,0.0,0.0,0,1,0,0,1
18.0,1.0,55.0,5.0,21.0,3.0,0.0,1.0,0.2890354343082593,-62.75174255371094,0.0,0.0,0,1,0,0,1
18.0,3.0,44.0,30.0,16.0,4.0,3.0,0.0,0.2890213883441427,-85.94359130859375,0.0,0.0,0,0,0,0,0
18.0,5.0,3.0,25.0,20.0,1.0,3.0,2.0,0.28903605626977,-62.15658111572266,0.0,0.0,0,0,0,0,0
18.0,16.0,72.0,25.0,13.0,4.0,0.0,3.0,0.2890360044396441,-62.96757049560547,0.0,0.0,0,0,0,0,0
18.0,22.0,72.0,14.0,7.0,0.0,2.0,1.0,0.2890357452890146,-64.01805419921875,0.0,0.0,0,1,0,0,1
18.0,52.0,68.0,28.0,30.0,1.0,2.0,2.0,0.2890337757442308,-64.7283432006836,0.0,0.0,0,1,0,0,1
18.0,65.0,42.0,4.0,11.0,2.0,0.0,3.0,0.2890376111735467,-83.56211395263672,0.0,0.0,0,1,0,0,1
18.0,89.0,38.0,21.0,38.0,4.0,0.0,0.0,0.2890310805776844,-73.54398651123047,-2289.0,0.0,0,1,1,0,1
18.0,91.0,29.0,21.0,36.0,1.0,2.0,1.0,0.2890310287475586,-61.3422119140625,0.0,-1.0,0,0,0,0,0
19.0,0.0,29.0,22.0,12.0,1.0,2.0,1.0,0.2890354343082593,-64.67164154052735,0.0,0.0,0,1,0,0,1
19.0,1.0,17.0,20.0,33.0,0.0,1.0,2.0,0.2890324281609576,-65.87516326904297,0.0,0.0,0,1,0,0,1
19.0,3.0,65.0,33.0,20.0,0.0,0.0,2.0,0.2890327909718388,-72.79904479980469,0.0,0.0,0,0,0,0,0
19.0,8.0,73.0,12.0,18.0,3.0,3.0,0.0,0.289033672083979,-61.96640319824219,0.0,0.0,0,0,0,0,0
19.0,32.0,30.0,10.0,30.0,4.0,0.0,1.0,-1.0,-1.0,0.0,0.0,0,0,0,0,0
19.0,40.0,17.0,13.0,35.0,4.0,0.0,3.0,0.2305161641991656,7.175082731246949,0.0,0.0,0,1,0,0,1
19.0,44.0,64.0,19.0,36.0,0.0,3.0,0.0,0.2890355379685111,-62.25492401123047,0.0,0.0,0,0,0,0,0
19.0,61.0,81.0,24.0,14.0,0.0,3.0,1.0,0.289025068283081,-61.63785858154297,0.0,0.0,0,0,0,0,0
19.0,73.0,95.0,19.0,0.0,3.0,0.0,2.0,0.2890347086864968,-74.24178619384766,0.0,0.0,0,1,0,0,1
19.0,87.0,35.0,5.0,33.0,2.0,1.0,1.0,0.2890355379685111,-82.16434020996094,0.0,0.0,0,1,0,0,1
19.0,93.0,60.0,13.0,13.0,2.0,1.0,1.0,0.289035123327504,-63.37242431640625,0.0,0.0,0,0,0,0,0
20.0,13.0,8.0,21.0,8.0,4.0,2.0,2.0,0.2890310287475586,-76.37896270751953,-1.0,0.0,0,1,1,0,1
20.0,23.0,52.0,33.0,16.0,1.0,3.0,2.0,0.1997966040735659,-72.8776123046875,0.0,0.0,0,0,0,0,0
20.0,36.0,78.0,9.0,22.0,4.0,1.0,1.0,0.2890146504277767,-77.97020263671875,0.0,0.0,0,0,0,0,0
20.0,50.0,92.0,35.0,27.0,0.0,3.0,0.0,0.2568438986073369,-62.81012268066407,-1755.0,0.0,1,0,1,0,1
20.0,52.0,53.0,6.0,8.0,1.0,1.0,3.0,0.289027918940005,-60.86414642333985,0.0,0.0,0,0,0,0,0
20.0,57.0,15.0,31.0,12.0,0.0,0.0,2.0,-0.1867672464121943,-83.44420928955078,0.0,-3.0,1,1,0,0,1
20.0,68.0,12.0,36.0,1.0,2.0,1.0,2.0,0.2890301994655443,-67.38343353271485,0.0,0.0,0,1,0,0,1
20.0,85.0,94.0,25.0,8.0,1.0,0.0,3.0,-0.4412905858910603,-61.84116668701172,0.0,0.0,1,0,0,0,1
20.0,89.0,9.0,20.0,8.0,1.0,1.0,0.0,0.2890322208404541,-65.8495361328125,0.0,0.0,0,1,0,0,1
21.0,25.0,53.0,33.0,16.0,1.0,3.0,2.0,0.2821755098259967,-70.39260406494141,0.0,0.0,0,0,0,0,0
21.0,33.0,80.0,13.0,20.0,2.0,0.0,2.0,0.2890356934588888,-63.6849853515625,0.0,0.0,0,0,0,0,0
21.0,38.0,30.0,2.0,4.0,2.0,2.0,2.0,0.2890374556831691,-72.55133361816407,-77.0,0.0,0,1,0,0,1
21.0,39.0,17.0,13.0,35.0,4.0,0.0,3.0,0.2305161641991656,7.175082731246949,0.0,0.0,0,1,0,0,1
21.0,41.0,3.0,28.0,18.0,2.0,1.0,0.0,0.2890339312346085,-67.20386810302735,0.0,0.0,0,1,0,0,1
21.0,46.0,29.0,35.0,34.0,4.0,3.0,2.0,0.2890314433885657,-75.8162338256836,0.0,0.0,0,0,0,0,0
21.0,46.0,66.0,31.0,28.0,0.0,2.0,2.0,0.2110948458961817,-66.84338684082032,0.0,0.0,0,0,1,0,1
21.0,49.0,94.0,35.0,27.0,0.0,3.0,0.0,-0.1203096223914106,-68.27677459716797,-1423.0,0.0,1,0,1,0,1
21.0,56.0,44.0,13.0,4.0,0.0,2.0,0.0,0.2890350196672522,-63.94954986572266,0.0,0.0,0,1,0,0,1
21.0,58.0,43.0,13.0,4.0,0.0,2.0,0.0,0.2890356416287629,-63.6463119506836,0.0,0.0,0,1,0,0,1
21.0,69.0,93.0,20.0,20.0,0.0,0.0,3.0,0.2890321690103281,-63.0060302734375,0.0,0.0,0,1,0,0,1
21.0,74.0,95.0,19.0,0.0,3.0,0.0,2.0,0.2890352788178816,-84.8291732788086,0.0,0.0,0,1,0,0,1
22.0,0.0,23.0,1.0,13.0,2.0,3.0,2.0,0.2890350196672522,-70.58501739501953,-1.0,0.0,0,1,0,0,1
22.0,1.0,34.0,35.0,32.0,0.0,1.0,0.0,0.2890262603759765,-83.47568054199219,0.0,0.0,0,1,0,0,1
22.0,11.0,9.0,21.0,8.0,4.0,2.0,2.0,0.2890310287475586,-94.08247680664064,-2.0,0.0,0,1,1,0,1
22.0,19.0,44.0,25.0,29.0,0.0,0.0,2.0,0.2890360044396441,-63.21443481445313,0.0,0.0,0,1,0,0,1
22.0,21.0,6.0,6.0,29.0,1.0,0.0,1.0,0.2535354780114215,-61.22690124511719,0.0,-1.0,0,0,0,0,0
22.0,37.0,24.0,0.0,14.0,3.0,1.0,3.0,0.2890362117601477,-76.02320404052735,0.0,0.0,0,1,1,0,1
22.0,43.0,63.0,14.0,26.0,3.0,2.0,0.0,0.2890358489492665,-62.99747009277344,0.0,0.0,0,1,0,0,1
22.0,46.0,1.0,21.0,16.0,4.0,1.0,1.0,0.2890308214270549,-82.63128967285157,0.0,0.0,0,1,0,0,1
22.0,49.0,59.0,11.0,38.0,0.0,1.0,2.0,0.289032739141713,-69.10182495117188,0.0,0.0,0,1,0,0,1
22.0,52.0,10.0,34.0,31.0,1.0,3.0,2.0,0.1603057280830714,-72.79175109863282,0.0,0.0,0,1,0,0,1
22.0,77.0,21.0,20.0,36.0,1.0,1.0,1.0,0.2890322208404541,-66.17046661376953,0.0,0.0,0,1,0,0,1
22.0,85.0,34.0,30.0,25.0,1.0,0.0,1.0,0.2890211291935132,-76.00107879638672,0.0,0.0,0,0,0,0,0
22.0,85.0,93.0,25.0,8.0,1.0,0.0,3.0,-2.428266774053159,-68.22877044677735,0.0,0.0,1,0,0,0,1
22.0,99.0,61.0,4.0,0.0,4.0,2.0,1.0,0.2890381813049316,-61.6918441772461,0.0,0.0,0,0,0,0,0
22.0,99.0,95.0,34.0,36.0,0.0,2.0,0.0,0.2890333092730978,-63.32918090820313,0.0,0.0,0,0,0,0,0
23.0,6.0,14.0,8.0,32.0,0.0,0.0,1.0,0.2319480232570482,6.917467641830445,0.0,-1.0,0,1,0,0,1
23.0,7.0,22.0,7.0,12.0,1.0,1.0,1.0,0.2890395288882047,-61.12767333984375,0.0,0.0,1,1,0,0,1
23.0,17.0,46.0,25.0,29.0,0.0,0.0,2.0,0.2890358489492665,-63.64720458984375,0.0,0.0,0,1,0,0,1
23.0,21.0,34.0,32.0,15.0,2.0,3.0,0.0,0.2890373001927914,-65.40090484619141,0.0,0.0,0,0,0,0,0
23.0,36.0,21.0,25.0,1.0,1.0,2.0,3.0,0.2890358489492665,-62.16469116210938,0.0,0.0,0,0,0,0,0
23.0,37.0,50.0,38.0,2.0,0.0,2.0,0.0,0.2890358489492665,-63.80018157958985,0.0,0.0,1,1,1,0,1
23.0,38.0,22.0,0.0,14.0,3.0,1.0,3.0,0.2890371965325397,-82.18257446289063,-2.0,0.0,0,1,1,0,1
23.0,44.0,23.0,2.0,26.0,3.0,2.0,0.0,0.2890371447024137,-64.17311401367188,0.0,0.0,0,1,0,0,1
23.0,46.0,30.0,35.0,34.0,4.0,3.0,2.0,0.2890314433885657,-73.1127426147461,0.0,0.0,0,1,0,0,1
23.0,49.0,66.0,4.0,37.0,1.0,3.0,0.0,0.2890376111735467,-62.23031921386719,0.0,0.0,1,1,0,0,1
23.0,60.0,35.0,19.0,32.0,2.0,3.0,3.0,0.2890352269877557,-74.95424194335938,0.0,0.0,0,1,0,0,1
23.0,86.0,48.0,5.0,2.0,4.0,0.0,0.0,0.2890353306480075,-61.46482391357422,0.0,0.0,0,1,0,0,1
23.0,87.0,6.0,26.0,15.0,0.0,1.0,1.0,0.2890360044396441,-63.22424621582032,0.0,0.0,0,1,0,0,1
23.0,97.0,24.0,18.0,16.0,0.0,1.0,2.0,0.2890281780906345,-69.63206787109375,0.0,0.0,0,0,0,0,0
24.0,0.0,22.0,1.0,13.0,2.0,3.0,2.0,0.2890350196672522,-74.58945007324219,0.0,0.0,0,1,0,0,1
24.0,0.0,34.0,35.0,32.0,0.0,1.0,0.0,0.2890182267064632,-65.53838653564453,0.0,0.0,0,1,0,0,1
24.0,18.0,62.0,20.0,20.0,4.0,3.0,2.0,0.2890324281609576,-64.48561401367188,0.0,0.0,0,0,0,0,0
24.0,25.0,91.0,25.0,21.0,2.0,3.0,3.0,0.2890358489492665,-62.89644927978516,0.0,0.0,0,1,0,0,1
24.0,52.0,62.0,37.0,32.0,1.0,1.0,3.0,0.2890344495358674,-65.25453491210938,0.0,0.0,0,1,0,0,1
24.0,75.0,74.0,22.0,2.0,3.0,1.0,0.0,0.2890355897986369,-64.57467956542969,0.0,0.0,0,1,0,0,1
25.0,0.0,96.0,21.0,14.0,3.0,2.0,1.0,0.2890311842379361,-60.895198059082034,0.0,0.0,0,0,0,0,0
25.0,18.0,26.0,3.0,21.0,1.0,1.0,3.0,0.2890453856924305,-62.95473022460938,0.0,0.0,0,1,0,0,1
25.0,33.0,61.0,22.0,27.0,0.0,2.0,2.0,0.2890355897986369,-64.61236114501953,0.0,0.0,0,0,0,0,0
25.0,33.0,88.0,36.0,21.0,4.0,3.0,1.0,0.2890314433885657,-69.73662109375,-1.0,0.0,0,1,0,0,1
25.0,43.0,79.0,1.0,17.0,4.0,3.0,0.0,0.2890349160070004,-77.69485778808594,-4.0,0.0,0,1,1,0,1
25.0,47.0,9.0,18.0,1.0,3.0,3.0,3.0,0.289027918940005,-77.78563995361328,0.0,0.0,0,1,0,0,1
25.0,67.0,54.0,28.0,37.0,2.0,2.0,1.0,0.2890337757442308,-82.08786315917969,0.0,0.0,0,1,1,0,1
25.0,68.0,93.0,13.0,18.0,3.0,2.0,3.0,0.2890351751576299,-80.66860504150391,0.0,0.0,0,0,0,0,0
25.0,71.0,73.0,4.0,26.0,4.0,3.0,0.0,0.289038440455561,-62.66477508544922,0.0,0.0,0,0,0,0,0
25.0,74.0,59.0,8.0,13.0,4.0,2.0,2.0,0.2890340348948602,-70.70902557373047,0.0,0.0,0,1,0,0,1
25.0,78.0,44.0,0.0,4.0,3.0,0.0,2.0,0.2890365745710289,-63.65559692382813,0.0,0.0,0,1,0,0,1
25.0,91.0,74.0,32.0,27.0,3.0,2.0,3.0,0.2890376111735467,-85.26716918945313,-1506.0,0.0,0,1,1,0,1
26.0,25.0,43.0,3.0,20.0,4.0,2.0,0.0,0.2890456448430599,-63.156428527832034,0.0,0.0,0,1,0,0,1
26.0,28.0,60.0,22.0,9.0,4.0,3.0,0.0,0.2890355897986369,-78.54808349609375,0.0,0.0,0,0,1,0,1
26.0,46.0,29.0,7.0,20.0,4.0,2.0,0.0,0.2890395288882047,-63.60733337402344,0.0,0.0,0,0,0,0,0
26.0,47.0,29.0,7.0,20.0,4.0,2.0,0.0,0.2890395288882047,-63.60733337402344,0.0,0.0,0,0,0,0,0
26.0,53.0,79.0,4.0,37.0,3.0,3.0,1.0,0.2890380258145539,-76.05359191894532,0.0,0.0,0,0,0,0,0
26.0,69.0,83.0,35.0,0.0,1.0,2.0,0.0,0.2890263640362283,-64.65787811279297,0.0,0.0,0,0,0,0,0
26.0,77.0,54.0,31.0,25.0,1.0,3.0,2.0,0.2890395288882047,-74.65962524414063,0.0,0.0,0,1,0,0,1
26.0,81.0,10.0,7.0,35.0,4.0,1.0,3.0,0.2890396843785824,-73.50323791503907,-1751.0,0.0,0,1,1,0,1
26.0,81.0,27.0,31.0,14.0,0.0,0.0,0.0,0.2890405654907226,-77.8962890625,0.0,0.0,0,1,0,0,1
26.0,88.0,21.0,30.0,18.0,0.0,2.0,1.0,0.2890205590621284,-77.08837432861328,0.0,0.0,0,1,0,0,1
26.0,89.0,4.0,25.0,37.0,2.0,3.0,3.0,0.2890358489492665,-75.91885681152344,0.0,0.0,0,0,0,0,0
26.0,96.0,75.0,16.0,30.0,4.0,2.0,1.0,0.289023617039556,-83.7500717163086,0.0,0.0,0,0,0,0,0
27.0,0.0,47.0,23.0,24.0,4.0,1.0,3.0,-0.3980747305828593,-69.20312805175782,0.0,0.0,0,1,0,0,1
27.0,13.0,3.0,22.0,4.0,1.0,0.0,1.0,0.2890350196672522,7.224800872802735,0.0,0.0,0,1,0,0,1
27.0,23.0,32.0,3.0,24.0,4.0,0.0,1.0,0.2597173607867696,-63.74718017578125,0.0,0.0,1,1,0,1,1
27.0,24.0,23.0,24.0,31.0,3.0,1.0,2.0,0.2890250164529551,-84.59275360107422,0.0,0.0,0,0,1,0,1
27.0,35.0,24.0,12.0,6.0,0.0,2.0,0.0,0.2890340348948602,-62.326602172851565,0.0,0.0,0,0,0,0,0
27.0,58.0,11.0,19.0,7.0,0.0,1.0,2.0,0.2890354343082593,-59.93873138427735,0.0,-1.0,0,0,0,0,0
27.0,73.0,0.0,4.0,31.0,3.0,1.0,0.0,0.2890391660773235,-84.92537994384766,0.0,0.0,0,0,0,0,0
27.0,80.0,75.0,19.0,13.0,2.0,2.0,1.0,0.2890349678371263,-70.24960632324219,0.0,0.0,0,0,0,0,0
27.0,89.0,73.0,32.0,27.0,3.0,2.0,3.0,0.2890376111735467,-85.26716918945313,-1506.0,0.0,0,1,1,0,1
27.0,97.0,44.0,9.0,7.0,1.0,0.0,0.0,0.2890164126520571,-65.42589111328125,0.0,0.0,0,1,0,0,1
28.0,11.0,38.0,0.0,33.0,4.0,2.0,1.0,0.2890362117601477,-81.6386215209961,0.0,0.0,0,0,0,0,0
28.0,11.0,74.0,38.0,27.0,0.0,0.0,3.0,0.2890358489492665,-63.69694061279297,0.0,0.0,0,1,0,0,1
28.0,12.0,31.0,22.0,12.0,1.0,3.0,2.0,0.2890352788178816,-64.64574737548828,0.0,0.0,0,1,0,0,1
28.0,13.0,46.0,26.0,21.0,2.0,3.0,2.0,0.2890358489492665,-62.86580200195313,0.0,0.0,0,1,0,0,1
28.0,17.0,31.0,18.0,17.0,2.0,3.0,1.0,0.2890280744303827,-83.36522979736328,-3.0,0.0,0,0,0,0,0
28.0,29.0,58.0,22.0,9.0,4.0,3.0,0.0,0.2890355897986369,-79.08427734375,0.0,0.0,0,0,1,0,1
28.0,31.0,41.0,32.0,38.0,0.0,3.0,0.0,0.2890377148337986,-65.07741088867188,0.0,0.0,0,0,0,0,0
28.0,39.0,51.0,13.0,16.0,0.0,2.0,2.0,0.2890349160070004,-63.308352661132815,0.0,0.0,0,1,0,0,1
29.0,5.0,1.0,12.0,30.0,1.0,1.0,3.0,0.2890340867249861,-62.59436340332032,0.0,0.0,0,0,0,0,0
29.0,9.0,84.0,13.0,6.0,3.0,3.0,1.0,0.289035123327504,-62.7062484741211,0.0,0.0,0,0,0,0,0
29.0,66.0,59.0,34.0,35.0,0.0,3.0,2.0,0.2791759449502695,-64.55323333740235,0.0,0.0,0,0,0,0,0
30.0,12.0,92.0,7.0,34.0,4.0,0.0,2.0,0.2890395288882047,-80.52600402832032,0.0,0.0,0,1,0,0,1
30.0,15.0,43.0,30.0,21.0,1.0,0.0,2.0,0.2890203517416249,-75.24009246826172,0.0,0.0,0,1,0,0,1
30.0,53.0,33.0,27.0,31.0,0.0,1.0,0.0,0.2890253792638363,-65.07887573242188,0.0,0.0,0,0,0,0,0
30.0,55.0,31.0,27.0,31.0,0.0,1.0,0.0,0.289026001225347,-64.98106689453125,0.0,0.0,0,0,0,0,0
30.0,56.0,18.0,12.0,2.0,2.0,3.0,3.0,0.2890333092730978,-81.45117492675782,0.0,0.0,0,0,0,0,0
30.0,56.0,97.0,1.0,36.0,2.0,0.0,1.0,0.2890350196672522,-82.38905639648438,0.0,0.0,0,0,0,0,0
30.0,76.0,47.0,24.0,38.0,3.0,0.0,2.0,-0.1493628957997199,-67.42183990478516,-2.0,0.0,0,1,1,0,1
30.0,91.0,72.0,10.0,16.0,3.0,2.0,1.0,0.2890344495358674,-83.3772689819336,-1.0,0.0,0,1,0,0,1
30.0,94.0,46.0,18.0,21.0,3.0,0.0,1.0,0.2890283335810122,-64.18912811279297,0.0,0.0,0,0,0,0,0
30.0,99.0,52.0,3.0,8.0,1.0,3.0,3.0,0.2890453856924305,-62.72645874023438,0.0,0.0,0,0,0,0,0
31.0,15.0,56.0,16.0,10.0,4.0,2.0,0.0,0.2890232023985489,-66.1921875,0.0,0.0,0,0,0,0,0
31.0,22.0,25.0,38.0,33.0,0.0,0.0,3.0,0.2890358489492665,-59.67081756591797,0.0,0.0,0,0,0,0,0
31.0,27.0,89.0,7.0,11.0,0.0,1.0,0.0,0.2890395288882047,-63.8453857421875,0.0,0.0,0,0,0,0,0
31.0,30.0,7.0,30.0,20.0,2.0,0.0,0.0,0.2890211291935132,-90.92869110107422,0.0,0.0,0,0,0,0,0
31.0,36.0,67.0,14.0,24.0,1.0,0.0,2.0,0.2890357452890146,-63.62022705078125,0.0,0.0,0,1,0,0,1
31.0,50.0,24.0,9.0,8.0,3.0,2.0,3.0,0.2890150132386579,-63.8116943359375,0.0,0.0,0,0,0,0,0
31.0,52.0,25.0,9.0,8.0,3.0,2.0,3.0,0.2890184858570928,-64.40836639404297,0.0,0.0,0,0,0,0,0
31.0,67.0,10.0,8.0,8.0,2.0,1.0,3.0,0.2890344495358674,-61.13511962890625,0.0,0.0,0,0,0,0,0
31.0,89.0,38.0,1.0,27.0,1.0,1.0,1.0,-0.0685309119846511,-66.54864807128907,-1725.0,0.0,0,1,1,0,1
32.0,2.0,61.0,18.0,32.0,1.0,2.0,2.0,0.2890283335810122,-64.32760925292969,0.0,0.0,0,1,0,0,1
32.0,10.0,90.0,7.0,34.0,4.0,0.0,2.0,0.2890395288882047,-71.58841247558594,0.0,0.0,0,1,0,0,1
32.0,17.0,44.0,30.0,21.0,1.0,0.0,2.0,0.1241346234860626,-74.18898315429688,0.0,0.0,0,1,0,0,1
32.0,22.0,34.0,11.0,1.0,2.0,2.0,0.0,0.2890324799910835,-69.38303680419922,0.0,0.0,0,1,0,0,1
32.0,42.0,21.0,34.0,19.0,3.0,0.0,2.0,0.2890342940454897,-72.6847412109375,0.0,0.0,0,1,0,0,1
32.0,44.0,38.0,31.0,15.0,2.0,3.0,0.0,0.2890404618304708,-76.76222534179688,0.0,0.0,0,0,0,0,0
32.0,71.0,25.0,34.0,37.0,4.0,3.0,2.0,0.2890328946320906,-78.57924957275391,0.0,0.0,0,0,0,0,0
32.0,73.0,27.0,31.0,29.0,4.0,2.0,3.0,0.2890406691509743,-72.45917053222657,-1042.0,0.0,0,0,1,0,1
32.0,75.0,82.0,23.0,27.0,0.0,1.0,3.0,0.2890332056128459,-66.66797180175782,0.0,0.0,0,1,0,0,1
32.0,87.0,82.0,20.0,28.0,0.0,3.0,3.0,0.2890324799910835,-65.08420104980469,0.0,0.0,0,1,0,0,1
32.0,92.0,48.0,7.0,19.0,1.0,0.0,1.0,0.2890396843785824,-61.90136260986328,0.0,0.0,0,0,0,0,0
32.0,96.0,21.0,30.0,10.0,1.0,0.0,1.0,0.2890204035717507,-72.3745834350586,0.0,0.0,0,0,0,0,0
33.0,5.0,15.0,25.0,6.0,2.0,3.0,1.0,0.2890357452890146,-61.28219146728516,0.0,0.0,0,1,0,0,1
33.0,5.0,65.0,15.0,24.0,2.0,1.0,2.0,0.2890350196672522,-70.28924865722657,0.0,0.0,1,1,0,0,1
33.0,24.0,25.0,38.0,33.0,0.0,0.0,3.0,-0.4983325419218645,-62.49279327392578,0.0,0.0,0,0,0,0,0
33.0,29.0,16.0,6.0,10.0,4.0,2.0,2.0,0.2890282299207604,-78.76940460205078,0.0,0.0,0,1,0,0,1
33.0,30.0,61.0,7.0,0.0,4.0,1.0,0.0,0.2890396843785824,-61.42197723388672,0.0,0.0,0,0,0,0,0
33.0,42.0,19.0,34.0,19.0,3.0,0.0,2.0,0.2890335684237272,-72.75023956298828,0.0,0.0,0,1,0,0,1
33.0,56.0,13.0,36.0,35.0,3.0,3.0,1.0,0.2890300958052925,-76.39564056396485,0.0,0.0,0,0,1,0,1
33.0,69.0,27.0,34.0,37.0,4.0,3.0,2.0,0.2890328946320906,-78.57924957275391,0.0,0.0,0,0,0,0,0
33.0,74.0,4.0,8.0,2.0,4.0,2.0,3.0,-0.4865762254466181,6.960624742507935,0.0,-8.0,0,1,0,0,1
33.0,75.0,5.0,8.0,2.0,4.0,2.0,3.0,0.2890342940454897,-81.23297424316407,0.0,0.0,0,1,0,0,1
34.0,1.0,54.0,26.0,2.0,1.0,3.0,0.0,0.2890358489492665,-63.031008911132815,0.0,0.0,0,0,0,0,0
34.0,31.0,63.0,7.0,0.0,4.0,1.0,0.0,0.2890395288882047,-61.53737182617188,0.0,0.0,0,0,0,0,0
34.0,40.0,9.0,37.0,15.0,0.0,1.0,0.0,0.2890337239141048,-66.51800079345703,0.0,0.0,0,0,0,0,0
34.0,51.0,5.0,12.0,13.0,1.0,2.0,1.0,0.289032687311587,6.986600208282471,0.0,-1.0,0,1,0,0,1
34.0,56.0,11.0,5.0,15.0,2.0,1.0,2.0,0.2890353824781334,-62.88138885498047,0.0,0.0,0,0,0,0,0
34.0,58.0,11.0,5.0,15.0,2.0,1.0,2.0,0.2890353824781334,-62.50252075195313,0.0,0.0,0,0,0,0,0
34.0,86.0,80.0,20.0,28.0,0.0,3.0,3.0,0.2890324281609576,-65.03401489257813,0.0,0.0,0,1,0,0,1
34.0,94.0,83.0,2.0,31.0,3.0,1.0,2.0,0.2890374038530432,-85.75040740966797,0.0,0.0,0,0,1,0,1
34.0,96.0,80.0,28.0,27.0,0.0,3.0,3.0,0.2890337757442308,-66.86735076904297,-2.0,0.0,0,0,1,0,1
35.0,4.0,11.0,29.0,11.0,3.0,2.0,0.0,0.2890340348948602,-81.664111328125,0.0,0.0,0,0,0,0,0
35.0,9.0,64.0,5.0,21.0,3.0,2.0,2.0,0.2890354343082593,-62.76671142578125,-1103.0,0.0,0,0,1,0,1
35.0,16.0,67.0,11.0,31.0,3.0,0.0,3.0,0.289032739141713,-88.78250427246094,0.0,0.0,0,0,0,0,0
35.0,32.0,18.0,25.0,36.0,0.0,3.0,0.0,0.2890358489492665,-61.27431030273438,0.0,0.0,0,0,0,0,0
35.0,52.0,6.0,12.0,13.0,1.0,2.0,1.0,0.2890338275743567,-61.74926300048829,0.0,0.0,0,1,0,0,1
35.0,65.0,86.0,12.0,34.0,4.0,0.0,2.0,0.2890335165936013,-77.27801055908203,0.0,0.0,0,1,0,0,1
35.0,90.0,13.0,6.0,18.0,1.0,2.0,0.0,0.289028385411138,-62.682070922851565,0.0,0.0,0,0,0,0,0
35.0,92.0,21.0,16.0,35.0,4.0,3.0,0.0,0.2890233578889265,-80.19620056152344,0.0,0.0,0,0,0,0,0
35.0,92.0,45.0,30.0,23.0,1.0,3.0,2.0,0.2890203517416249,-77.0882064819336,0.0,0.0,0,1,0,0,1
36.0,2.0,87.0,22.0,4.0,0.0,0.0,3.0,0.2890355897986369,-60.59427947998047,0.0,0.0,0,1,0,0,1
36.0,3.0,88.0,14.0,27.0,3.0,3.0,2.0,0.2890356416287629,-63.27551574707032,-192.0,0.0,0,0,0,0,0
36.0,6.0,74.0,15.0,33.0,0.0,2.0,2.0,0.2890356416287629,-63.53377075195313,0.0,0.0,0,0,0,0,0
36.0,14.0,16.0,15.0,3.0,3.0,0.0,0.0,0.289035123327504,-84.43283386230469,-6.0,0.0,0,1,1,0,1
36.0,17.0,65.0,11.0,31.0,3.0,0.0,3.0,0.289032739141713,-88.78250427246094,0.0,0.0,0,0,0,0,0
36.0,28.0,76.0,1.0,1.0,1.0,2.0,0.0,0.2890346050262451,-65.40620727539063,0.0,0.0,0,0,0,0,0
36.0,30.0,17.0,25.0,36.0,0.0,3.0,0.0,0.2890358489492665,-62.421084594726565,0.0,0.0,0,0,0,0,0
36.0,32.0,25.0,16.0,24.0,0.0,1.0,1.0,0.289023617039556,-66.60442657470703,0.0,0.0,0,1,0,0,1
36.0,54.0,47.0,5.0,2.0,1.0,0.0,2.0,0.2890354861383852,-62.42057342529297,0.0,0.0,0,0,0,0,0
36.0,64.0,8.0,21.0,34.0,3.0,1.0,0.0,0.2890309250873067,-76.04375762939453,-2364.0,0.0,0,0,1,0,1
36.0,74.0,19.0,11.0,16.0,4.0,2.0,0.0,0.2890327909718388,-83.46687622070313,0.0,0.0,0,1,0,0,1
36.0,76.0,94.0,18.0,25.0,4.0,0.0,0.0,0.2890283335810122,-64.46727294921875,0.0,0.0,0,0,0,0,0
36.0,77.0,52.0,22.0,1.0,0.0,3.0,3.0,0.2890354343082593,-64.43777770996094,0.0,0.0,0,0,0,0,0
36.0,85.0,82.0,25.0,16.0,4.0,1.0,0.0,0.2890359007793923,-85.07865447998047,0.0,0.0,0,0,0,0,0
36.0,96.0,79.0,28.0,27.0,0.0,3.0,3.0,0.2890336202538531,-65.63296813964844,0.0,0.0,0,0,1,0,1
36.0,98.0,30.0,0.0,5.0,1.0,2.0,2.0,0.2256070738253385,6.915940809249879,0.0,-1.0,0,1,0,0,1
37.0,3.0,59.0,32.0,16.0,3.0,3.0,2.0,0.289037973984428,-84.90185852050782,0.0,0.0,0,0,0,0,0
37.0,10.0,85.0,31.0,25.0,0.0,0.0,3.0,0.2890404100003449,-78.24232025146485,0.0,0.0,0,1,0,0,1
37.0,17.0,79.0,24.0,38.0,0.0,1.0,2.0,0.2890253274337104,-62.05806274414063,0.0,0.0,0,1,0,0,1
37.0,30.0,26.0,16.0,24.0,0.0,1.0,1.0,0.2890115924503491,7.330558586120606,0.0,0.0,0,1,0,0,1
37.0,61.0,93.0,28.0,23.0,3.0,0.0,2.0,0.289034138555112,-80.43074340820313,0.0,0.0,0,0,0,0,0
37.0,73.0,79.0,10.0,9.0,3.0,3.0,2.0,0.2890350196672522,-81.19069976806641,0.0,0.0,0,1,0,0,1
37.0,81.0,88.0,37.0,7.0,2.0,2.0,0.0,0.2890341903852379,-82.07164306640625,0.0,0.0,0,1,0,0,1
38.0,14.0,43.0,10.0,20.0,2.0,0.0,2.0,0.2890347086864968,-61.48990936279297,0.0,0.0,0,0,0,0,0
38.0,14.0,82.0,20.0,15.0,3.0,2.0,0.0,0.2890324799910835,-85.8700439453125,0.0,0.0,0,1,0,0,1
38.0,23.0,16.0,37.0,11.0,2.0,1.0,0.0,0.2890342940454897,-85.877734375,0.0,0.0,0,0,0,0,0
38.0,25.0,13.0,21.0,4.0,1.0,3.0,0.0,0.2890307695969291,-62.109805297851565,0.0,0.0,0,0,0,0,0
38.0,33.0,79.0,27.0,19.0,3.0,1.0,0.0,0.2890256902445917,-80.56997985839844,0.0,0.0,0,1,1,0,1
38.0,53.0,44.0,19.0,16.0,0.0,1.0,3.0,0.2890354861383852,-58.79048461914063,0.0,0.0,0,0,0,0,0
38.0,57.0,79.0,2.0,1.0,4.0,0.0,2.0,0.2890374038530432,-76.51946563720703,0.0,0.0,0,1,0,0,1
38.0,58.0,59.0,0.0,29.0,0.0,1.0,1.0,0.2890369892120361,-63.95194549560547,0.0,0.0,0,1,0,0,1
38.0,61.0,0.0,37.0,16.0,2.0,0.0,2.0,0.2890345013659933,-84.35990447998047,0.0,0.0,0,1,0,0,1
38.0,66.0,33.0,5.0,18.0,3.0,2.0,1.0,0.2890351751576299,-63.17785949707032,0.0,0.0,0,0,0,0,0
38.0,89.0,34.0,30.0,5.0,0.0,2.0,3.0,0.2890212846838909,-72.93296356201172,0.0,0.0,0,0,0,0,0
38.0,89.0,77.0,34.0,20.0,4.0,2.0,2.0,0.2890340348948602,-63.8308822631836,0.0,0.0,0,0,0,0,0
38.0,95.0,18.0,24.0,17.0,0.0,3.0,3.0,0.2890249646228292,-61.895068359375,0.0,0.0,0,0,0,0,0
39.0,7.0,60.0,37.0,36.0,2.0,1.0,1.0,0.2890337757442308,-83.61526794433594,0.0,0.0,0,0,0,0,0
39.0,13.0,44.0,10.0,20.0,2.0,0.0,2.0,0.2890347086864968,-61.48990936279297,0.0,0.0,0,0,0,0,0
39.0,19.0,80.0,24.0,38.0,0.0,1.0,2.0,0.2890251201132069,-61.558108520507815,0.0,0.0,0,1,0,0,1
39.0,35.0,34.0,14.0,22.0,0.0,2.0,0.0,0.2890356934588888,-63.20961303710938,0.0,0.0,0,0,0,0,0
39.0,41.0,13.0,15.0,19.0,2.0,3.0,3.0,0.2890350196672522,-62.853823852539065,0.0,0.0,0,0,0,0,0
39.0,41.0,89.0,12.0,35.0,3.0,2.0,1.0,0.2890335165936013,-69.93226928710938,0.0,0.0,0,1,0,0,1
39.0,45.0,5.0,14.0,33.0,3.0,1.0,2.0,0.2890358489492665,-75.11571807861328,0.0,0.0,0,0,0,0,0
39.0,49.0,50.0,3.0,11.0,2.0,0.0,3.0,0.2890453856924305,-83.91576690673828,-412.0,0.0,0,0,1,0,1
39.0,95.0,93.0,12.0,27.0,0.0,2.0,0.0,-0.5092027705648672,-59.93787689208985,-34.0,0.0,1,1,1,0,1
40.0,6.0,28.0,10.0,22.0,3.0,2.0,2.0,0.2890353306480075,-76.32283325195313,0.0,0.0,0,1,1,0,1
40.0,11.0,0.0,6.0,14.0,1.0,3.0,2.0,0.289027918940005,-62.31066436767578,0.0,0.0,0,1,0,0,1
40.0,14.0,51.0,5.0,8.0,2.0,2.0,2.0,0.2890354861383852,-72.94651336669922,-870.0,0.0,1,1,1,0,1
40.0,23.0,15.0,21.0,4.0,1.0,3.0,0.0,0.2890308732571809,-62.96846313476563,0.0,0.0,0,0,0,0,0
40.0,27.0,71.0,6.0,26.0,1.0,1.0,2.0,0.2890281780906345,-61.59877319335938,0.0,0.0,0,0,0,0,0
40.0,30.0,48.0,27.0,25.0,1.0,3.0,3.0,0.2890256384144658,-62.74169464111328,-1.0,0.0,0,0,0,0,0
40.0,48.0,57.0,26.0,10.0,1.0,0.0,0.0,0.2890361599300218,-60.985408020019534,0.0,0.0,0,0,0,0,0
40.0,49.0,11.0,34.0,6.0,0.0,2.0,0.0,0.2890336202538531,-65.97201843261719,0.0,0.0,0,1,1,0,1
40.0,59.0,60.0,0.0,29.0,0.0,1.0,1.0,0.2890369892120361,-63.95194549560547,0.0,0.0,0,1,0,0,1
40.0,60.0,30.0,18.0,23.0,4.0,0.0,0.0,0.2890281780906345,-81.05713958740235,0.0,0.0,0,1,0,0,1
40.0,86.0,41.0,36.0,19.0,2.0,2.0,0.0,0.2890298884847889,-65.88022155761719,0.0,0.0,0,0,0,0,0
40.0,98.0,85.0,15.0,5.0,1.0,3.0,0.0,0.2890359007793923,-62.61970825195313,0.0,0.0,0,0,0,0,0
40.0,99.0,11.0,5.0,5.0,3.0,1.0,1.0,0.2890353824781334,-62.55919189453125,0.0,0.0,0,0,0,0,0
41.0,15.0,71.0,17.0,15.0,2.0,3.0,0.0,0.2890385441158128,-64.29148406982422,0.0,0.0,0,1,0,0,1
41.0,27.0,82.0,37.0,26.0,3.0,1.0,1.0,0.2890338794044825,-65.46026916503907,0.0,0.0,0,0,0,0,0
41.0,29.0,73.0,12.0,20.0,0.0,2.0,1.0,0.2890340348948602,-65.44307250976563,0.0,0.0,0,1,0,0,1
41.0,34.0,35.0,24.0,13.0,3.0,1.0,2.0,0.2890248091324515,-61.49762268066407,0.0,0.0,0,0,0,0,0
41.0,46.0,72.0,38.0,31.0,2.0,2.0,3.0,0.2890361599300218,-82.61098785400391,-1776.0,0.0,0,0,1,0,1
41.0,57.0,40.0,3.0,4.0,2.0,0.0,2.0,0.2890452820321787,-74.85959167480469,-1.0,0.0,0,0,0,0,0
41.0,60.0,20.0,16.0,21.0,3.0,1.0,0.0,0.2890238761901855,-66.05404968261719,0.0,0.0,0,0,0,0,0
41.0,63.0,75.0,24.0,22.0,4.0,0.0,1.0,-0.4839896948441216,7.53581337928772,0.0,-9.0,0,1,0,0,1
41.0,68.0,34.0,17.0,24.0,3.0,3.0,1.0,0.2890394770580788,-66.45247192382813,0.0,0.0,0,1,0,0,1
41.0,88.0,26.0,4.0,31.0,4.0,1.0,3.0,0.2890377148337986,-82.51878662109375,0.0,0.0,0,0,1,0,1
42.0,5.0,94.0,32.0,15.0,0.0,2.0,1.0,0.2890376111735467,-61.78403778076172,0.0,0.0,0,0,1,0,1
42.0,7.0,65.0,32.0,8.0,1.0,2.0,3.0,0.2890377148337986,-64.604541015625,0.0,0.0,0,0,0,0,0
42.0,8.0,68.0,24.0,31.0,4.0,2.0,1.0,0.2890249127927033,-93.41013641357422,-10.0,0.0,0,1,1,0,1
42.0,10.0,30.0,34.0,2.0,3.0,0.0,3.0,0.2890334647634754,-80.88053436279297,0.0,0.0,0,1,0,0,1
42.0,14.0,19.0,38.0,5.0,1.0,1.0,2.0,-0.2635788710221001,-59.52405090332032,0.0,-1.0,0,0,0,0,0
42.0,23.0,25.0,36.0,16.0,1.0,2.0,1.0,0.289030303125796,-65.38551635742188,0.0,0.0,0,0,0,0,0
42.0,57.0,16.0,10.0,5.0,3.0,3.0,2.0,0.289035123327504,-72.26330871582032,-2196.0,0.0,0,0,1,0,1
42.0,65.0,76.0,24.0,22.0,4.0,0.0,1.0,0.2890253274337104,-80.03262634277344,0.0,0.0,0,1,0,0,1
42.0,87.0,66.0,20.0,19.0,2.0,3.0,2.0,0.2890324281609576,-65.23891754150391,0.0,0.0,0,0,0,0,0
43.0,9.0,15.0,33.0,10.0,3.0,2.0,0.0,0.2890322208404541,-73.78015441894532,0.0,0.0,0,0,0,0,0
43.0,36.0,34.0,3.0,25.0,3.0,1.0,0.0,-7.250754812489387,-63.75191802978516,-12.0,-50.0,1,1,1,1,1
43.0,38.0,33.0,3.0,25.0,3.0,1.0,0.0,0.1334053226139233,-78.36313934326172,-1734.0,-3.0,1,1,1,1,1
43.0,39.0,36.0,20.0,3.0,3.0,2.0,3.0,0.2890323245007058,-72.73272247314453,0.0,0.0,0,1,0,0,1
43.0,60.0,19.0,16.0,21.0,3.0,1.0,0.0,0.2890230987382971,-66.95855255126953,0.0,0.0,0,0,0,0,0
43.0,66.0,34.0,17.0,24.0,3.0,3.0,1.0,0.2890382849651833,-66.260546875,0.0,0.0,0,1,0,0,1
43.0,73.0,88.0,12.0,15.0,0.0,0.0,3.0,0.2890335165936013,-62.4051010131836,0.0,0.0,0,0,0,0,0
43.0,82.0,76.0,17.0,33.0,3.0,2.0,1.0,0.2890396843785824,-84.81226654052735,0.0,0.0,0,0,0,0,0
43.0,83.0,38.0,19.0,6.0,4.0,3.0,1.0,0.2890355379685111,-73.81753082275391,0.0,0.0,0,0,1,0,1
43.0,83.0,62.0,14.0,21.0,2.0,0.0,1.0,0.2890358489492665,-62.42708129882813,0.0,0.0,0,1,0,0,1
44.0,2.0,52.0,9.0,28.0,1.0,0.0,0.0,0.2890175010847008,-66.03912658691407,0.0,0.0,0,0,0,0,0
44.0,14.0,42.0,13.0,22.0,4.0,1.0,3.0,0.2890350196672522,-75.57167358398438,0.0,0.0,0,1,0,0,1
44.0,38.0,81.0,30.0,4.0,1.0,2.0,2.0,0.289021232853765,-76.79092712402344,0.0,0.0,0,0,0,0,0
44.0,46.0,3.0,12.0,5.0,0.0,2.0,3.0,0.2890334129333496,-61.98829956054688,0.0,0.0,0,1,0,0,1
44.0,48.0,75.0,17.0,12.0,2.0,1.0,0.0,0.289039425227953,-66.13405914306641,-49.0,0.0,0,0,1,0,1
44.0,65.0,84.0,1.0,12.0,3.0,0.0,1.0,0.2890347605166227,-63.864993286132815,0.0,0.0,0,0,0,0,0
44.0,80.0,78.0,17.0,33.0,3.0,2.0,1.0,0.2890389587568199,-84.79507751464844,0.0,0.0,0,0,0,0,0
45.0,2.0,54.0,9.0,28.0,1.0,0.0,0.0,0.2890167236328125,-64.64105529785157,0.0,0.0,0,0,0,0,0
45.0,7.0,16.0,33.0,10.0,3.0,2.0,0.0,0.2890326354814612,-73.771044921875,0.0,0.0,0,0,0,0,0
45.0,10.0,26.0,36.0,6.0,3.0,1.0,0.0,0.1728516765262768,6.401263046264649,0.0,-2.0,1,1,1,0,1
45.0,15.0,94.0,20.0,24.0,4.0,0.0,1.0,0.2890325836513353,-64.90238494873047,0.0,0.0,0,1,0,0,1
45.0,36.0,83.0,2.0,33.0,2.0,1.0,0.0,0.2890374038530432,-80.73352355957032,0.0,0.0,0,0,0,0,0
45.0,39.0,41.0,4.0,5.0,3.0,2.0,1.0,0.2890376111735467,-62.435733032226565,0.0,0.0,0,0,0,0,0
45.0,41.0,41.0,4.0,5.0,3.0,2.0,1.0,0.2890376111735467,-62.29519195556641,0.0,0.0,0,0,0,0,0
45.0,46.0,76.0,23.0,6.0,0.0,1.0,0.0,0.2890331537827201,-65.72873992919922,0.0,0.0,0,0,0,0,0
45.0,55.0,55.0,32.0,11.0,4.0,1.0,3.0,0.2890376111735467,-85.81554718017578,0.0,0.0,0,0,0,0,0
45.0,72.0,40.0,34.0,16.0,0.0,3.0,3.0,0.289034138555112,-64.53042144775391,0.0,0.0,0,0,0,0,0
45.0,73.0,32.0,6.0,14.0,3.0,3.0,2.0,0.2890282299207604,-62.5177719116211,0.0,0.0,0,0,0,0,0
45.0,85.0,11.0,30.0,31.0,1.0,1.0,0.0,0.2890224767767864,-88.25831146240235,0.0,0.0,0,1,0,0,1
45.0,99.0,12.0,33.0,1.0,4.0,0.0,3.0,0.2890319098596987,-81.60428924560547,0.0,0.0,0,0,0,0,0
46.0,13.0,96.0,21.0,36.0,2.0,0.0,1.0,0.2890311324078103,-61.85213012695313,0.0,0.0,0,0,0,0,0
46.0,18.0,83.0,0.0,28.0,0.0,2.0,1.0,0.2890362117601477,-64.31972808837891,0.0,0.0,0,0,0,0,0
46.0,19.0,9.0,28.0,24.0,1.0,2.0,1.0,0.2890340867249861,-67.04403228759766,0.0,0.0,0,1,0,0,1
46.0,21.0,10.0,28.0,24.0,1.0,2.0,1.0,0.2890339312346085,-67.38631744384766,0.0,0.0,0,1,0,0,1
46.0,36.0,62.0,19.0,16.0,1.0,3.0,1.0,0.2890349678371263,-63.00792999267578,0.0,0.0,0,0,0,0,0
46.0,45.0,1.0,28.0,23.0,0.0,3.0,3.0,0.1276098334270974,-66.07183380126953,0.0,0.0,0,0,1,0,1
46.0,45.0,26.0,19.0,0.0,2.0,2.0,1.0,0.289035123327504,-70.6266586303711,0.0,0.0,0,1,1,0,1
46.0,47.0,76.0,23.0,6.0,0.0,1.0,0.0,0.2890333092730978,-66.84838409423828,0.0,0.0,0,0,0,0,0
46.0,51.0,70.0,18.0,26.0,3.0,3.0,1.0,0.289028385411138,-64.13923950195313,0.0,0.0,0,1,0,0,1
46.0,65.0,35.0,19.0,32.0,1.0,2.0,3.0,0.2890353306480075,-61.81992645263672,0.0,0.0,0,1,0,0,1
46.0,67.0,34.0,11.0,34.0,4.0,1.0,3.0,0.2890324799910835,-82.32969207763672,0.0,0.0,0,0,0,0,0
46.0,73.0,69.0,6.0,0.0,1.0,1.0,2.0,-0.412624794503917,-61.73975677490235,0.0,0.0,0,0,0,0,0
46.0,91.0,10.0,20.0,11.0,0.0,1.0,0.0,0.2890321171802023,-66.54512329101563,0.0,0.0,0,0,0,0,0
46.0,94.0,94.0,5.0,15.0,0.0,1.0,1.0,0.2890354343082593,-62.59682769775391,0.0,0.0,0,0,0,0,0
47.0,45.0,28.0,35.0,1.0,2.0,1.0,3.0,0.2890251201132069,-78.01783294677735,0.0,0.0,0,0,0,0,0
47.0,57.0,64.0,10.0,5.0,3.0,0.0,3.0,0.2890345013659933,-61.04606170654297,0.0,0.0,0,1,1,0,1
47.0,68.0,22.0,10.0,34.0,3.0,1.0,1.0,0.289035123327504,-72.70859069824219,0.0,0.0,0,1,1,0,1
47.0,88.0,80.0,36.0,4.0,4.0,0.0,2.0,0.289030303125796,-80.82875366210938,0.0,0.0,0,0,0,0,0
48.0,12.0,45.0,38.0,14.0,4.0,2.0,3.0,0.2890356416287629,-63.5824462890625,0.0,0.0,1,1,1,1,1
48.0,16.0,86.0,26.0,5.0,1.0,0.0,1.0,0.2890356416287629,-63.214114379882815,0.0,0.0,0,0,0,0,0
48.0,38.0,60.0,19.0,16.0,1.0,3.0,1.0,0.2890355379685111,-62.82113189697266,0.0,0.0,0,0,0,0,0
48.0,45.0,28.0,19.0,0.0,2.0,2.0,1.0,0.2890355379685111,-72.72719879150391,-2111.0,0.0,0,1,1,0,1
48.0,61.0,88.0,25.0,32.0,2.0,1.0,0.0,0.2890360044396441,-76.46902008056641,0.0,0.0,0,1,0,1,1
48.0,71.0,31.0,19.0,24.0,4.0,2.0,3.0,0.2890344495358674,-62.47413940429688,0.0,0.0,0,0,0,0,0
48.0,82.0,68.0,14.0,4.0,1.0,2.0,1.0,0.2890357452890146,-63.80368347167969,0.0,0.0,0,1,0,0,1
48.0,84.0,27.0,2.0,3.0,0.0,0.0,2.0,0.2890374038530432,-66.02499694824219,0.0,0.0,0,0,0,0,0
49.0,1.0,34.0,32.0,29.0,2.0,1.0,0.0,0.2890373001927914,-63.0548583984375,0.0,0.0,0,1,0,0,1
49.0,15.0,7.0,22.0,18.0,0.0,3.0,1.0,0.2890353306480075,-64.41359252929688,0.0,0.0,0,0,0,0,0
49.0,18.0,2.0,22.0,19.0,3.0,3.0,1.0,0.2890354343082593,-64.77717895507813,0.0,0.0,0,1,0,0,1
49.0,19.0,86.0,11.0,32.0,3.0,2.0,0.0,0.2890327909718388,-88.2331039428711,0.0,0.0,0,1,0,0,1
49.0,26.0,81.0,37.0,9.0,4.0,3.0,2.0,0.2890342940454897,-81.0375473022461,0.0,0.0,0,0,0,0,0
49.0,38.0,8.0,25.0,24.0,4.0,1.0,3.0,-0.7513561248779299,5.50863151550293,0.0,-2.0,0,1,0,0,1
49.0,43.0,12.0,32.0,26.0,1.0,1.0,1.0,0.2890376111735467,-65.29733581542969,0.0,0.0,0,1,0,0,1
49.0,50.0,27.0,30.0,37.0,2.0,0.0,1.0,0.2890200925909953,-86.94445343017578,0.0,0.0,0,0,0,0,0
49.0,57.0,95.0,25.0,19.0,0.0,0.0,1.0,0.2890358489492665,-62.35756225585938,0.0,0.0,0,1,0,0,1
49.0,64.0,42.0,26.0,19.0,2.0,2.0,2.0,0.28903605626977,-75.23407287597657,-1.0,0.0,0,1,0,0,1
49.0,69.0,22.0,30.0,7.0,0.0,3.0,1.0,0.2890223212864087,-72.43208618164063,0.0,0.0,1,1,0,1,1
49.0,70.0,36.0,11.0,11.0,1.0,0.0,0.0,0.2890324799910835,-68.95743865966797,0.0,0.0,0,0,0,0,0
49.0,79.0,89.0,7.0,10.0,1.0,3.0,0.0,0.2890398398689601,-62.63431091308594,0.0,0.0,0,0,0,0,0
49.0,87.0,28.0,20.0,23.0,4.0,0.0,1.0,0.2890322208404541,-84.36089630126953,0.0,0.0,0,0,0,0,0
49.0,95.0,8.0,9.0,26.0,3.0,0.0,0.0,0.2890177602353303,-66.0272705078125,0.0,0.0,0,0,0,0,0
50.0,0.0,45.0,4.0,7.0,1.0,1.0,2.0,0.2890377148337986,-61.43998260498047,0.0,0.0,0,1,0,0,1
50.0,9.0,65.0,20.0,24.0,3.0,1.0,1.0,0.2890324281609576,-65.00146789550782,-146.0,0.0,0,0,0,0,0
50.0,21.0,84.0,11.0,32.0,3.0,2.0,0.0,0.2890328946320906,-84.96224517822266,0.0,0.0,0,1,0,0,1
50.0,27.0,81.0,37.0,9.0,4.0,3.0,2.0,0.2890341903852379,-80.61886901855469,0.0,0.0,0,0,0,0,0
50.0,35.0,66.0,15.0,35.0,3.0,2.0,3.0,0.2890349160070004,-73.01256103515625,0.0,0.0,0,1,0,0,1
50.0,43.0,41.0,35.0,28.0,4.0,1.0,0.0,0.289029318353404,-81.53845520019532,0.0,0.0,0,0,0,0,0
50.0,60.0,81.0,5.0,23.0,0.0,0.0,0.0,0.2890353306480075,-62.88114471435547,0.0,0.0,0,0,0,0,0
50.0,64.0,41.0,10.0,37.0,2.0,2.0,3.0,0.0358354734337847,6.325151729583741,0.0,-4.0,0,1,0,0,1
50.0,96.0,25.0,11.0,26.0,1.0,3.0,2.0,0.289032739141713,-68.63648529052735,0.0,0.0,0,1,0,0,1
50.0,98.0,95.0,1.0,11.0,3.0,0.0,1.0,0.289035123327504,-84.97863311767578,0.0,0.0,0,0,1,0,1
51.0,6.0,39.0,7.0,27.0,1.0,3.0,3.0,0.2890396843785824,-61.24344940185547,0.0,0.0,0,0,0,0,0
51.0,20.0,15.0,0.0,16.0,3.0,3.0,2.0,0.2890362117601477,-79.84842224121094,0.0,0.0,1,1,1,0,1
51.0,22.0,25.0,35.0,12.0,4.0,0.0,3.0,-0.5185301200203274,-80.51470489501953,-1049.0,-4.0,0,0,1,0,1
51.0,29.0,30.0,22.0,3.0,4.0,0.0,0.0,0.2890355897986369,-70.14771575927735,-2280.0,0.0,0,1,1,0,1
51.0,35.0,81.0,13.0,37.0,4.0,1.0,1.0,0.289035071497378,-76.70257110595703,0.0,0.0,0,1,1,0,1
51.0,36.0,83.0,13.0,37.0,4.0,1.0,1.0,0.2890349160070004,-78.10312194824219,-642.0,0.0,0,1,1,0,1
51.0,44.0,42.0,9.0,37.0,2.0,3.0,3.0,0.2890163089918053,-78.5125228881836,0.0,0.0,0,0,1,0,1
51.0,51.0,5.0,7.0,25.0,4.0,0.0,3.0,0.2890396843785824,-78.10234375,-1.0,0.0,0,1,1,0,1
51.0,56.0,60.0,17.0,10.0,4.0,1.0,2.0,-0.2074910039487092,-78.03330535888672,0.0,-4.0,0,1,0,0,1
51.0,62.0,44.0,26.0,19.0,2.0,2.0,2.0,0.2890362117601477,-71.69613952636719,-1.0,0.0,0,1,0,0,1
51.0,64.0,19.0,23.0,30.0,1.0,0.0,2.0,0.2890331537827201,-66.11586303710938,0.0,0.0,0,0,0,0,0
51.0,71.0,53.0,23.0,21.0,4.0,2.0,3.0,0.2890329982923424,-66.03309173583985,0.0,0.0,0,0,0,0,0
51.0,79.0,91.0,7.0,10.0,1.0,3.0,0.0,0.2890396843785824,-62.76497955322266,0.0,0.0,0,0,0,0,0
51.0,82.0,1.0,34.0,3.0,4.0,2.0,2.0,0.2890346050262451,-70.37074584960938,0.0,0.0,1,1,1,1,1
51.0,89.0,97.0,1.0,15.0,0.0,0.0,3.0,0.2890348641768745,-64.28228302001953,0.0,0.0,0,1,0,0,1
52.0,2.0,70.0,4.0,35.0,1.0,1.0,1.0,0.2890382849651833,-62.741267395019534,0.0,0.0,0,0,0,0,0
52.0,2.0,93.0,29.0,9.0,1.0,0.0,1.0,0.2890340348948602,-60.007380676269534,0.0,-1.0,0,0,0,0,0
52.0,13.0,91.0,18.0,21.0,1.0,1.0,1.0,0.2890280226002568,-64.73264617919922,0.0,0.0,0,1,0,0,1
52.0,50.0,66.0,35.0,30.0,3.0,1.0,3.0,0.2890287482220193,-84.2804672241211,0.0,0.0,0,0,0,0,0
52.0,52.0,7.0,7.0,25.0,4.0,0.0,3.0,0.2890398398689601,-80.74526519775391,0.0,0.0,0,1,1,0,1
52.0,54.0,8.0,13.0,15.0,3.0,3.0,3.0,0.289035123327504,-62.9448959350586,0.0,0.0,0,0,0,0,0
52.0,56.0,76.0,14.0,4.0,3.0,3.0,1.0,0.2890357452890146,-77.92129058837891,0.0,0.0,0,1,1,0,1
52.0,79.0,29.0,31.0,35.0,2.0,1.0,3.0,-0.4525055885314943,-90.92641754150392,0.0,-8.0,1,1,0,1,1
52.0,94.0,11.0,26.0,20.0,3.0,0.0,2.0,0.2890361599300218,-63.480410766601565,0.0,0.0,0,1,0,0,1
52.0,96.0,23.0,34.0,8.0,3.0,0.0,1.0,0.2890327909718388,-63.63650054931641,0.0,0.0,0,1,0,0,1
53.0,21.0,31.0,28.0,5.0,0.0,2.0,1.0,0.2890339312346085,-67.11879272460938,0.0,0.0,0,1,0,0,1
53.0,39.0,37.0,1.0,28.0,2.0,1.0,0.0,0.2890347086864968,-80.66057891845703,0.0,0.0,0,0,0,0,0
53.0,39.0,90.0,33.0,19.0,4.0,0.0,1.0,0.2890334647634754,-79.59734649658203,0.0,0.0,0,0,0,0,0
53.0,46.0,9.0,3.0,0.0,3.0,2.0,0.0,0.2386091792065163,-63.01558227539063,0.0,0.0,1,1,1,1,1
53.0,48.0,70.0,10.0,27.0,3.0,2.0,3.0,0.289035123327504,-83.06675262451172,-1256.0,0.0,0,0,1,0,1
53.0,56.0,77.0,10.0,27.0,1.0,3.0,0.0,0.2890347605166227,-65.39406890869141,-1549.0,0.0,0,0,1,0,1
53.0,61.0,4.0,25.0,19.0,0.0,3.0,3.0,0.28903605626977,-61.41860504150391,0.0,0.0,1,0,0,0,1
53.0,78.0,99.0,30.0,10.0,0.0,1.0,0.0,0.2890200925909953,-75.70167083740235,0.0,0.0,0,1,0,0,1
53.0,88.0,18.0,0.0,25.0,2.0,0.0,0.0,0.2890368337216584,-64.14352722167969,0.0,0.0,0,0,0,0,0
53.0,98.0,23.0,34.0,8.0,3.0,0.0,1.0,0.2890332056128459,-63.01623840332032,0.0,0.0,0,1,0,0,1
54.0,19.0,19.0,12.0,36.0,0.0,0.0,3.0,0.2890336202538531,-62.68874664306641,0.0,0.0,0,0,0,0,0
54.0,22.0,60.0,19.0,12.0,2.0,0.0,1.0,0.289035071497378,-61.19485778808594,0.0,0.0,0,0,0,0,0
54.0,29.0,79.0,30.0,2.0,1.0,2.0,3.0,0.181945686754973,-74.25592346191407,0.0,0.0,0,0,0,0,0
54.0,30.0,68.0,13.0,33.0,4.0,2.0,3.0,0.2890356416287629,-84.60525054931641,0.0,0.0,0,0,0,0,0
54.0,44.0,9.0,3.0,0.0,3.0,2.0,0.0,-5.316134825996731,-48.15962524414063,-1320.0,-89.0,1,1,1,1,1
54.0,45.0,74.0,2.0,6.0,0.0,0.0,1.0,0.2890377148337986,-64.64245910644532,0.0,0.0,0,0,0,0,0
54.0,57.0,34.0,0.0,19.0,4.0,2.0,3.0,0.2890368855517843,-77.24393768310547,-1457.0,0.0,0,1,1,0,1
54.0,83.0,52.0,14.0,35.0,0.0,2.0,0.0,0.2890358489492665,-64.13669891357422,0.0,0.0,0,0,1,0,1
54.0,88.0,43.0,3.0,36.0,0.0,0.0,3.0,0.2890452820321787,-63.84124298095704,0.0,0.0,0,0,0,0,0
54.0,90.0,30.0,17.0,36.0,0.0,3.0,3.0,0.2890383886254352,-64.19498748779297,0.0,0.0,0,1,1,0,1
55.0,9.0,65.0,21.0,19.0,0.0,2.0,2.0,0.2890310287475586,-60.37137145996094,0.0,0.0,0,1,0,0,1
55.0,16.0,58.0,28.0,9.0,1.0,3.0,0.0,0.2890340348948602,-67.26989288330078,0.0,0.0,0,1,0,0,1
55.0,17.0,50.0,30.0,31.0,3.0,1.0,3.0,0.2890200407608695,-86.82594604492188,0.0,0.0,0,0,0,0,0
55.0,30.0,97.0,32.0,26.0,1.0,0.0,0.0,0.2890377148337986,-63.26858825683594,0.0,0.0,0,1,0,0,1
55.0,64.0,90.0,37.0,14.0,0.0,3.0,1.0,0.2890343458756156,-66.07924957275391,0.0,0.0,0,0,0,0,0
56.0,3.0,75.0,22.0,29.0,1.0,0.0,1.0,0.2443026148754616,-63.099612426757815,0.0,0.0,0,1,0,0,1
56.0,20.0,16.0,26.0,3.0,1.0,1.0,3.0,0.28903605626977,-62.67288513183594,0.0,0.0,0,1,0,0,1
56.0,27.0,70.0,33.0,11.0,3.0,2.0,1.0,0.2890320653500764,-85.3989974975586,0.0,0.0,1,1,0,0,1
56.0,47.0,99.0,1.0,32.0,4.0,2.0,1.0,0.2890348641768745,-83.40902252197266,-1.0,0.0,0,0,0,0,0
56.0,58.0,66.0,18.0,34.0,2.0,0.0,2.0,0.2890284890713899,-77.40448303222657,0.0,0.0,0,1,1,0,1
56.0,64.0,88.0,37.0,14.0,0.0,3.0,1.0,0.2890342940454897,-64.71588439941407,0.0,0.0,0,0,0,0,0
56.0,70.0,16.0,31.0,6.0,4.0,0.0,2.0,0.2890394770580788,-77.29242248535157,0.0,0.0,0,1,0,0,1
56.0,87.0,41.0,3.0,36.0,0.0,0.0,3.0,0.2890453856924305,-63.43970794677735,0.0,0.0,0,0,0,0,0
57.0,17.0,31.0,29.0,25.0,3.0,3.0,3.0,0.2890339312346085,-78.44757385253907,-61.0,0.0,0,1,1,0,1
57.0,26.0,34.0,23.0,35.0,0.0,0.0,0.0,0.1853138674860415,7.268220949172974,0.0,0.0,1,1,1,0,1
57.0,29.0,90.0,13.0,36.0,2.0,2.0,3.0,0.2890350196672522,-82.40162963867188,-1866.0,0.0,0,0,1,0,1
57.0,43.0,71.0,0.0,20.0,0.0,3.0,1.0,0.289037041042162,-63.89021606445313,0.0,0.0,0,0,0,0,0
57.0,64.0,35.0,4.0,38.0,3.0,2.0,2.0,0.289037973984428,-62.039309692382815,0.0,0.0,0,1,0,0,1
57.0,89.0,55.0,37.0,15.0,4.0,3.0,1.0,0.2890344495358674,-65.27423400878907,0.0,0.0,0,1,0,0,1
57.0,92.0,95.0,38.0,14.0,3.0,0.0,1.0,0.2890356416287629,-62.949221801757815,0.0,0.0,0,0,0,0,0
58.0,0.0,39.0,19.0,35.0,4.0,1.0,2.0,0.2890347086864968,-82.03708953857422,0.0,0.0,0,1,0,0,1
58.0,3.0,31.0,11.0,13.0,3.0,1.0,0.0,0.2890328946320906,-69.35015411376953,0.0,0.0,0,1,0,0,1
58.0,14.0,81.0,1.0,0.0,3.0,2.0,3.0,0.2890348641768745,-64.56238098144532,0.0,0.0,0,1,0,0,1
58.0,33.0,69.0,31.0,15.0,4.0,0.0,2.0,0.2890398398689601,-75.67374725341797,0.0,0.0,0,0,0,0,0
58.0,68.0,84.0,1.0,38.0,1.0,0.0,1.0,0.2890348641768745,-64.48668975830078,0.0,0.0,0,0,0,0,0
58.0,72.0,5.0,12.0,36.0,3.0,2.0,2.0,0.2890335165936013,-63.6522705078125,0.0,0.0,0,0,0,0,0
58.0,74.0,76.0,25.0,17.0,4.0,0.0,2.0,0.2890361599300218,-72.79851837158203,-2.0,0.0,0,1,1,0,1
59.0,2.0,32.0,28.0,34.0,4.0,0.0,3.0,-1.0,-1.0,0.0,0.0,0,0,0,0,0
59.0,17.0,14.0,23.0,22.0,2.0,0.0,2.0,0.2890333092730978,-84.48350067138672,-921.0,0.0,0,0,1,0,1
59.0,21.0,36.0,1.0,30.0,0.0,2.0,2.0,0.2890345013659933,-63.079348754882815,0.0,0.0,0,1,0,0,1
59.0,51.0,18.0,0.0,38.0,4.0,1.0,0.0,0.2890373001927914,-64.5729248046875,0.0,0.0,1,1,1,0,1
59.0,58.0,21.0,30.0,20.0,3.0,0.0,2.0,-0.4830865030703337,-87.29516143798828,0.0,-4.0,0,0,0,0,0
59.0,74.0,50.0,27.0,3.0,1.0,0.0,2.0,0.2890258975650952,-66.38297576904297,0.0,0.0,0,1,0,0,1
59.0,77.0,4.0,38.0,29.0,3.0,0.0,1.0,0.2890358489492665,-64.57895965576172,0.0,0.0,0,1,0,0,1
59.0,79.0,1.0,30.0,9.0,2.0,0.0,0.0,0.2890208182127579,-83.62990112304688,0.0,0.0,0,0,0,0,0
60.0,14.0,79.0,1.0,0.0,3.0,2.0,3.0,0.2890347086864968,-64.04744262695313,0.0,0.0,0,1,0,0,1
60.0,73.0,64.0,10.0,11.0,1.0,3.0,2.0,0.289035123327504,-61.61826629638672,0.0,0.0,0,1,0,0,1
61.0,17.0,50.0,38.0,27.0,1.0,1.0,3.0,-0.4286684989929199,-63.86944122314453,0.0,0.0,1,0,0,0,1
61.0,70.0,45.0,29.0,1.0,0.0,1.0,2.0,0.2890338794044825,-60.8153564453125,0.0,0.0,0,1,0,0,1
61.0,73.0,19.0,14.0,14.0,2.0,2.0,0.0,0.2890354861383852,-63.93447418212891,0.0,0.0,0,0,0,0,0
61.0,74.0,33.0,19.0,26.0,1.0,1.0,3.0,0.2890356416287629,-59.91484375,0.0,0.0,0,0,0,0,0
61.0,75.0,32.0,19.0,26.0,1.0,1.0,3.0,0.289034656856371,-58.14903564453125,0.0,0.0,0,0,0,0,0
61.0,83.0,58.0,16.0,30.0,0.0,2.0,1.0,0.2890232542286748,-66.52642364501953,0.0,0.0,0,0,0,0,0
61.0,92.0,72.0,16.0,3.0,4.0,0.0,2.0,0.2890237206998078,-82.81630249023438,0.0,0.0,0,1,0,0,1
62.0,2.0,22.0,3.0,38.0,0.0,3.0,3.0,0.2890455411828082,-63.21896667480469,0.0,0.0,1,1,0,1,1
62.0,4.0,28.0,24.0,16.0,2.0,2.0,2.0,0.2890249646228292,-74.74221343994141,0.0,0.0,0,0,0,0,0
62.0,10.0,61.0,13.0,16.0,4.0,1.0,0.0,0.2890353306480075,-78.99438781738282,0.0,0.0,0,1,0,0,1
62.0,36.0,33.0,14.0,13.0,0.0,1.0,0.0,-0.0235828938691513,-61.9523422241211,0.0,0.0,0,1,0,0,1
62.0,40.0,44.0,2.0,22.0,3.0,3.0,1.0,0.2890374038530432,-75.01038665771485,0.0,0.0,0,0,0,0,0
62.0,43.0,4.0,18.0,1.0,4.0,0.0,0.0,0.2890286445617676,-77.09757537841797,0.0,0.0,0,1,0,0,1
62.0,44.0,17.0,32.0,8.0,0.0,2.0,2.0,0.2890375593434209,-65.86256713867188,0.0,0.0,0,0,0,0,0
62.0,52.0,22.0,23.0,4.0,4.0,1.0,2.0,0.2890327909718388,-66.98404998779297,0.0,0.0,0,1,0,0,1
62.0,60.0,95.0,36.0,21.0,3.0,0.0,1.0,0.2890301994655443,-64.46689147949219,0.0,0.0,0,0,0,0,0
62.0,65.0,91.0,12.0,5.0,2.0,2.0,0.0,0.2890340867249861,-62.81679077148438,0.0,0.0,0,0,0,0,0
62.0,73.0,98.0,29.0,26.0,3.0,1.0,2.0,0.2890341903852379,-90.18999786376952,0.0,0.0,0,1,1,0,1
62.0,89.0,78.0,21.0,17.0,0.0,3.0,1.0,0.2890308732571809,-61.322268676757815,0.0,0.0,0,1,0,0,1
62.0,91.0,60.0,6.0,36.0,2.0,3.0,2.0,0.2890282817508862,-82.25539703369141,0.0,0.0,0,1,0,0,1
63.0,6.0,70.0,12.0,9.0,4.0,1.0,3.0,0.2890335165936013,-76.2125961303711,-1523.0,0.0,0,1,1,0,1
63.0,10.0,17.0,29.0,1.0,4.0,1.0,3.0,0.2890338794044825,-80.64987487792969,0.0,0.0,0,1,0,0,1
63.0,11.0,97.0,22.0,35.0,4.0,1.0,0.0,0.2890356416287629,-69.08299560546875,0.0,0.0,0,0,0,0,0
63.0,17.0,48.0,38.0,27.0,1.0,1.0,3.0,0.2890362117601477,-62.7472412109375,0.0,0.0,1,0,0,0,1
63.0,29.0,45.0,28.0,22.0,2.0,2.0,2.0,0.2890338794044825,-80.32152862548828,-4.0,0.0,0,0,1,0,1
63.0,42.0,47.0,27.0,14.0,4.0,1.0,0.0,0.2890239798504372,-80.81396789550782,0.0,0.0,0,1,1,0,1
63.0,42.0,72.0,27.0,4.0,3.0,0.0,3.0,0.2890258975650952,-66.29461212158203,0.0,0.0,0,1,0,0,1
63.0,52.0,12.0,2.0,17.0,3.0,1.0,3.0,0.2890374038530432,-67.5875732421875,-1164.0,0.0,0,1,1,0,1
63.0,58.0,72.0,22.0,25.0,4.0,3.0,0.0,0.2890354343082593,-64.91616363525391,0.0,0.0,0,0,0,0,0
63.0,59.0,85.0,13.0,24.0,2.0,2.0,3.0,-0.454233915909477,-63.736758422851565,0.0,0.0,0,1,0,0,1
63.0,75.0,67.0,36.0,21.0,3.0,1.0,2.0,0.2890298884847889,-64.44916076660157,0.0,0.0,0,0,0,0,0
63.0,96.0,3.0,26.0,13.0,0.0,1.0,2.0,0.2890360044396441,-63.43369598388672,0.0,0.0,0,0,0,0,0
64.0,5.0,12.0,2.0,5.0,0.0,0.0,2.0,0.2890371447024137,-64.6488525390625,0.0,0.0,0,0,0,0,0
64.0,34.0,5.0,28.0,8.0,0.0,2.0,2.0,0.1817030699356742,7.247630167007447,0.0,0.0,0,1,0,0,1
64.0,36.0,94.0,15.0,32.0,2.0,2.0,1.0,0.2890351751576299,-84.0731918334961,-2122.0,0.0,0,0,1,0,1
64.0,41.0,73.0,27.0,4.0,3.0,0.0,3.0,0.2890253274337104,-66.36946411132813,0.0,0.0,0,1,0,0,1
64.0,63.0,9.0,22.0,38.0,2.0,3.0,1.0,0.2890354343082593,-64.69459838867188,0.0,0.0,0,0,0,0,0
64.0,72.0,76.0,2.0,13.0,2.0,1.0,0.0,0.2890374556831691,-78.16819305419922,0.0,0.0,0,1,0,0,1
64.0,95.0,64.0,10.0,31.0,0.0,1.0,3.0,0.2890346050262451,-63.023127746582034,0.0,0.0,0,0,0,0,0
65.0,8.0,6.0,13.0,30.0,0.0,2.0,0.0,0.2890351751576299,-59.346682739257815,0.0,0.0,0,1,0,0,1
65.0,20.0,81.0,6.0,24.0,2.0,3.0,1.0,0.289027918940005,-62.18312377929688,0.0,0.0,0,1,0,0,1
65.0,22.0,25.0,33.0,8.0,1.0,2.0,0.0,0.2890324799910835,-73.15811462402344,0.0,0.0,0,1,0,0,1
65.0,30.0,82.0,22.0,38.0,0.0,0.0,0.0,0.2890354343082593,-65.55772705078125,0.0,0.0,0,0,0,0,0
65.0,38.0,94.0,15.0,32.0,2.0,2.0,1.0,0.289035071497378,-83.80657501220703,0.0,0.0,0,0,1,0,1
65.0,51.0,67.0,24.0,22.0,0.0,0.0,0.0,0.2890252237734586,-62.14873046875,0.0,0.0,0,0,0,0,0
65.0,57.0,74.0,22.0,25.0,4.0,3.0,0.0,0.2890355897986369,-64.69369812011719,0.0,0.0,0,0,0,0,0
65.0,63.0,11.0,22.0,38.0,2.0,3.0,1.0,0.2890352788178816,-65.06286926269532,0.0,0.0,0,0,0,0,0
65.0,67.0,36.0,33.0,2.0,1.0,2.0,2.0,0.2890326354814612,-73.30315704345703,0.0,0.0,1,1,0,1,1
65.0,72.0,27.0,20.0,25.0,0.0,2.0,3.0,0.289032739141713,-64.86448211669922,0.0,0.0,0,0,0,0,0
65.0,76.0,12.0,31.0,32.0,4.0,2.0,0.0,0.2890398398689601,-89.55421752929688,-282.0,0.0,0,0,0,0,0
65.0,76.0,13.0,31.0,32.0,4.0,2.0,0.0,-0.2824705372685971,-91.1264907836914,-215.0,0.0,0,0,0,0,0
65.0,91.0,28.0,32.0,36.0,4.0,2.0,2.0,0.2890377666639244,-83.40805358886719,-1.0,0.0,0,0,0,0,0
65.0,95.0,87.0,4.0,26.0,1.0,0.0,3.0,0.2890381813049316,-61.50374145507813,0.0,0.0,0,0,0,0,0
65.0,97.0,3.0,16.0,8.0,3.0,1.0,1.0,0.2890235133793042,-84.21509094238282,0.0,0.0,0,0,1,0,1
66.0,10.0,53.0,15.0,26.0,4.0,0.0,2.0,0.2890350196672522,-62.44569702148438,0.0,0.0,0,0,0,0,0
66.0,12.0,52.0,15.0,26.0,4.0,0.0,2.0,0.2890355897986369,-63.5111572265625,0.0,0.0,0,0,0,0,0
66.0,29.0,43.0,29.0,10.0,4.0,2.0,1.0,0.289034138555112,-91.847705078125,-263.0,0.0,0,1,1,0,1
66.0,31.0,45.0,29.0,10.0,4.0,2.0,1.0,0.2890340348948602,-69.3917724609375,-1.0,0.0,0,1,1,0,1
66.0,37.0,37.0,16.0,6.0,0.0,3.0,0.0,0.2890235133793042,-67.06691284179688,0.0,0.0,0,1,0,0,1
66.0,48.0,52.0,7.0,37.0,2.0,0.0,1.0,0.2890398398689601,-76.25868530273438,0.0,0.0,0,0,0,0,0
66.0,51.0,59.0,1.0,12.0,2.0,2.0,0.0,0.2890347605166227,-64.6741439819336,0.0,0.0,0,1,0,0,1
66.0,55.0,81.0,10.0,28.0,1.0,1.0,3.0,-1.0,-1.0,0.0,0.0,0,0,0,0,0
66.0,65.0,86.0,28.0,28.0,0.0,1.0,0.0,0.2890338794044825,-67.0628158569336,0.0,0.0,0,1,0,0,1
66.0,70.0,17.0,5.0,9.0,0.0,2.0,3.0,0.2890353824781334,-61.8664047241211,0.0,0.0,0,1,0,0,1
66.0,70.0,42.0,4.0,8.0,2.0,2.0,0.0,0.2890399953593378,-78.25612182617188,-2.0,0.0,0,1,1,0,1
66.0,74.0,28.0,20.0,25.0,0.0,2.0,3.0,0.2890323245007058,-64.82052917480469,0.0,0.0,0,0,0,0,0
66.0,83.0,54.0,3.0,13.0,4.0,2.0,2.0,0.2890458521635636,-72.19286651611328,0.0,0.0,0,1,1,0,1
66.0,85.0,47.0,35.0,3.0,3.0,0.0,3.0,0.2890313915584398,-68.75670928955078,0.0,0.0,0,0,0,0,0
67.0,8.0,36.0,38.0,23.0,4.0,2.0,1.0,0.2890362117601477,-75.55228729248047,-3.0,0.0,0,0,0,0,0
67.0,9.0,24.0,12.0,15.0,3.0,2.0,2.0,0.2890332574429719,-63.63221282958985,0.0,0.0,0,0,0,0,0
67.0,18.0,93.0,20.0,34.0,1.0,0.0,1.0,0.2890324281609576,-66.00142974853516,0.0,0.0,0,0,0,0,0
67.0,32.0,67.0,10.0,25.0,2.0,3.0,1.0,0.2890349160070004,-77.22105712890625,-1.0,0.0,0,1,1,0,1
67.0,32.0,80.0,22.0,38.0,0.0,0.0,0.0,0.289035123327504,-65.02599639892578,0.0,0.0,0,0,0,0,0
67.0,39.0,95.0,28.0,27.0,4.0,0.0,2.0,0.2890337757442308,-67.55015106201172,0.0,0.0,0,1,0,0,1
67.0,49.0,57.0,1.0,12.0,2.0,2.0,0.0,0.2890347605166227,-64.6741439819336,0.0,0.0,0,1,0,0,1
67.0,54.0,94.0,37.0,21.0,2.0,2.0,3.0,0.2890342940454897,-76.96774597167969,-70.0,0.0,0,1,0,0,1
67.0,69.0,44.0,4.0,8.0,2.0,2.0,0.0,0.2890383367953092,-74.18553466796875,-1168.0,0.0,0,1,1,0,1
67.0,71.0,19.0,5.0,9.0,0.0,2.0,3.0,0.2890353824781334,-62.90818328857422,0.0,0.0,0,1,0,0,1
67.0,76.0,10.0,8.0,10.0,3.0,3.0,3.0,0.2890343458756156,-60.91358489990235,0.0,0.0,0,0,0,0,0
67.0,83.0,13.0,5.0,32.0,0.0,2.0,0.0,0.2890354861383852,-62.673213195800784,0.0,0.0,0,1,0,0,1
67.0,85.0,6.0,9.0,1.0,2.0,3.0,1.0,0.2890142876168955,-77.36102600097657,0.0,0.0,0,1,0,0,1
67.0,94.0,41.0,30.0,8.0,0.0,0.0,1.0,0.182275689166525,-75.991748046875,0.0,0.0,0,0,0,0,0
68.0,11.0,38.0,26.0,23.0,2.0,3.0,1.0,-0.3576237015102221,7.226419019699097,0.0,-2.0,0,1,0,0,1
68.0,38.0,20.0,23.0,28.0,0.0,2.0,1.0,0.289032739141713,-67.18612976074219,0.0,0.0,0,1,0,0,1
68.0,50.0,50.0,7.0,37.0,2.0,0.0,1.0,0.2890397362087084,-80.46313781738282,0.0,0.0,0,0,0,0,0
68.0,79.0,39.0,36.0,6.0,4.0,1.0,2.0,0.2890300439751666,-64.75782318115235,0.0,0.0,0,0,0,0,0
68.0,79.0,73.0,33.0,6.0,2.0,2.0,2.0,0.2890334647634754,-73.0778076171875,0.0,0.0,0,0,0,0,0
69.0,5.0,68.0,27.0,10.0,1.0,0.0,0.0,0.2890240835106891,-63.47989196777344,0.0,0.0,0,1,0,0,1
69.0,6.0,28.0,2.0,24.0,2.0,1.0,2.0,-0.5113268727841587,-82.07169647216797,0.0,-4.0,0,1,0,0,1
69.0,31.0,78.0,2.0,2.0,1.0,2.0,3.0,0.2890374038530432,-63.88972778320313,0.0,0.0,0,1,0,0,1
69.0,34.0,81.0,18.0,37.0,0.0,2.0,2.0,0.2890284890713899,-68.95700378417969,0.0,0.0,0,0,0,0,0
69.0,54.0,41.0,25.0,33.0,3.0,3.0,3.0,0.2890358489492665,-83.10376281738282,0.0,0.0,0,0,0,0,0
69.0,67.0,15.0,16.0,12.0,2.0,0.0,2.0,0.2890239280203114,-84.12613983154297,0.0,0.0,0,0,0,0,0
70.0,3.0,31.0,3.0,35.0,3.0,3.0,3.0,0.2890460594840671,-76.8488265991211,0.0,0.0,0,1,1,0,1
70.0,7.0,77.0,30.0,38.0,3.0,2.0,1.0,0.2890200925909953,-77.366015625,0.0,0.0,0,1,0,0,1
70.0,37.0,12.0,20.0,31.0,0.0,2.0,2.0,0.2890325836513353,-65.76488037109375,0.0,0.0,0,1,0,0,1
70.0,39.0,59.0,20.0,38.0,2.0,1.0,0.0,0.2890324799910835,-65.44606323242188,0.0,0.0,0,0,0,0,0
70.0,52.0,27.0,31.0,23.0,1.0,3.0,1.0,0.2890394770580788,-70.51375885009766,0.0,0.0,0,0,1,0,1
70.0,63.0,22.0,29.0,20.0,1.0,2.0,1.0,0.2890340348948602,-59.79299468994141,0.0,0.0,0,0,0,0,0
70.0,65.0,15.0,16.0,12.0,2.0,0.0,2.0,0.2890235133793042,-83.73944396972657,0.0,0.0,0,0,0,0,0
70.0,92.0,11.0,13.0,20.0,2.0,0.0,0.0,0.2890352788178816,-86.81650085449219,0.0,0.0,0,1,0,0,1
71.0,11.0,2.0,37.0,1.0,0.0,0.0,1.0,0.2890342940454897,-64.09285278320313,0.0,0.0,0,0,0,0,0
71.0,12.0,29.0,38.0,10.0,3.0,2.0,0.0,0.2890362117601477,-68.89937896728516,-1.0,0.0,0,0,0,0,0
71.0,12.0,51.0,14.0,9.0,1.0,2.0,0.0,0.2890358489492665,-63.05257720947266,0.0,0.0,0,0,0,0,0
71.0,15.0,32.0,36.0,35.0,4.0,0.0,1.0,0.2890300439751666,-76.2667953491211,0.0,0.0,0,1,1,0,1
71.0,22.0,8.0,7.0,3.0,1.0,1.0,1.0,0.2890396843785824,-58.55350036621094,0.0,0.0,0,0,0,0,0
71.0,62.0,21.0,29.0,20.0,1.0,2.0,1.0,0.2890339312346085,-60.1158935546875,0.0,0.0,0,0,0,0,0
71.0,72.0,5.0,25.0,30.0,2.0,2.0,2.0,0.28903605626977,-77.29906005859375,0.0,0.0,0,0,0,0,0
71.0,73.0,76.0,20.0,22.0,2.0,3.0,2.0,-1.8251297577567724,7.408376979827882,-1.0,-14.0,0,1,0,0,1
71.0,78.0,33.0,36.0,37.0,2.0,0.0,0.0,0.2890300439751666,-81.72479553222657,0.0,0.0,0,0,0,0,0
71.0,91.0,31.0,35.0,27.0,2.0,1.0,2.0,0.2890308732571809,-93.54471130371094,-250.0,0.0,0,1,1,0,1
71.0,92.0,36.0,9.0,29.0,0.0,0.0,3.0,0.2890183821968409,-64.74705047607422,0.0,0.0,0,0,0,0,0
71.0,99.0,33.0,25.0,33.0,0.0,0.0,2.0,0.120299194170081,-63.02901763916016,0.0,0.0,1,1,0,0,1
72.0,3.0,30.0,3.0,35.0,3.0,3.0,3.0,-0.2402547960696013,-84.17158813476563,-1098.0,-5.0,0,1,1,0,1
72.0,15.0,30.0,36.0,35.0,4.0,0.0,1.0,0.2890299403149148,-75.82867736816407,0.0,0.0,0,1,1,0,1
72.0,28.0,2.0,20.0,37.0,1.0,0.0,3.0,0.2890322208404541,-67.09947509765625,0.0,0.0,0,0,0,0,0
72.0,35.0,87.0,17.0,1.0,2.0,3.0,2.0,0.2890382849651833,-75.99981994628907,0.0,0.0,0,0,1,0,1
72.0,40.0,90.0,4.0,21.0,0.0,1.0,3.0,0.289037041042162,-62.13439483642578,0.0,0.0,0,1,0,0,1
72.0,74.0,74.0,20.0,22.0,2.0,3.0,2.0,0.289032739141713,-77.78038330078125,0.0,0.0,0,1,0,0,1
72.0,91.0,56.0,0.0,27.0,3.0,3.0,0.0,0.2890371447024137,-61.77452392578125,-923.0,0.0,0,0,1,0,1
72.0,92.0,54.0,0.0,27.0,3.0,3.0,0.0,0.2890362117601477,-62.93149871826172,-292.0,0.0,0,0,1,0,1
73.0,2.0,57.0,11.0,19.0,3.0,1.0,1.0,-0.5798207987909734,-86.06263275146485,0.0,-4.0,0,1,0,0,1
73.0,22.0,7.0,7.0,3.0,1.0,1.0,1.0,0.2890398398689601,-60.019839477539065,0.0,0.0,0,0,0,0,0
73.0,28.0,34.0,1.0,35.0,1.0,1.0,3.0,0.2890346050262451,-63.76983184814453,0.0,0.0,0,0,0,0,0
73.0,51.0,51.0,29.0,22.0,1.0,3.0,1.0,0.2890340348948602,-60.22250671386719,0.0,0.0,0,0,0,0,0
73.0,57.0,92.0,4.0,10.0,3.0,2.0,3.0,0.2890380258145539,-78.96811218261719,0.0,0.0,0,1,1,0,1
73.0,58.0,21.0,10.0,20.0,1.0,3.0,3.0,-1.043781487838082,-57.73130340576172,-1.0,-3.0,0,0,0,0,0
73.0,64.0,99.0,10.0,38.0,4.0,0.0,1.0,0.2890346050262451,-61.95101470947266,0.0,0.0,0,1,0,0,1
73.0,77.0,61.0,7.0,14.0,2.0,1.0,0.0,0.2890398398689601,-78.52782745361328,0.0,0.0,0,0,0,0,0
73.0,79.0,83.0,10.0,18.0,4.0,2.0,2.0,0.289035123327504,-61.606623840332034,0.0,0.0,0,1,0,0,1
73.0,92.0,86.0,11.0,34.0,2.0,2.0,3.0,0.2890328946320906,-90.40153045654296,-651.0,-1.0,0,1,0,0,1
74.0,26.0,27.0,19.0,21.0,4.0,2.0,0.0,0.2890353306480075,-62.22879333496094,0.0,0.0,0,0,0,0,0
74.0,37.0,71.0,34.0,29.0,2.0,0.0,0.0,0.2890329982923424,-64.59664459228516,0.0,0.0,0,1,0,0,1
74.0,39.0,23.0,7.0,18.0,4.0,2.0,2.0,0.2890396843785824,-61.0791732788086,0.0,0.0,0,1,0,0,1
74.0,49.0,7.0,7.0,6.0,0.0,0.0,0.0,0.2890398398689601,-62.15932006835938,0.0,0.0,0,0,0,0,0
74.0,56.0,39.0,19.0,29.0,1.0,0.0,2.0,0.06086019847704,-61.57628936767578,0.0,0.0,0,0,0,0,0
74.0,66.0,45.0,8.0,33.0,4.0,2.0,1.0,0.2890339312346085,-82.6359359741211,0.0,0.0,0,1,0,0,1
74.0,77.0,61.0,7.0,14.0,2.0,1.0,0.0,0.2890398398689601,-73.5551025390625,-1.0,0.0,0,0,0,0,0
74.0,79.0,38.0,37.0,18.0,3.0,0.0,3.0,0.2890342940454897,-65.0115234375,0.0,0.0,0,0,0,0,0
74.0,81.0,77.0,29.0,16.0,0.0,1.0,3.0,0.289034138555112,-60.52400512695313,0.0,0.0,0,1,0,0,1
74.0,81.0,98.0,8.0,12.0,1.0,0.0,1.0,-0.422190458878227,-61.04815216064453,0.0,0.0,1,1,0,0,1
74.0,85.0,51.0,26.0,16.0,0.0,3.0,0.0,0.2890360044396441,-62.90325469970704,0.0,0.0,0,0,0,0,0
75.0,1.0,58.0,11.0,19.0,3.0,1.0,1.0,-0.5798207987909734,-86.06263275146485,0.0,-4.0,0,1,0,0,1
75.0,8.0,94.0,13.0,33.0,2.0,0.0,0.0,0.2890353306480075,-79.21300811767578,0.0,0.0,0,0,0,0,0
75.0,27.0,51.0,3.0,6.0,2.0,1.0,0.0,0.2890453856924305,-75.16991729736328,0.0,0.0,0,0,0,0,0
75.0,29.0,92.0,23.0,38.0,4.0,0.0,2.0,0.2890331537827201,-66.87364501953125,0.0,0.0,0,1,0,0,1
75.0,45.0,63.0,20.0,5.0,2.0,1.0,2.0,0.2890324281609576,-63.70531005859375,0.0,0.0,0,0,0,0,0
75.0,58.0,41.0,19.0,29.0,1.0,0.0,2.0,-0.2732011338938838,-62.73820037841797,0.0,0.0,0,0,0,0,0
75.0,67.0,30.0,36.0,28.0,3.0,1.0,1.0,0.2890299403149148,-83.16553802490235,0.0,0.0,0,1,0,0,1
75.0,71.0,32.0,9.0,19.0,2.0,0.0,2.0,0.2890212846838909,-86.64821166992188,0.0,0.0,0,1,0,0,1
75.0,85.0,83.0,6.0,8.0,0.0,1.0,2.0,0.2890278671098791,-61.8480712890625,0.0,0.0,0,1,0,0,1
75.0,89.0,27.0,17.0,13.0,2.0,2.0,3.0,0.2890399953593378,-84.66257781982422,0.0,0.0,0,1,0,0,1
75.0,91.0,29.0,17.0,13.0,2.0,2.0,3.0,0.2890383886254352,-65.70423431396485,0.0,0.0,0,1,0,0,1
76.0,15.0,95.0,37.0,37.0,2.0,2.0,2.0,0.2890341903852379,-82.45177764892578,0.0,0.0,0,0,0,0,0
76.0,28.0,90.0,23.0,38.0,4.0,0.0,2.0,0.2890331537827201,-66.43831939697266,0.0,0.0,0,1,0,0,1
76.0,29.0,46.0,20.0,14.0,3.0,1.0,1.0,0.2890324281609576,-79.24618072509766,0.0,0.0,0,0,1,0,1
76.0,29.0,53.0,29.0,9.0,2.0,1.0,2.0,0.2890338794044825,-72.2343017578125,-2705.0,0.0,0,1,1,0,1
76.0,44.0,23.0,30.0,33.0,3.0,2.0,3.0,0.2890201444211213,-84.60442657470703,0.0,0.0,0,0,0,0,0
76.0,44.0,85.0,20.0,35.0,0.0,1.0,0.0,0.2890318061994469,-66.39941711425782,0.0,0.0,0,0,0,0,0
76.0,63.0,7.0,31.0,7.0,0.0,3.0,2.0,0.2890395288882047,-71.45235748291016,-1182.0,0.0,0,0,1,0,1
76.0,80.0,2.0,32.0,6.0,1.0,1.0,0.0,0.2890378703241762,-63.76627655029297,0.0,0.0,0,1,0,0,1
77.0,41.0,66.0,6.0,0.0,3.0,1.0,3.0,0.2890281780906345,-61.92637939453125,0.0,0.0,0,0,0,0,0
77.0,45.0,35.0,27.0,26.0,2.0,1.0,1.0,0.2890249646228292,-66.82654876708985,0.0,0.0,0,1,0,0,1
77.0,53.0,12.0,25.0,22.0,3.0,2.0,2.0,0.2890358489492665,-82.20747680664063,0.0,0.0,0,1,0,0,1
77.0,56.0,91.0,25.0,1.0,4.0,0.0,1.0,0.2890358489492665,-63.067385864257815,0.0,0.0,1,1,0,0,1
77.0,77.0,89.0,7.0,26.0,1.0,1.0,3.0,0.2890397362087084,-61.26419372558594,0.0,0.0,0,1,0,0,1
77.0,93.0,63.0,30.0,20.0,0.0,0.0,2.0,0.2890204035717507,-77.92515869140625,0.0,0.0,0,1,0,0,1
77.0,93.0,88.0,29.0,20.0,0.0,3.0,0.0,0.2890338794044825,-59.60676879882813,0.0,0.0,0,0,0,0,0
77.0,94.0,32.0,13.0,26.0,4.0,2.0,1.0,0.2890350196672522,-63.50818939208985,0.0,0.0,0,1,0,0,1
78.0,9.0,48.0,29.0,18.0,1.0,3.0,0.0,0.289034138555112,-58.10396118164063,0.0,-1.0,0,0,0,0,0
78.0,12.0,83.0,27.0,33.0,2.0,1.0,2.0,0.2890262085458506,-83.58790130615235,0.0,0.0,0,0,1,0,1
78.0,19.0,48.0,25.0,22.0,2.0,3.0,2.0,0.2890359007793923,-76.36267395019532,0.0,0.0,0,1,1,0,1
78.0,22.0,33.0,28.0,37.0,2.0,3.0,2.0,0.2890338275743567,-81.93893737792969,0.0,0.0,0,1,0,0,1
78.0,25.0,75.0,11.0,24.0,4.0,0.0,0.0,0.2890329982923424,-69.43178863525391,0.0,0.0,0,1,0,0,1
78.0,61.0,18.0,31.0,13.0,1.0,2.0,1.0,0.2890409801317297,-88.07955474853516,0.0,0.0,0,1,0,0,1
78.0,77.0,80.0,5.0,21.0,3.0,2.0,0.0,0.2890352788178816,-62.37720794677735,0.0,0.0,0,0,1,0,1
78.0,91.0,45.0,34.0,25.0,3.0,0.0,2.0,0.2890340348948602,-63.361270141601565,0.0,0.0,0,0,0,0,0
78.0,93.0,33.0,13.0,26.0,4.0,2.0,1.0,0.2890351751576299,-63.34706420898438,0.0,0.0,0,1,0,0,1
79.0,31.0,12.0,35.0,31.0,0.0,0.0,2.0,-0.2395799678304921,-68.01488800048828,0.0,0.0,0,0,0,0,0
79.0,31.0,14.0,35.0,31.0,0.0,0.0,2.0,-0.1893786554751189,-61.72596282958985,0.0,0.0,0,0,0,0,0
79.0,45.0,35.0,37.0,32.0,1.0,0.0,1.0,0.2890341903852379,-86.75142211914063,0.0,0.0,0,1,0,0,1
79.0,49.0,10.0,19.0,16.0,2.0,1.0,0.0,0.2890351751576299,-82.5698959350586,0.0,0.0,0,1,0,0,1
79.0,50.0,10.0,12.0,11.0,4.0,2.0,3.0,0.2890335165936013,-82.421923828125,0.0,0.0,0,0,0,0,0
79.0,59.0,89.0,29.0,17.0,2.0,2.0,3.0,0.2890339312346085,-73.44470520019532,-3.0,0.0,0,1,1,0,1
79.0,65.0,29.0,23.0,34.0,4.0,3.0,2.0,0.2890331537827201,-77.55621643066407,0.0,0.0,0,1,0,0,1
79.0,68.0,71.0,23.0,35.0,2.0,3.0,3.0,0.2890331537827201,-79.67731018066407,0.0,0.0,0,0,0,0,0
79.0,75.0,32.0,5.0,10.0,3.0,1.0,2.0,-0.808337750642196,7.019913244247437,0.0,-3.0,0,1,0,0,1
79.0,87.0,86.0,32.0,14.0,3.0,2.0,3.0,0.2890373001927914,-84.19846649169922,0.0,0.0,0,0,0,0,0
79.0,96.0,5.0,20.0,9.0,1.0,1.0,3.0,0.2890320135199504,-64.99032135009766,0.0,0.0,0,1,0,0,1
80.0,9.0,91.0,25.0,1.0,3.0,3.0,2.0,0.2890358489492665,-77.18291778564453,0.0,0.0,0,0,1,0,1
80.0,12.0,26.0,12.0,29.0,1.0,3.0,1.0,0.2890333611032236,-62.46644897460938,0.0,0.0,0,0,1,0,1
80.0,13.0,23.0,31.0,26.0,4.0,1.0,1.0,0.2890405654907226,-78.17389221191407,0.0,0.0,0,1,0,0,1
80.0,41.0,22.0,6.0,17.0,3.0,3.0,2.0,0.2890282817508862,-94.74254150390624,-26.0,0.0,0,1,0,0,1
80.0,49.0,27.0,24.0,11.0,3.0,0.0,3.0,0.2890252237734586,-80.19588775634766,0.0,0.0,0,0,0,0,0
80.0,50.0,77.0,7.0,11.0,1.0,1.0,1.0,0.289039425227953,-63.06357879638672,0.0,0.0,0,0,0,0,0
80.0,62.0,18.0,31.0,13.0,1.0,2.0,1.0,0.2890405654907226,-73.68066711425782,0.0,0.0,0,1,0,0,1
80.0,91.0,98.0,15.0,20.0,0.0,1.0,0.0,0.2890358489492665,-63.22484893798829,0.0,0.0,0,1,0,0,1
80.0,92.0,46.0,34.0,25.0,3.0,0.0,2.0,0.2890332056128459,-63.21085662841797,0.0,0.0,0,0,0,0,0
80.0,95.0,34.0,17.0,5.0,1.0,1.0,1.0,0.2890383886254352,-65.14773101806641,0.0,0.0,0,1,0,0,1
80.0,99.0,57.0,28.0,2.0,0.0,3.0,2.0,0.2890337757442308,-64.3786117553711,0.0,0.0,0,1,0,0,1
81.0,18.0,60.0,1.0,3.0,2.0,1.0,0.0,0.2890350196672522,-71.87671203613282,-2.0,0.0,0,0,1,0,1
81.0,35.0,29.0,11.0,24.0,2.0,0.0,3.0,0.2890327909718388,-70.33955688476563,-10.0,0.0,0,1,1,0,1
81.0,53.0,48.0,18.0,8.0,1.0,1.0,2.0,0.2890281780906345,-64.67100067138672,0.0,0.0,0,0,0,0,0
81.0,57.0,11.0,22.0,4.0,0.0,0.0,3.0,0.2890356416287629,-62.142756652832034,0.0,-1.0,1,1,0,0,1
81.0,63.0,13.0,31.0,29.0,1.0,0.0,2.0,0.2890405654907226,-73.32896728515625,0.0,0.0,0,0,0,0,0
81.0,74.0,31.0,5.0,10.0,3.0,1.0,2.0,0.2890353306480075,-62.76494140625,0.0,0.0,0,1,0,0,1
81.0,76.0,76.0,32.0,35.0,2.0,1.0,3.0,0.2890377148337986,-75.41810150146485,0.0,0.0,0,0,1,0,1
81.0,77.0,47.0,10.0,18.0,0.0,0.0,1.0,0.289035123327504,-61.621890258789065,0.0,0.0,0,0,0,0,0
81.0,97.0,13.0,10.0,10.0,0.0,3.0,3.0,0.2890346050262451,-62.62808532714844,0.0,0.0,0,0,0,0,0
81.0,97.0,34.0,19.0,30.0,4.0,2.0,2.0,0.2890355897986369,-84.50171203613282,0.0,0.0,0,0,0,0,0
82.0,2.0,97.0,17.0,22.0,0.0,0.0,3.0,0.2890396843785824,-64.73426361083985,0.0,0.0,0,1,0,0,1
82.0,11.0,19.0,38.0,36.0,1.0,0.0,1.0,-0.1882997595745585,-61.41002197265625,0.0,0.0,0,0,0,0,0
82.0,27.0,81.0,19.0,34.0,1.0,2.0,1.0,0.2890353824781334,-62.9127685546875,0.0,0.0,0,0,0,0,0
82.0,29.0,5.0,3.0,22.0,0.0,2.0,3.0,-0.0401451069375744,-62.47950286865235,0.0,0.0,1,1,0,1,1
82.0,47.0,99.0,35.0,20.0,4.0,3.0,2.0,0.2890263122061024,-77.08211822509766,-4.0,0.0,0,0,0,0,0
82.0,73.0,22.0,21.0,14.0,2.0,3.0,2.0,0.2890308214270549,-62.15171356201172,0.0,0.0,0,0,0,0,0
82.0,85.0,10.0,4.0,29.0,2.0,2.0,2.0,0.2890378703241762,-61.29469604492188,-1.0,0.0,0,1,0,0,1
82.0,86.0,67.0,21.0,21.0,0.0,1.0,1.0,0.2890311324078103,-60.98074645996094,0.0,0.0,0,0,0,0,0
82.0,88.0,1.0,22.0,14.0,4.0,0.0,1.0,0.2890354343082593,-65.4049560546875,0.0,0.0,0,0,0,0,0
82.0,95.0,34.0,17.0,5.0,1.0,1.0,1.0,0.2890390105869458,-65.36157531738282,0.0,0.0,0,1,0,0,1
82.0,97.0,60.0,12.0,2.0,3.0,1.0,1.0,0.2890339830647344,-63.48689575195313,0.0,0.0,0,1,0,0,1
83.0,10.0,97.0,24.0,20.0,3.0,3.0,0.0,0.2890253274337104,-73.53668518066407,0.0,0.0,0,1,0,0,1
83.0,11.0,97.0,24.0,20.0,3.0,3.0,0.0,0.2890252237734586,-76.37684173583985,0.0,0.0,0,1,0,0,1
83.0,21.0,50.0,14.0,0.0,4.0,1.0,3.0,0.2890357452890146,-71.77522583007813,0.0,0.0,0,1,0,0,1
83.0,30.0,98.0,20.0,15.0,2.0,1.0,3.0,0.2890318061994469,-80.00670166015625,0.0,0.0,0,0,0,0,0
83.0,37.0,41.0,10.0,33.0,1.0,3.0,1.0,0.2890351751576299,-61.81822509765625,0.0,0.0,0,0,0,0,0
83.0,43.0,95.0,12.0,8.0,1.0,1.0,2.0,0.2890340348948602,-61.53584594726563,0.0,0.0,0,0,0,0,0
83.0,72.0,36.0,16.0,13.0,2.0,2.0,3.0,0.2890234615491783,-66.38502044677735,0.0,0.0,0,1,1,0,1
83.0,73.0,22.0,19.0,37.0,3.0,2.0,3.0,0.2890347605166227,-78.98013610839844,-1.0,0.0,0,0,0,0,0
83.0,74.0,47.0,35.0,20.0,2.0,0.0,2.0,0.2890299921450406,-67.05588836669922,0.0,0.0,0,1,0,0,1
83.0,82.0,34.0,1.0,20.0,2.0,1.0,1.0,0.2890350196672522,-64.67926330566407,0.0,0.0,0,0,0,0,0
84.0,10.0,17.0,38.0,36.0,1.0,0.0,1.0,0.2890357452890146,-58.60625762939453,0.0,0.0,0,0,0,0,0
84.0,21.0,17.0,10.0,24.0,0.0,3.0,3.0,0.289035123327504,-61.544482421875,0.0,0.0,0,0,0,0,0
84.0,27.0,82.0,19.0,34.0,1.0,2.0,1.0,0.2890354861383852,-62.76174468994141,0.0,0.0,0,0,0,0,0
84.0,33.0,83.0,38.0,3.0,2.0,3.0,1.0,0.1930742367454196,7.111430454254151,0.0,0.0,0,1,0,0,1
84.0,45.0,80.0,26.0,15.0,0.0,2.0,2.0,0.28903605626977,-62.86203308105469,0.0,0.0,0,0,0,0,0
84.0,66.0,59.0,26.0,12.0,0.0,1.0,2.0,0.2890358489492665,-63.0160629272461,0.0,0.0,0,0,0,0,0
84.0,75.0,53.0,18.0,35.0,4.0,2.0,1.0,0.2890281780906345,-71.2956039428711,0.0,0.0,0,0,1,0,1
84.0,88.0,55.0,36.0,17.0,2.0,1.0,3.0,0.289030354955922,-82.20569915771485,0.0,0.0,0,0,1,0,1
85.0,0.0,39.0,3.0,33.0,0.0,3.0,0.0,0.2890452302020528,-63.21953125,0.0,0.0,0,0,0,0,0
85.0,20.0,49.0,14.0,0.0,4.0,1.0,3.0,0.2890357452890146,-71.77522583007813,0.0,0.0,0,1,0,0,1
85.0,22.0,87.0,22.0,20.0,3.0,2.0,3.0,0.2890351751576299,-64.55772705078125,0.0,0.0,0,1,0,0,1
85.0,33.0,44.0,30.0,17.0,1.0,0.0,2.0,0.2890211810236391,-78.13604278564453,0.0,0.0,0,0,0,0,0
85.0,34.0,74.0,26.0,3.0,2.0,2.0,0.0,0.2890361599300218,-68.92584533691407,0.0,0.0,0,1,1,0,1
85.0,34.0,85.0,38.0,3.0,2.0,3.0,1.0,0.2890356416287629,-70.95553131103516,0.0,0.0,0,1,0,0,1
85.0,35.0,86.0,18.0,12.0,1.0,3.0,2.0,0.2890284890713899,-64.22074432373047,0.0,0.0,0,0,0,0,0
85.0,36.0,64.0,24.0,33.0,3.0,1.0,3.0,0.2890250164529551,-77.19512481689453,0.0,0.0,0,0,0,0,0
85.0,39.0,68.0,25.0,10.0,2.0,2.0,2.0,0.2890360044396441,-72.09635467529297,-1.0,0.0,0,1,0,0,1
85.0,64.0,61.0,16.0,5.0,2.0,3.0,0.0,0.2890232542286748,-66.10258026123047,0.0,0.0,0,1,0,0,1
85.0,73.0,47.0,35.0,20.0,2.0,0.0,2.0,0.2890304586161737,-64.25484008789063,0.0,0.0,0,1,0,0,1
85.0,83.0,78.0,11.0,6.0,1.0,1.0,1.0,0.289032739141713,-68.26304168701172,0.0,0.0,0,1,0,0,1
86.0,3.0,52.0,38.0,28.0,3.0,0.0,2.0,0.28903605626977,-78.15547485351563,0.0,0.0,0,0,0,0,0
86.0,25.0,38.0,12.0,26.0,4.0,2.0,2.0,0.2890340348948602,-76.78014678955078,-1.0,0.0,0,1,0,0,1
86.0,26.0,45.0,30.0,17.0,2.0,2.0,3.0,0.2890215956646462,-87.60071105957032,0.0,0.0,0,0,0,0,0
86.0,39.0,49.0,16.0,36.0,4.0,2.0,1.0,0.2890235133793042,-82.82590026855469,0.0,0.0,0,0,0,0,0
86.0,47.0,44.0,30.0,31.0,2.0,1.0,1.0,0.2890221139659051,-87.11094970703125,0.0,0.0,0,0,0,0,0
86.0,48.0,9.0,27.0,27.0,3.0,3.0,1.0,0.2890253274337104,-67.95188446044922,0.0,0.0,0,1,0,0,1
86.0,53.0,80.0,2.0,1.0,0.0,2.0,2.0,0.2890374556831691,-63.82071228027344,0.0,0.0,0,1,0,0,1
86.0,58.0,58.0,17.0,27.0,4.0,2.0,0.0,0.2890404100003449,-79.37713928222657,0.0,0.0,0,1,1,0,1
86.0,69.0,12.0,18.0,31.0,4.0,2.0,2.0,0.2890280226002568,-84.25857086181641,0.0,0.0,0,0,1,0,1
86.0,77.0,59.0,29.0,37.0,2.0,1.0,0.0,0.289034138555112,-80.86902160644532,0.0,0.0,0,1,1,0,1
86.0,87.0,96.0,12.0,27.0,3.0,0.0,0.0,0.2890335165936013,-78.81357879638672,-1.0,0.0,0,0,0,0,0
87.0,2.0,40.0,3.0,33.0,0.0,3.0,0.0,0.2890453856924305,-63.20767517089844,0.0,0.0,0,0,0,0,0
87.0,4.0,54.0,38.0,28.0,3.0,0.0,2.0,0.2890358489492665,-81.86853332519532,0.0,0.0,0,0,0,0,0
87.0,30.0,2.0,2.0,4.0,0.0,2.0,2.0,0.2890374038530432,-64.70311279296875,0.0,0.0,0,1,0,0,1
87.0,37.0,64.0,24.0,33.0,3.0,1.0,3.0,0.2890249646228292,-78.79397888183594,0.0,0.0,0,0,0,0,0
87.0,45.0,6.0,20.0,22.0,2.0,1.0,2.0,0.2890318061994469,-82.57984466552735,0.0,0.0,0,0,0,0,0
87.0,50.0,54.0,10.0,18.0,2.0,3.0,2.0,0.2890352788178816,-78.50601501464844,0.0,0.0,0,0,1,0,1
87.0,60.0,74.0,25.0,25.0,4.0,2.0,3.0,0.2890358489492665,-62.7199203491211,0.0,0.0,0,1,0,0,1
87.0,65.0,0.0,8.0,14.0,1.0,0.0,1.0,0.2890340348948602,-62.5936767578125,0.0,0.0,0,0,0,0,0
87.0,67.0,1.0,8.0,14.0,1.0,0.0,1.0,0.2890343458756156,-63.00664825439453,0.0,0.0,0,0,0,0,0
87.0,71.0,18.0,11.0,38.0,3.0,1.0,3.0,-0.5550633098768152,-85.22826690673828,0.0,-4.0,0,1,0,0,1
87.0,86.0,88.0,0.0,11.0,0.0,0.0,2.0,0.2890369892120361,-64.65037078857422,0.0,0.0,0,0,0,0,0
87.0,95.0,40.0,34.0,15.0,1.0,2.0,0.0,0.2890348641768745,-85.5409652709961,0.0,0.0,0,1,0,0,1
88.0,26.0,42.0,18.0,38.0,4.0,2.0,3.0,0.2890277634496273,-67.14502258300782,0.0,0.0,0,1,0,0,1
88.0,36.0,48.0,9.0,12.0,0.0,2.0,0.0,0.2890152723892875,-63.18885345458985,0.0,0.0,0,1,0,0,1
88.0,51.0,18.0,25.0,14.0,4.0,0.0,2.0,0.2890359007793923,-61.644290161132815,0.0,0.0,0,1,0,0,1
88.0,58.0,36.0,22.0,20.0,1.0,2.0,3.0,0.2890352788178816,-65.51742095947266,0.0,0.0,0,0,0,0,0
88.0,69.0,61.0,25.0,2.0,0.0,2.0,3.0,-0.5800476074218752,-58.83255310058594,0.0,-1.0,0,0,1,0,1
88.0,92.0,62.0,25.0,30.0,4.0,0.0,1.0,0.2890360044396441,-86.26767272949219,0.0,0.0,0,0,0,0,0
88.0,95.0,31.0,10.0,35.0,0.0,1.0,0.0,0.2890348641768745,-62.09994812011719,0.0,0.0,0,0,0,0,0
89.0,3.0,34.0,13.0,10.0,0.0,2.0,2.0,-0.2178040587383769,-60.66084594726563,-1.0,0.0,0,0,0,0,0
89.0,10.0,88.0,21.0,4.0,0.0,1.0,2.0,0.2890310287475586,-60.89295501708985,0.0,0.0,0,0,0,0,0
89.0,13.0,15.0,7.0,27.0,0.0,2.0,3.0,-0.3922516159389331,-64.93596954345703,-279.0,0.0,0,0,1,0,1
89.0,30.0,34.0,20.0,18.0,3.0,1.0,1.0,0.2890321171802023,-65.79099578857422,0.0,0.0,0,1,0,0,1
89.0,43.0,31.0,6.0,27.0,2.0,0.0,1.0,0.2890282299207604,-77.31480712890625,0.0,0.0,0,1,0,0,1
89.0,44.0,0.0,33.0,36.0,0.0,1.0,0.0,0.2796007446620775,-73.18771667480469,0.0,0.0,0,0,0,0,0
89.0,54.0,80.0,27.0,37.0,1.0,1.0,1.0,0.2890223731165346,7.714377927780152,0.0,-4.0,0,1,0,0,1
89.0,92.0,47.0,38.0,7.0,1.0,3.0,3.0,0.2890358489492665,-62.02958984375,0.0,0.0,0,0,0,0,0
90.0,43.0,31.0,6.0,27.0,2.0,0.0,1.0,0.2890282299207604,-86.50274200439453,0.0,0.0,0,1,0,0,1
90.0,45.0,0.0,33.0,36.0,0.0,1.0,0.0,0.2890321690103281,-74.51327819824219,0.0,0.0,0,0,0,0,0
90.0,70.0,39.0,23.0,8.0,4.0,0.0,3.0,0.2890331537827201,-82.82350463867188,0.0,0.0,0,1,1,0,1
90.0,73.0,33.0,26.0,18.0,3.0,3.0,0.0,0.2890362117601477,-77.8727294921875,0.0,0.0,0,1,0,0,1
91.0,4.0,5.0,18.0,36.0,4.0,2.0,3.0,0.2890284890713899,-83.62185211181641,0.0,0.0,0,0,0,0,0
91.0,5.0,66.0,25.0,11.0,1.0,0.0,0.0,0.28903605626977,-63.34744567871094,0.0,0.0,0,0,0,0,0
91.0,9.0,13.0,2.0,36.0,2.0,1.0,2.0,0.2890376111735467,-64.09828491210938,0.0,0.0,0,1,0,0,1
91.0,10.0,78.0,20.0,22.0,4.0,0.0,1.0,0.2890322208404541,7.446618604660035,0.0,0.0,0,1,0,0,1
91.0,24.0,4.0,6.0,7.0,0.0,2.0,1.0,0.2788510737211808,-60.46412963867188,-1.0,-1.0,0,0,0,0,0
91.0,37.0,50.0,8.0,12.0,4.0,2.0,1.0,0.2890344495358674,-61.23746032714844,0.0,0.0,0,0,0,0,0
91.0,37.0,64.0,33.0,22.0,2.0,0.0,2.0,0.2890321690103281,-80.02028198242188,0.0,0.0,0,1,0,0,1
91.0,38.0,19.0,15.0,15.0,3.0,0.0,2.0,0.2890354861383852,-86.29105682373047,0.0,0.0,0,1,1,0,1
91.0,42.0,18.0,27.0,12.0,4.0,0.0,0.0,0.1150803151337995,7.726461696624757,0.0,-3.0,0,1,0,0,1
91.0,45.0,70.0,4.0,36.0,2.0,2.0,1.0,0.2890380258145539,-75.63468475341797,0.0,0.0,0,0,0,0,0
91.0,53.0,81.0,27.0,37.0,1.0,1.0,1.0,0.2890258975650952,-66.40877075195313,0.0,0.0,0,1,0,0,1
91.0,55.0,90.0,23.0,11.0,0.0,1.0,3.0,0.2890334647634754,-65.31618804931641,0.0,0.0,0,1,0,0,1
91.0,67.0,55.0,36.0,12.0,2.0,2.0,2.0,0.2890304586161737,-82.87082214355469,0.0,0.0,0,0,1,0,1
91.0,69.0,53.0,28.0,28.0,3.0,2.0,0.0,0.2890338794044825,-80.58038635253907,0.0,0.0,0,0,0,0,0
92.0,37.0,8.0,15.0,11.0,0.0,2.0,1.0,0.2890355897986369,-63.99216766357422,0.0,0.0,0,1,0,0,1
92.0,64.0,54.0,7.0,14.0,3.0,3.0,1.0,0.2890398398689601,-62.420954895019534,0.0,0.0,0,1,0,0,1
92.0,67.0,54.0,36.0,12.0,2.0,2.0,2.0,0.2890300958052925,-81.60113067626953,0.0,0.0,0,0,1,0,1
93.0,12.0,77.0,20.0,22.0,4.0,0.0,1.0,0.2890311842379361,7.46797947883606,0.0,0.0,0,1,0,0,1
93.0,19.0,66.0,26.0,28.0,0.0,0.0,1.0,0.2890360044396441,-63.0841781616211,0.0,0.0,0,0,0,0,0
93.0,23.0,3.0,6.0,7.0,0.0,2.0,1.0,0.0184022032696267,-62.39023132324219,-1.0,0.0,0,0,0,0,0
93.0,30.0,86.0,10.0,10.0,3.0,2.0,3.0,0.2890345013659933,-71.5040771484375,0.0,0.0,0,0,1,0,1
93.0,32.0,91.0,0.0,20.0,2.0,3.0,0.0,0.289037041042162,-64.52142639160157,0.0,0.0,0,1,0,1,1
93.0,35.0,10.0,15.0,11.0,0.0,2.0,1.0,0.2890353306480075,-63.9743148803711,0.0,0.0,0,1,0,0,1
93.0,35.0,58.0,36.0,3.0,2.0,3.0,0.0,0.2890301994655443,-71.4120590209961,0.0,0.0,0,1,0,0,1
93.0,36.0,28.0,6.0,29.0,4.0,1.0,3.0,0.2890282299207604,-71.26546020507813,0.0,0.0,0,1,0,0,1
93.0,37.0,30.0,6.0,29.0,4.0,1.0,3.0,0.2890282299207604,-71.26546020507813,0.0,0.0,0,1,0,0,1
93.0,40.0,54.0,15.0,0.0,3.0,3.0,2.0,0.289035123327504,-62.692385864257815,0.0,0.0,0,0,0,0,0
93.0,45.0,5.0,10.0,8.0,1.0,2.0,1.0,0.2890348641768745,-62.43021697998047,0.0,0.0,0,1,0,0,1
93.0,47.0,91.0,2.0,28.0,3.0,3.0,3.0,0.2890373001927914,-84.84925384521485,0.0,0.0,0,0,1,0,1
93.0,50.0,16.0,4.0,6.0,4.0,2.0,2.0,0.2890374038530432,-61.18802947998047,0.0,0.0,0,0,0,0,0
93.0,93.0,27.0,7.0,13.0,1.0,0.0,1.0,0.289039425227953,-60.715151977539065,0.0,0.0,0,0,0,0,0
94.0,4.0,62.0,25.0,29.0,4.0,3.0,3.0,0.2890360044396441,-62.34496612548829,0.0,0.0,0,0,0,0,0
94.0,32.0,53.0,30.0,36.0,0.0,0.0,3.0,0.2890200925909953,-76.60145874023438,0.0,0.0,0,0,0,0,0
94.0,47.0,3.0,7.0,0.0,3.0,1.0,1.0,0.2890396843785824,-61.33418579101563,0.0,0.0,0,0,0,0,0
94.0,47.0,83.0,13.0,4.0,2.0,1.0,1.0,0.2890351751576299,-62.74476928710938,0.0,0.0,0,0,0,0,0
94.0,55.0,78.0,26.0,22.0,1.0,3.0,0.0,0.2890358489492665,-62.700625610351565,0.0,0.0,0,0,0,0,0
94.0,57.0,73.0,30.0,9.0,2.0,0.0,2.0,0.2890206108922543,-77.02888793945313,0.0,0.0,0,0,0,0,0
94.0,65.0,77.0,28.0,35.0,2.0,1.0,0.0,0.2890334647634754,-72.74668426513672,0.0,0.0,0,1,1,0,1
94.0,67.0,5.0,19.0,24.0,0.0,1.0,2.0,-0.1097696553105893,-63.55185241699219,0.0,0.0,0,0,0,0,0
94.0,70.0,53.0,15.0,0.0,0.0,1.0,3.0,0.2890348641768745,-63.76523895263672,0.0,0.0,0,0,0,0,0
94.0,79.0,24.0,3.0,20.0,4.0,1.0,0.0,-0.175374051798945,-62.26659698486328,0.0,0.0,1,1,0,1,1
94.0,98.0,59.0,11.0,9.0,4.0,3.0,3.0,0.2890329982923424,-77.24185485839844,0.0,0.0,0,1,1,0,1
95.0,12.0,65.0,24.0,24.0,1.0,3.0,2.0,0.2890253274337104,-61.84447784423829,0.0,0.0,0,0,0,0,0
95.0,21.0,53.0,26.0,22.0,2.0,0.0,3.0,-0.377568244934082,7.309092569351197,0.0,-6.0,0,1,0,0,1
95.0,26.0,27.0,5.0,23.0,3.0,1.0,1.0,0.2890353306480075,-80.48820037841797,0.0,0.0,0,1,0,0,1
95.0,38.0,56.0,15.0,0.0,3.0,3.0,2.0,0.289035123327504,-62.692385864257815,0.0,0.0,0,0,0,0,0
95.0,49.0,13.0,37.0,29.0,1.0,1.0,3.0,-0.5434152147044307,-80.76017303466797,0.0,-4.0,0,1,0,0,1
95.0,52.0,16.0,4.0,6.0,4.0,2.0,2.0,0.2890387514363164,-63.02910919189453,0.0,0.0,0,0,0,0,0
95.0,55.0,67.0,35.0,25.0,1.0,2.0,3.0,0.2890299403149148,-63.875735473632815,0.0,0.0,0,0,0,0,0
95.0,79.0,0.0,10.0,1.0,2.0,2.0,2.0,0.2890347605166227,-83.49559326171875,-1.0,0.0,0,1,0,0,1
95.0,94.0,62.0,38.0,33.0,3.0,3.0,1.0,0.2890359007793923,-79.65842742919922,0.0,0.0,0,0,0,0,0
96.0,13.0,3.0,36.0,37.0,4.0,1.0,2.0,0.2890299403149148,-83.36365051269532,0.0,0.0,0,1,0,0,1
