RoadType,RoadID,ScenarioLength,VehicleFront,VehicleAdjacent,VehicleOpposite,VehicleFrontTwoWheeled,VehicleAdjacentTwoWheeled,VehicleOppositeTwoWheeled,TimeOfDay,Weather,NumberOfPeople,TargetSpeed,Trees,Buildings,Task,F0_0,F1_0,F2_0,F3_0,Y0,Y1,Y2,Y3,Y
0,0,0,0,0,0,0,1,0,1,6,1,3,1,1,0,0.936608695652174,1.0,1.0,1.0,0,0,0,0,0
0,0,0,0,0,0,1,0,0,0,0,1,4,1,1,0,0.9984347826086956,1.0,1.0,0.6609575710393149,0,0,0,1,1
0,0,0,0,0,0,1,0,1,1,1,0,2,1,1,0,0.946695652173913,1.0,1.0,1.0,0,0,0,0,0
0,0,0,0,0,0,1,0,1,2,2,1,2,1,1,0,0.943304347826087,1.0,1.0,1.0,0,0,0,0,0
0,0,0,0,0,1,0,1,0,1,5,0,4,1,1,0,0.9990434782608696,1.0,1.0,1.0,0,0,0,0,0
0,0,0,0,0,1,0,1,1,1,6,1,2,1,1,0,0.9411304347826088,1.0,1.0,1.0,0,0,0,0,0
0,0,0,0,0,1,1,1,0,2,0,0,2,1,1,0,0.946695652173913,1.0,1.0,1.0,0,0,0,0,0
0,0,0,0,0,1,1,1,1,1,5,0,3,1,1,0,0.9851304347826086,1.0,1.0,1.0,0,0,0,0,0
0,0,0,0,1,0,0,0,0,1,1,0,3,1,1,0,0.9851304347826086,1.0,1.0,0.9032697547683924,0,0,0,1,1
0,0,0,0,1,0,0,0,0,2,6,0,4,1,1,0,0.9990434782608696,1.0,1.0,1.0,0,0,0,0,0
0,0,0,0,1,0,0,0,1,2,2,0,2,1,1,0,0.946695652173913,1.0,1.0,1.0,0,0,0,0,0
0,0,0,0,1,0,0,0,1,2,6,0,2,1,1,0,0.946695652173913,1.0,1.0,1.0,0,0,0,0,0
0,0,0,0,1,0,0,1,1,0,0,0,2,1,1,0,0.946695652173913,1.0,1.0,1.0,0,0,0,0,0
0,0,0,0,1,0,0,1,1,0,3,1,3,1,1,0,0.9594782608695652,1.0,1.0,0.7121448034254574,0,0,0,1,1
0,0,0,0,1,0,1,0,1,1,1,0,2,1,1,0,0.946695652173913,1.0,1.0,1.0,0,0,0,0,0
0,0,0,0,1,0,1,1,1,0,5,1,3,1,1,0,0.9062608695652172,1.0,1.0,0.6360451537563255,0,0,0,1,1
0,0,0,0,1,1,0,0,0,2,5,0,3,1,1,0,0.9851304347826086,1.0,1.0,1.0,0,0,0,0,0
0,0,0,0,1,1,0,0,1,2,0,0,2,1,1,0,0.946695652173913,1.0,1.0,1.0,0,0,0,0,0
0,0,0,0,1,1,0,1,0,1,4,1,2,1,1,0,0.9437391304347826,1.0,1.0,1.0,0,0,0,0,0
0,0,0,0,1,1,0,1,0,2,2,0,3,1,1,0,0.9851304347826086,1.0,1.0,1.0,0,0,0,0,0
0,0,0,0,1,1,0,1,0,2,2,1,4,1,1,0,0.9990434782608696,1.0,1.0,1.0,0,0,0,0,0
0,0,0,0,1,1,0,1,1,2,1,0,4,1,1,0,0.9990434782608696,1.0,1.0,1.0,0,0,0,0,0
0,0,0,0,1,1,1,0,0,1,0,0,2,1,1,0,0.946695652173913,1.0,1.0,1.0,0,0,0,0,0
0,0,0,0,1,1,1,0,0,1,4,1,3,1,1,0,0.9849565217391304,1.0,1.0,1.0,0,0,0,0,0
0,0,0,0,1,1,1,0,1,1,3,0,4,1,1,0,0.9990434782608696,1.0,1.0,1.0,0,0,0,0,0
0,0,0,0,1,1,1,1,0,2,2,1,4,1,1,0,0.9990434782608696,1.0,1.0,1.0,0,0,0,1,1
0,0,0,0,1,1,1,1,1,2,0,0,2,1,1,0,0.946695652173913,1.0,1.0,1.0,0,0,0,0,0
0,0,0,0,1,1,1,1,1,2,3,1,2,1,1,0,0.9410434782608696,1.0,1.0,1.0,0,0,0,1,1
0,0,0,0,1,1,1,1,1,2,5,0,4,1,1,0,0.9990434782608696,1.0,1.0,1.0,0,0,0,0,0
0,0,0,1,0,0,0,0,0,0,6,1,2,1,1,0,0.9003478260869565,1.0,1.0,0.6780848579213702,0,0,0,1,1
0,0,0,1,0,0,0,0,1,1,6,1,3,1,1,0,0.9810434782608696,1.0,1.0,1.0,0,0,0,0,0
0,0,0,1,0,0,0,1,1,1,1,1,4,1,1,0,0.9977391304347826,1.0,1.0,1.0,0,0,0,0,0
0,0,0,1,0,0,0,1,1,1,6,1,4,1,1,0,0.998,1.0,1.0,1.0,0,0,0,0,0
0,0,0,1,0,0,1,0,0,0,4,1,4,1,1,0,0.963391304347826,1.0,1.0,1.0,0,0,0,1,1
0,0,0,1,0,0,1,0,1,2,5,0,4,1,1,0,0.9882608695652174,0.04,1.0,1.0,0,0,0,0,0
0,0,0,1,0,0,1,1,0,0,4,1,4,1,1,0,0.9920869565217392,1.0,1.0,0.6954067730634489,0,0,0,1,1
0,0,0,1,0,0,1,1,0,1,1,1,4,1,1,0,0.9903478260869564,1.0,1.0,1.0,0,1,0,1,1
0,0,0,1,0,1,0,0,0,0,2,1,3,1,1,0,0.9502608695652174,1.0,1.0,0.7195406773063449,0,0,0,1,1
0,0,0,1,0,1,0,0,1,0,4,1,4,1,1,0,0.9990434782608696,1.0,1.0,0.6539509536784741,0,0,0,1,1
0,0,0,1,0,1,0,1,1,1,0,0,2,1,1,0,0.9412173913043478,1.0,1.0,1.0,0,0,0,0,0
0,0,0,1,0,1,1,0,1,0,0,1,2,1,1,0,0.9378260869565216,1.0,1.0,0.7329700272479565,0,0,0,1,1
0,0,0,1,0,1,1,1,1,1,2,0,2,1,1,0,0.9458260869565216,1.0,1.0,1.0,0,0,0,0,0
0,0,0,1,1,0,0,0,0,0,6,1,3,1,1,0,0.9004347826086956,1.0,1.0,0.6405216037368626,0,0,0,1,1
0,0,0,1,1,0,0,0,0,1,5,0,3,1,1,0,0.9851304347826086,1.0,1.0,1.0,0,0,0,0,0
0,0,0,1,1,0,0,1,0,2,4,0,4,1,1,0,0.9759130434782608,1.0,1.0,1.0,0,0,0,0,0
0,0,0,1,1,0,1,0,1,2,0,0,3,1,1,0,0.9851304347826086,0.45,1.0,1.0,0,1,0,0,1
0,0,0,1,1,0,1,1,0,2,3,1,3,1,1,0,0.9656521739130436,1.0,1.0,1.0,0,1,0,1,1
0,0,0,1,1,1,0,0,0,1,5,1,3,1,1,0,0.9851304347826086,1.0,1.0,1.0,0,0,0,0,0
0,0,0,1,1,1,0,0,1,0,1,1,3,1,1,0,0.9591304347826088,1.0,1.0,0.6775009731413001,0,0,0,0,0
0,0,0,1,1,1,0,0,1,2,5,1,4,1,1,0,0.9980869565217392,1.0,1.0,1.0,0,0,0,0,0
0,0,0,1,1,1,1,0,0,1,0,0,2,1,1,0,0.946695652173913,1.0,1.0,1.0,0,0,0,0,0
0,0,0,1,1,1,1,0,0,1,4,0,4,1,1,0,0.9844347826086955,0.02,1.0,1.0,0,0,0,0,0
0,0,0,1,1,1,1,1,0,0,4,1,4,1,1,0,0.9360869565217392,1.0,1.0,1.0,0,0,0,1,1
0,0,0,1,1,1,1,1,0,1,2,1,2,1,1,0,0.9432173913043478,1.0,1.0,1.0,0,0,0,0,0
0,0,0,1,1,1,1,1,0,2,3,1,4,1,1,0,0.9929565217391304,0.04,1.0,1.0,0,1,0,1,1
0,0,0,1,1,1,1,1,1,0,0,0,3,1,1,0,0.9851304347826086,0.15,1.0,1.0,0,1,0,0,1
0,1,0,0,0,0,0,0,0,0,0,0,3,1,1,0,0.9914782608695653,1.0,1.0,1.0,0,0,0,0,0
0,1,0,0,0,0,0,0,1,1,3,1,3,1,1,0,0.9914782608695653,1.0,1.0,1.0,0,0,0,0,0
0,1,0,0,0,0,0,1,0,0,1,1,2,1,1,0,0.967391304347826,1.0,1.0,1.0,0,0,0,0,0
0,1,0,0,0,0,0,1,0,1,1,0,4,1,1,0,0.9959130434782608,1.0,1.0,1.0,0,0,0,0,0
0,1,0,0,0,0,0,1,0,2,1,0,3,1,1,0,0.9914782608695653,1.0,1.0,1.0,0,0,0,0,0
0,1,0,0,0,0,1,0,0,1,2,0,4,1,1,0,0.9960869565217392,1.0,1.0,1.0,0,0,0,0,0
0,1,0,0,0,0,1,0,0,2,4,0,3,1,1,0,0.9914782608695653,1.0,1.0,1.0,0,0,0,0,0
0,1,0,0,0,0,1,1,0,2,3,0,2,1,1,0,0.9720869565217392,1.0,1.0,1.0,0,0,0,0,0
0,1,0,0,0,0,1,1,1,0,2,0,4,1,1,0,0.9959130434782608,1.0,1.0,1.0,0,0,0,0,0
0,1,0,0,0,1,0,0,0,1,4,0,2,1,1,0,0.9720869565217392,1.0,1.0,1.0,0,0,0,0,0
0,1,0,0,0,1,0,0,0,2,3,0,3,1,1,0,0.9914782608695653,1.0,1.0,1.0,0,0,0,0,0
0,1,0,0,0,1,1,0,0,0,0,1,2,1,1,0,0.9720869565217392,1.0,1.0,1.0,0,0,0,0,0
0,1,0,0,0,1,1,0,0,0,2,1,4,1,1,0,0.9957391304347826,1.0,1.0,1.0,0,0,0,0,0
0,1,0,0,0,1,1,0,0,1,3,0,3,1,1,0,0.9914782608695653,1.0,1.0,1.0,0,0,0,0,0
0,1,0,0,0,1,1,0,1,2,2,0,3,1,1,0,0.9914782608695653,1.0,1.0,1.0,0,0,0,0,0
0,1,0,0,0,1,1,0,1,2,6,1,4,1,1,0,0.9959130434782608,1.0,1.0,1.0,0,0,0,0,0
0,1,0,0,0,1,1,1,0,2,4,1,2,1,1,0,0.9720869565217392,1.0,1.0,1.0,0,0,0,0,0
0,1,0,0,1,0,0,0,0,2,2,0,2,1,1,0,0.9720869565217392,1.0,1.0,1.0,0,0,0,0,0
0,1,0,0,1,0,0,0,1,1,3,0,3,1,1,0,0.9914782608695653,1.0,1.0,1.0,0,0,0,0,0
0,1,0,0,1,0,0,0,1,1,5,1,2,1,1,0,0.9641739130434782,1.0,1.0,1.0,0,0,0,0,0
0,1,0,0,1,0,0,0,1,2,6,0,2,1,1,0,0.9720869565217392,1.0,1.0,1.0,0,0,0,0,0
0,1,0,0,1,0,0,1,0,2,5,0,4,1,1,0,0.9959130434782608,1.0,1.0,1.0,0,0,0,0,0
0,1,0,0,1,0,0,1,1,0,1,1,4,1,1,0,0.9959130434782608,1.0,1.0,1.0,0,0,0,0,0
0,1,0,0,1,0,1,0,0,2,3,0,4,1,1,0,0.9959130434782608,1.0,1.0,1.0,0,0,0,0,0
0,1,0,0,1,0,1,0,1,1,3,0,3,1,1,0,0.9914782608695653,1.0,1.0,1.0,0,0,0,0,0
0,1,0,0,1,1,0,0,1,2,6,1,4,1,1,0,0.9959130434782608,1.0,1.0,1.0,0,0,0,0,0
0,1,0,0,1,1,0,1,1,0,1,0,2,1,1,0,0.9720869565217392,1.0,1.0,1.0,0,0,0,0,0
0,1,0,0,1,1,0,1,1,1,5,1,2,1,1,0,0.9669565217391304,1.0,1.0,1.0,0,0,0,0,0
0,1,0,0,1,1,1,0,0,0,0,0,4,1,1,0,0.9959130434782608,1.0,1.0,1.0,0,0,0,0,0
0,1,0,0,1,1,1,0,0,2,2,1,3,1,1,0,0.9914782608695653,1.0,1.0,1.0,0,0,0,0,0
0,1,0,0,1,1,1,0,1,1,0,1,4,1,1,0,0.9959130434782608,1.0,1.0,1.0,0,0,0,0,0
0,1,0,0,1,1,1,0,1,2,1,1,3,1,1,0,0.9914782608695653,1.0,1.0,1.0,0,0,0,0,0
0,1,0,0,1,1,1,1,0,2,4,1,2,1,1,0,0.9720869565217392,1.0,1.0,1.0,0,0,0,0,0
0,1,0,0,1,1,1,1,1,0,2,1,3,1,1,0,0.9914782608695653,1.0,1.0,1.0,0,0,0,0,0
0,1,0,1,0,0,0,1,0,1,1,1,3,1,1,0,0.9851304347826086,1.0,1.0,1.0,0,0,0,0,0
0,1,0,1,0,0,0,1,1,0,3,0,2,1,1,0,0.9657391304347828,1.0,1.0,1.0,0,0,0,0,0
0,1,0,1,0,0,0,1,1,2,3,1,2,1,1,0,0.9649565217391304,1.0,1.0,1.0,0,0,0,0,0
0,1,0,1,0,0,1,0,0,0,0,0,4,1,1,0,0.9961739130434782,1.0,1.0,1.0,0,0,0,0,0
0,1,0,1,0,0,1,1,1,2,0,0,3,1,1,0,0.964,1.0,1.0,1.0,0,0,0,0,0
0,1,0,1,0,1,0,0,1,2,0,0,2,1,1,0,0.9626956521739132,1.0,1.0,1.0,0,0,0,0,0
0,1,0,1,0,1,0,0,1,2,4,0,4,1,1,0,0.9950434782608696,1.0,1.0,1.0,0,0,0,0,0
0,1,0,1,0,1,0,1,0,0,4,1,2,1,1,0,0.960608695652174,1.0,1.0,1.0,0,0,0,0,0
0,1,0,1,0,1,0,1,0,1,0,0,2,1,1,0,0.9663478260869564,1.0,1.0,1.0,0,0,0,0,0
0,1,0,1,0,1,0,1,1,0,1,0,2,1,1,0,0.9640869565217391,1.0,1.0,1.0,0,0,0,0,0
0,1,0,1,0,1,0,1,1,1,1,1,2,1,1,0,0.9599130434782608,1.0,1.0,1.0,0,0,0,0,0
0,1,0,1,0,1,1,0,1,1,0,1,2,1,1,0,0.9616521739130436,1.0,1.0,1.0,0,0,0,0,0
0,1,0,1,0,1,1,1,1,1,0,0,4,1,1,0,0.9959130434782608,1.0,1.0,1.0,0,0,0,0,0
0,1,0,1,1,0,0,0,0,0,4,1,4,1,1,0,0.983304347826087,1.0,1.0,1.0,0,0,0,0,0
0,1,0,1,1,0,0,0,0,2,4,1,4,1,1,0,0.996,1.0,1.0,1.0,0,0,0,0,0
0,1,0,1,1,0,0,0,0,2,5,1,2,1,1,0,0.9720869565217392,1.0,1.0,1.0,0,0,0,0,0
0,1,0,1,1,0,0,0,1,1,2,1,4,1,1,0,0.995391304347826,1.0,1.0,1.0,0,0,0,0,0
0,1,0,1,1,0,0,1,1,0,4,0,3,1,1,0,0.9847826086956522,1.0,1.0,1.0,0,0,0,0,0
0,1,0,1,1,0,1,0,0,0,1,0,2,1,1,0,0.9562608695652174,1.0,1.0,1.0,0,0,0,0,0
0,1,0,1,1,0,1,1,1,1,6,1,2,1,1,0,0.9674782608695652,1.0,1.0,1.0,0,0,0,0,0
0,1,0,1,1,1,0,0,1,1,0,1,4,1,1,0,0.9871304347826086,1.0,1.0,1.0,0,0,0,0,0
0,1,0,1,1,1,0,0,1,1,5,1,2,1,1,0,0.9658260869565216,1.0,1.0,1.0,0,0,0,0,0
0,1,0,1,1,1,0,0,1,2,1,1,2,1,1,0,0.9640869565217391,1.0,1.0,1.0,0,0,0,0,0
0,1,0,1,1,1,0,0,1,2,6,0,3,1,1,0,0.9847826086956522,1.0,1.0,1.0,0,0,0,0,0
0,1,0,1,1,1,0,1,0,1,6,1,3,1,1,0,0.9866956521739132,1.0,1.0,1.0,0,0,0,0,0
0,1,0,1,1,1,0,1,0,2,6,0,4,1,1,0,0.9962608695652174,1.0,1.0,1.0,0,0,0,0,0
0,1,0,1,1,1,0,1,1,1,2,1,3,1,1,0,0.984608695652174,1.0,1.0,1.0,0,0,0,0,0
0,1,0,1,1,1,0,1,1,2,0,1,2,1,1,0,0.9643478260869564,1.0,1.0,1.0,0,0,0,0,0
0,1,0,1,1,1,1,1,1,0,3,1,2,1,1,0,0.965391304347826,1.0,1.0,1.0,0,0,0,0,0
0,2,0,0,0,0,0,0,0,0,3,0,3,1,1,0,0.9618260869565216,1.0,1.0,1.0,0,0,0,0,0
0,2,0,0,0,0,0,0,1,1,3,1,4,1,1,0,0.9049565217391304,1.0,1.0,1.0,0,0,0,0,0
0,2,0,0,0,0,0,1,1,2,5,0,3,1,1,0,0.9618260869565216,1.0,1.0,1.0,0,0,0,0,0
0,2,0,0,0,0,0,1,1,2,6,1,3,1,1,0,0.9618260869565216,1.0,1.0,1.0,0,0,0,0,0
0,2,0,0,0,0,1,0,0,1,2,0,4,1,1,0,0.9309565217391303,1.0,1.0,1.0,0,0,0,0,0
0,2,0,0,0,0,1,1,1,1,3,1,2,1,1,0,0.9648695652173912,1.0,1.0,1.0,0,0,0,0,0
0,2,0,0,0,0,1,1,1,2,3,0,2,1,1,0,0.9659130434782608,1.0,1.0,1.0,0,0,0,0,0
0,2,0,0,0,1,0,0,0,0,2,1,3,1,1,0,0.9618260869565216,1.0,1.0,1.0,0,0,0,0,0
0,2,0,0,0,1,0,0,0,2,0,0,3,1,1,0,0.9618260869565216,1.0,1.0,1.0,0,0,0,0,0
0,2,0,0,0,1,0,0,1,0,0,1,2,1,1,0,0.963304347826087,1.0,1.0,1.0,0,0,0,0,0
0,2,0,0,0,1,0,0,1,1,4,1,2,1,1,0,0.9643478260869564,1.0,1.0,1.0,0,0,0,0,0
0,2,0,0,0,1,0,0,1,2,0,0,3,1,1,0,0.9618260869565216,1.0,1.0,1.0,0,0,0,0,0
0,2,0,0,0,1,0,1,0,2,2,1,3,1,1,0,0.9575652173913044,1.0,1.0,1.0,0,0,0,0,0
0,2,0,0,0,1,0,1,1,1,6,0,3,1,1,0,0.9618260869565216,1.0,1.0,1.0,0,0,0,0,0
0,2,0,0,0,1,1,0,0,1,5,0,4,1,1,0,0.9049565217391304,1.0,1.0,1.0,0,0,0,0,0
0,2,0,0,0,1,1,0,0,2,3,0,4,1,1,0,0.9049565217391304,1.0,1.0,1.0,0,0,0,0,0
0,2,0,0,1,0,0,0,0,0,6,0,3,1,1,0,0.9618260869565216,1.0,1.0,1.0,0,0,0,0,0
0,2,0,0,1,0,0,0,0,1,0,1,3,1,1,0,0.962782608695652,1.0,1.0,1.0,0,0,0,0,0
0,2,0,0,1,0,0,0,0,2,4,0,2,1,1,0,0.9659130434782608,1.0,1.0,1.0,0,0,0,0,0
0,2,0,0,1,0,0,1,1,0,5,0,3,1,1,0,0.9618260869565216,1.0,1.0,1.0,0,0,0,0,0
0,2,0,0,1,0,1,0,0,2,1,1,4,1,1,0,0.9049565217391304,1.0,1.0,1.0,0,0,0,0,0
0,2,0,0,1,0,1,0,0,2,6,0,2,1,1,0,0.9659130434782608,1.0,1.0,1.0,0,0,0,0,0
0,2,0,0,1,0,1,1,0,0,5,0,3,1,1,0,0.9618260869565216,1.0,1.0,1.0,0,0,0,0,0
0,2,0,0,1,0,1,1,0,2,1,1,2,1,1,0,0.9659130434782608,1.0,1.0,1.0,0,0,0,0,0
0,2,0,0,1,0,1,1,1,1,0,0,2,1,1,0,0.9552173913043478,1.0,1.0,1.0,0,0,0,0,0
0,2,0,0,1,1,0,1,0,1,5,0,3,1,1,0,0.9618260869565216,1.0,1.0,1.0,0,0,0,0,0
0,2,0,0,1,1,1,0,1,0,4,0,4,1,1,0,0.9049565217391304,1.0,1.0,1.0,0,0,0,0,0
0,2,0,1,0,0,0,1,0,1,4,1,2,1,1,0,0.965304347826087,1.0,1.0,1.0,0,0,0,0,0
0,2,0,1,0,0,0,1,1,2,5,0,4,1,1,0,0.9049565217391304,1.0,1.0,1.0,0,0,0,0,0
0,2,0,1,0,0,0,1,1,2,6,0,2,1,1,0,0.9659130434782608,1.0,1.0,1.0,0,0,0,0,0
0,2,0,1,0,0,1,0,1,0,3,0,4,1,1,0,0.9049565217391304,1.0,1.0,1.0,0,0,0,0,0
0,2,0,1,0,0,1,1,0,2,2,0,4,1,1,0,0.905391304347826,1.0,1.0,1.0,0,0,0,0,0
0,2,0,1,0,0,1,1,1,2,0,1,3,1,1,0,0.9604347826086956,1.0,1.0,1.0,0,0,0,0,0
0,2,0,1,0,1,0,0,1,1,1,0,3,1,1,0,0.9618260869565216,1.0,1.0,1.0,0,0,0,0,0
0,2,0,1,0,1,0,0,1,1,1,1,2,1,1,0,0.9654782608695652,1.0,1.0,1.0,0,0,0,0,0
0,2,0,1,0,1,0,1,0,2,0,0,4,1,1,0,0.9049565217391304,1.0,1.0,1.0,0,0,0,0,0
0,2,0,1,0,1,0,1,0,2,4,0,3,1,1,0,0.9618260869565216,1.0,1.0,1.0,0,0,0,0,0
0,2,0,1,0,1,0,1,1,1,1,0,4,1,1,0,0.9049565217391304,1.0,1.0,1.0,0,0,0,0,0
0,2,0,1,0,1,0,1,1,2,2,0,3,1,1,0,0.9618260869565216,1.0,1.0,1.0,0,0,0,0,0
0,2,0,1,0,1,1,0,0,0,1,1,4,1,1,0,0.9049565217391304,1.0,1.0,1.0,0,0,0,0,0
0,2,0,1,0,1,1,0,1,2,2,1,2,1,1,0,0.9595652173913044,1.0,1.0,1.0,0,0,0,0,0
0,2,0,1,0,1,1,1,0,1,4,1,3,1,1,0,0.9618260869565216,1.0,1.0,1.0,0,0,0,0,0
0,2,0,1,1,0,0,0,0,2,4,0,2,1,1,0,0.9650434782608696,1.0,1.0,1.0,0,0,0,0,0
0,2,0,1,1,0,0,0,1,1,1,1,4,1,1,0,0.9049565217391304,1.0,1.0,1.0,0,0,0,0,0
0,2,0,1,1,0,0,0,1,1,2,0,4,1,1,0,0.9309565217391303,1.0,1.0,1.0,0,0,0,0,0
0,2,0,1,1,0,0,1,0,0,5,1,4,1,1,0,0.9049565217391304,1.0,1.0,1.0,0,0,0,0,0
0,2,0,1,1,0,0,1,1,2,5,0,4,1,1,0,0.9049565217391304,1.0,1.0,1.0,0,0,0,0,0
0,2,0,1,1,0,1,0,1,0,3,0,3,1,1,0,0.9618260869565216,1.0,1.0,1.0,0,0,0,0,0
0,2,0,1,1,0,1,1,1,0,4,0,4,1,1,0,0.9049565217391304,1.0,1.0,1.0,0,0,0,0,0
0,2,0,1,1,0,1,1,1,0,5,0,4,1,1,0,0.9049565217391304,1.0,1.0,1.0,0,0,0,0,0
0,2,0,1,1,0,1,1,1,2,0,0,3,1,1,0,0.9618260869565216,1.0,1.0,1.0,0,0,0,0,0
0,2,0,1,1,0,1,1,1,2,3,0,3,1,1,0,0.9616521739130436,1.0,1.0,1.0,0,0,0,0,0
0,2,0,1,1,0,1,1,1,2,6,1,4,1,1,0,0.9049565217391304,1.0,1.0,1.0,0,0,0,0,0
0,2,0,1,1,1,0,0,0,2,2,1,4,1,1,0,0.9049565217391304,1.0,1.0,1.0,0,0,0,0,0
0,2,0,1,1,1,0,0,1,1,6,0,2,1,1,0,0.9659130434782608,1.0,1.0,1.0,0,0,0,0,0
0,2,0,1,1,1,0,1,0,1,2,1,2,1,1,0,0.9625217391304348,1.0,1.0,1.0,0,0,0,0,0
0,2,0,1,1,1,0,1,1,1,0,0,2,1,1,0,0.958782608695652,1.0,1.0,1.0,0,0,0,0,0
0,2,0,1,1,1,1,0,0,1,4,0,4,1,1,0,0.9049565217391304,1.0,1.0,1.0,0,0,0,0,0
0,2,0,1,1,1,1,0,0,2,0,1,2,1,1,0,0.9581739130434782,1.0,1.0,1.0,0,0,0,1,1
0,2,0,1,1,1,1,0,0,2,4,0,2,1,1,0,0.9502608695652174,1.0,1.0,1.0,0,0,0,0,0
0,2,0,1,1,1,1,0,1,0,4,1,4,1,1,0,0.9049565217391304,1.0,1.0,1.0,0,0,0,0,0
0,2,0,1,1,1,1,0,1,1,2,0,3,1,1,0,0.9619130434782608,1.0,1.0,1.0,0,0,0,0,0
0,2,0,1,1,1,1,1,0,2,3,1,4,1,1,0,0.9049565217391304,1.0,1.0,1.0,0,0,0,0,0
0,3,0,0,0,0,0,0,0,0,2,1,2,1,1,0,0.8703478260869565,1.0,1.0,1.0,0,0,0,0,0
0,3,0,0,0,0,0,0,0,1,1,1,4,1,1,0,0.884,1.0,1.0,1.0,0,0,0,0,0
0,3,0,0,0,0,1,0,0,0,5,0,2,1,1,0,0.8699130434782608,1.0,1.0,1.0,0,0,0,0,0
0,3,0,0,0,0,1,0,0,1,0,0,3,1,1,0,0.884,1.0,1.0,1.0,0,0,0,0,0
0,3,0,0,0,0,1,0,0,2,4,1,4,1,1,0,0.884,1.0,1.0,1.0,0,0,0,0,0
0,3,0,0,0,0,1,0,1,1,4,1,4,1,1,0,0.884,1.0,1.0,1.0,0,0,0,0,0
0,3,0,0,0,0,1,0,1,2,6,1,4,1,1,0,0.884,1.0,1.0,1.0,0,0,0,0,0
0,3,0,0,0,0,1,1,1,2,3,1,3,1,1,0,0.884,1.0,1.0,1.0,0,0,0,0,0
0,3,0,0,0,1,0,0,0,1,6,1,2,1,1,0,0.8699130434782608,1.0,1.0,1.0,0,0,0,0,0
0,3,0,0,0,1,0,1,1,0,0,0,4,1,1,0,0.884,1.0,1.0,1.0,0,0,0,0,0
0,3,0,0,0,1,1,0,1,0,2,0,3,1,1,0,0.884,1.0,1.0,1.0,0,0,0,0,0
0,3,0,0,0,1,1,0,1,1,0,1,2,1,1,0,0.8723478260869565,1.0,1.0,1.0,0,0,0,0,0
0,3,0,0,0,1,1,1,1,1,0,0,3,1,1,0,0.884,1.0,1.0,1.0,0,0,0,0,0
0,3,0,0,0,1,1,1,1,1,4,0,4,1,1,0,0.8840869565217391,1.0,1.0,1.0,0,0,0,0,0
0,3,0,0,0,1,1,1,1,2,4,1,3,1,1,0,0.884,1.0,1.0,1.0,0,0,0,0,0
0,3,0,0,1,0,0,0,0,2,6,1,4,1,1,0,0.884,1.0,1.0,1.0,0,0,0,0,0
0,3,0,0,1,0,0,1,0,0,4,0,3,1,1,0,0.884,1.0,1.0,1.0,0,0,0,0,0
0,3,0,0,1,0,0,1,1,0,0,1,3,1,1,0,0.884,1.0,1.0,1.0,0,0,0,0,0
0,3,0,0,1,0,0,1,1,2,6,1,4,1,1,0,0.8840869565217391,1.0,1.0,1.0,0,0,0,0,0
0,3,0,0,1,0,1,1,0,0,1,1,4,1,1,0,0.884,1.0,1.0,1.0,0,0,0,0,0
0,3,0,0,1,0,1,1,0,1,6,1,2,1,1,0,0.8727826086956522,1.0,1.0,1.0,0,0,0,0,0
0,3,0,0,1,0,1,1,0,2,4,1,4,1,1,0,0.884,1.0,1.0,1.0,0,0,0,0,0
0,3,0,0,1,0,1,1,1,0,5,0,3,1,1,0,0.884,1.0,1.0,1.0,0,0,0,0,0
0,3,0,0,1,0,1,1,1,0,6,1,2,1,1,0,0.8726086956521739,1.0,1.0,1.0,0,0,0,0,0
0,3,0,0,1,0,1,1,1,2,2,0,2,1,1,0,0.8699130434782608,1.0,1.0,1.0,0,0,0,0,0
0,3,0,0,1,0,1,1,1,2,4,0,4,1,1,0,0.884,1.0,1.0,1.0,0,0,0,0,0
0,3,0,0,1,1,0,0,0,0,4,0,4,1,1,0,0.884,1.0,1.0,1.0,0,0,0,0,0
0,3,0,0,1,1,0,0,0,2,1,0,2,1,1,0,0.8699130434782608,1.0,1.0,1.0,0,0,0,0,0
0,3,0,0,1,1,0,0,1,1,1,1,4,1,1,0,0.884,1.0,1.0,1.0,0,0,0,0,0
0,3,0,0,1,1,0,1,1,1,1,0,3,1,1,0,0.884,1.0,1.0,1.0,0,0,0,0,0
0,3,0,0,1,1,0,1,1,2,0,0,2,1,1,0,0.874,1.0,1.0,1.0,0,0,0,0,0
0,3,0,0,1,1,0,1,1,2,4,1,4,1,1,0,0.884,1.0,1.0,1.0,0,0,0,0,0
0,3,0,0,1,1,1,0,0,0,0,1,3,1,1,0,0.884,1.0,1.0,1.0,0,0,0,0,0
0,3,0,0,1,1,1,0,1,0,3,1,3,1,1,0,0.884,1.0,1.0,1.0,0,0,0,0,0
0,3,0,0,1,1,1,1,0,0,5,1,3,1,1,0,0.884,1.0,1.0,1.0,0,0,0,0,0
0,3,0,1,0,0,0,1,0,0,2,0,3,1,1,0,0.884,1.0,1.0,1.0,0,0,0,0,0
0,3,0,1,0,0,0,1,0,0,4,0,4,1,1,0,0.8839130434782608,1.0,1.0,1.0,0,0,0,0,0
0,3,0,1,0,0,0,1,0,0,6,1,4,1,1,0,0.8839130434782608,1.0,1.0,1.0,0,0,0,0,0
0,3,0,1,0,0,0,1,0,2,4,0,3,1,1,0,0.884,1.0,1.0,1.0,0,0,0,0,0
0,3,0,1,0,0,0,1,1,2,0,0,2,1,1,0,0.8699130434782608,1.0,1.0,1.0,0,0,0,0,0
0,3,0,1,0,0,1,0,0,0,3,1,2,1,1,0,0.8702608695652174,1.0,1.0,1.0,0,0,0,0,0
0,3,0,1,0,0,1,0,0,2,3,1,2,1,1,0,0.8719130434782609,1.0,1.0,1.0,0,0,0,0,0
0,3,0,1,0,0,1,0,1,0,6,1,4,1,1,0,0.884,0.01,1.0,1.0,0,0,0,0,0
0,3,0,1,0,0,1,0,1,1,0,1,3,1,1,0,0.8839130434782608,0.05,1.0,1.0,0,0,0,0,0
0,3,0,1,0,0,1,1,1,0,0,1,4,1,1,0,0.884,0.03,1.0,1.0,0,0,0,0,0
0,3,0,1,0,0,1,1,1,1,0,1,3,1,1,0,0.884,0.04,1.0,1.0,0,0,0,0,0
0,3,0,1,0,0,1,1,1,2,1,1,3,1,1,0,0.884,0.02,1.0,1.0,0,0,0,0,0
0,3,0,1,0,1,0,0,0,0,3,0,2,1,1,0,0.8699130434782608,1.0,1.0,1.0,0,0,0,0,0
0,3,0,1,0,1,0,0,1,0,4,0,3,1,1,0,0.884,1.0,1.0,1.0,0,0,0,0,0
0,3,0,1,0,1,0,0,1,0,4,1,4,1,1,0,0.8839130434782608,1.0,1.0,1.0,0,0,0,0,0
0,3,0,1,0,1,0,0,1,1,1,0,2,1,1,0,0.8756521739130435,1.0,1.0,1.0,0,0,0,0,0
0,3,0,1,0,1,0,1,0,0,6,0,4,1,1,0,0.8839130434782608,1.0,1.0,1.0,0,0,0,0,0
0,3,0,1,0,1,0,1,0,2,6,0,2,1,1,0,0.8737391304347826,1.0,1.0,1.0,0,0,0,0,0
0,3,0,1,0,1,0,1,1,0,3,1,4,1,1,0,0.8839130434782608,1.0,1.0,1.0,0,0,0,0,0
0,3,0,1,0,1,1,0,0,1,3,0,3,1,1,0,0.8837391304347826,0.04,1.0,1.0,0,0,0,0,0
0,3,0,1,0,1,1,0,1,0,5,1,3,1,1,0,0.8832173913043478,0.05,1.0,1.0,0,0,0,0,0
0,3,0,1,0,1,1,1,0,0,4,1,2,1,1,0,0.8679130434782608,1.0,1.0,1.0,0,0,0,0,0
0,3,0,1,0,1,1,1,1,1,4,0,3,1,1,0,0.8838260869565218,0.04,1.0,1.0,0,0,0,0,0
0,3,0,1,1,0,0,0,0,0,5,0,3,1,1,0,0.884,1.0,1.0,1.0,0,0,0,0,0
0,3,0,1,1,0,0,0,1,0,0,1,2,1,1,0,0.8699130434782608,1.0,1.0,1.0,0,0,0,0,0
0,3,0,1,1,0,0,0,1,1,6,1,4,1,1,0,0.884,1.0,1.0,1.0,0,0,0,0,0
0,3,0,1,1,0,0,1,0,0,3,0,3,1,1,0,0.884,1.0,1.0,1.0,0,0,0,0,0
0,3,0,1,1,0,0,1,0,1,5,1,4,1,1,0,0.884,1.0,1.0,1.0,0,0,0,0,0
0,3,0,1,1,0,1,1,0,2,1,0,2,1,1,0,0.8699130434782608,1.0,1.0,1.0,0,0,0,0,0
0,3,0,1,1,0,1,1,1,1,6,1,2,1,1,0,0.8666086956521739,1.0,1.0,1.0,0,0,0,0,0
0,3,0,1,1,1,0,0,1,0,3,1,4,1,1,0,0.884,1.0,1.0,1.0,0,0,0,0,0
0,3,0,1,1,1,0,0,1,1,4,0,3,1,1,0,0.884,1.0,1.0,1.0,0,0,0,0,0
0,3,0,1,1,1,0,0,1,1,5,0,3,1,1,0,0.884,1.0,1.0,1.0,0,0,0,0,0
0,3,0,1,1,1,0,0,1,1,6,0,3,1,1,0,0.884,1.0,1.0,1.0,0,0,0,0,0
0,3,0,1,1,1,0,1,0,2,4,1,3,1,1,0,0.884,1.0,1.0,1.0,0,0,0,0,0
0,3,0,1,1,1,1,0,1,1,0,0,3,1,1,0,0.8816521739130435,0.04,1.0,1.0,0,0,0,0,0
0,3,0,1,1,1,1,1,0,2,6,0,4,1,1,0,0.884,-0.04,1.0,1.0,0,0,0,0,0
0,3,0,1,1,1,1,1,1,0,5,1,3,1,1,0,0.884,0.04,1.0,1.0,0,0,0,0,0
0,3,0,1,1,1,1,1,1,2,2,1,2,1,1,0,0.8747826086956522,1.0,1.0,1.0,0,0,0,0,0
1,0,0,0,0,0,0,0,1,0,5,0,3,1,1,0,0.6436521739130434,1.0,1.0,1.0,0,0,0,0,0
1,0,0,0,0,0,1,0,1,0,2,1,3,1,1,0,0.6617391304347826,1.0,1.0,1.0,0,0,0,0,0
1,0,0,0,0,0,1,1,1,0,6,1,4,1,1,0,0.2777391304347826,1.0,1.0,1.0,1,0,0,0,1
1,0,0,0,0,1,0,0,0,0,3,0,3,1,1,0,0.6436521739130434,1.0,1.0,1.0,0,0,0,0,0
1,0,0,0,0,1,0,0,0,1,1,0,2,1,1,0,0.693391304347826,1.0,1.0,1.0,0,0,0,0,0
1,0,0,0,0,1,0,0,0,1,1,0,4,1,1,0,0.6333043478260869,1.0,1.0,1.0,0,0,0,0,0
1,0,0,0,0,1,0,0,0,2,5,0,2,1,1,0,0.693391304347826,1.0,1.0,1.0,0,0,0,0,0
1,0,0,0,0,1,0,1,0,2,3,0,2,1,1,0,0.693391304347826,1.0,1.0,1.0,0,0,0,0,0
1,0,0,0,0,1,0,1,1,0,4,1,3,1,1,0,0.678695652173913,1.0,1.0,1.0,0,0,0,0,0
1,0,0,0,0,1,0,1,1,2,4,1,4,1,1,0,0.636695652173913,1.0,1.0,1.0,1,0,0,0,1
1,0,0,0,0,1,1,0,0,0,6,1,4,1,1,0,0.5713043478260869,1.0,1.0,1.0,1,0,0,0,1
1,0,0,0,0,1,1,0,1,2,5,0,4,1,1,0,0.6333043478260869,1.0,1.0,1.0,0,0,0,0,0
1,0,0,0,0,1,1,1,1,0,2,0,4,1,1,0,0.6333043478260869,1.0,1.0,1.0,0,0,0,0,0
1,0,0,0,0,1,1,1,1,0,6,0,3,1,1,0,0.6436521739130434,1.0,1.0,1.0,0,0,0,0,0
1,0,0,0,0,1,1,1,1,2,1,0,3,1,1,0,0.6436521739130434,1.0,1.0,1.0,0,0,0,0,0
1,0,0,0,1,0,0,0,0,1,6,0,3,1,1,0,0.6436521739130434,1.0,1.0,1.0,0,0,0,0,0
1,0,0,0,1,0,0,0,0,2,0,1,3,1,1,0,0.6373913043478261,1.0,1.0,1.0,0,0,0,0,0
1,0,0,0,1,0,0,1,0,1,1,0,3,1,1,0,0.6436521739130434,1.0,1.0,1.0,0,0,0,0,0
1,0,0,0,1,0,0,1,0,1,2,0,4,1,1,0,0.6333043478260869,1.0,1.0,1.0,0,0,0,0,0
1,0,0,0,1,0,0,1,0,2,0,1,4,1,1,0,0.64,1.0,1.0,1.0,0,0,0,0,0
1,0,0,0,1,0,0,1,0,2,2,1,4,1,1,0,0.5113913043478261,1.0,1.0,1.0,1,0,0,0,1
1,0,0,0,1,0,1,0,0,0,3,1,3,1,1,0,0.6552173913043478,1.0,1.0,1.0,0,0,0,0,0
1,0,0,0,1,0,1,0,0,0,5,0,4,1,1,0,0.6333043478260869,1.0,1.0,1.0,0,0,0,0,0
1,0,0,0,1,0,1,1,0,2,3,0,3,1,1,0,0.6436521739130434,1.0,1.0,1.0,0,0,0,0,0
1,0,0,0,1,0,1,1,1,1,4,0,2,1,1,0,0.693391304347826,1.0,1.0,1.0,0,0,0,0,0
1,0,0,0,1,0,1,1,1,2,4,0,2,1,1,0,0.693391304347826,1.0,1.0,1.0,0,0,0,0,0
1,0,0,0,1,1,0,0,0,0,2,1,2,1,1,0,0.6994782608695651,1.0,1.0,1.0,0,0,0,0,0
1,0,0,0,1,1,0,0,1,0,1,1,2,1,1,0,0.7007826086956521,1.0,1.0,1.0,0,0,0,0,0
1,0,0,0,1,1,0,1,0,1,3,1,3,1,1,0,0.612695652173913,1.0,1.0,1.0,0,0,0,0,0
1,0,0,0,1,1,0,1,0,1,4,1,3,1,1,0,0.6785217391304348,1.0,1.0,1.0,0,0,0,0,0
1,0,0,0,1,1,0,1,1,1,1,0,2,1,1,0,0.693391304347826,1.0,1.0,1.0,0,0,0,0,0
1,0,0,0,1,1,0,1,1,1,5,1,4,1,1,0,0.6221739130434782,1.0,1.0,1.0,0,0,0,0,0
1,0,0,0,1,1,1,1,0,2,0,1,4,1,1,0,0.6385217391304348,1.0,1.0,1.0,1,0,0,0,1
1,0,0,0,1,1,1,1,1,0,1,1,4,1,1,0,0.5876521739130434,1.0,1.0,1.0,1,0,0,0,1
1,0,0,0,1,1,1,1,1,0,6,0,4,1,1,0,0.6333043478260869,1.0,1.0,1.0,0,0,0,0,0
1,0,0,1,0,0,0,0,1,2,2,0,3,1,1,0,0.6254782608695652,1.0,1.0,1.0,0,0,0,0,0
1,0,0,1,0,0,1,0,0,1,2,1,2,1,1,0,0.7083478260869565,0.04,1.0,1.0,0,1,0,0,1
1,0,0,1,0,0,1,1,1,0,0,0,4,1,1,0,-0.0932173913043479,-1.81,1.0,1.0,1,1,0,0,1
1,0,0,1,0,0,1,1,1,2,1,1,3,1,1,0,0.6627826086956521,-0.01,1.0,1.0,1,1,0,0,1
1,0,0,1,0,0,1,1,1,2,4,1,4,1,1,0,0.681304347826087,0.05,1.0,1.0,1,1,0,0,1
1,0,0,1,0,1,0,0,0,1,0,0,4,1,1,0,0.4280869565217391,1.0,1.0,1.0,1,0,0,0,1
1,0,0,1,0,1,0,0,0,1,3,0,4,1,1,0,0.4317391304347826,1.0,1.0,1.0,1,0,0,0,1
1,0,0,1,0,1,0,1,0,0,4,0,4,1,1,0,0.2807826086956522,0.88,1.0,1.0,1,0,0,0,1
1,0,0,1,0,1,0,1,0,2,0,0,3,1,1,0,0.6035652173913043,1.0,1.0,1.0,0,0,0,0,0
1,0,0,1,0,1,1,0,0,0,2,0,2,1,1,0,0.7027826086956521,0.35,1.0,1.0,0,1,0,0,1
1,0,0,1,0,1,1,1,1,0,3,0,4,1,1,0,0.3911304347826085,-0.9,1.0,1.0,1,1,0,0,1
1,0,0,1,1,0,1,0,0,2,3,1,3,1,1,0,0.6737391304347826,0.01,1.0,1.0,1,1,0,0,1
1,0,0,1,1,0,1,0,1,2,6,1,3,1,1,0,0.4385217391304347,0.02,1.0,1.0,1,1,0,0,1
1,0,0,1,1,0,1,1,1,0,5,1,2,1,1,0,0.6987826086956521,0.34,1.0,1.0,0,1,0,0,1
1,0,0,1,1,0,1,1,1,0,6,1,2,1,1,0,0.7023478260869565,0.61,1.0,1.0,1,1,0,0,1
1,0,0,1,1,1,0,0,1,0,5,0,4,1,1,0,0.4237391304347826,1.0,1.0,1.0,0,0,0,0,0
1,0,0,1,1,1,0,0,1,2,3,0,4,1,1,0,0.2848695652173912,0.9,1.0,1.0,1,0,0,0,1
1,0,0,1,1,1,0,1,1,2,0,0,2,1,1,0,0.7003478260869564,1.0,1.0,1.0,0,0,0,0,0
1,0,0,1,1,1,0,1,1,2,5,0,3,1,1,0,0.6033913043478261,1.0,1.0,1.0,0,0,0,0,0
1,0,0,1,1,1,1,0,0,2,3,0,2,1,1,0,0.7058260869565217,0.03,1.0,1.0,0,0,0,0,0
1,0,0,1,1,1,1,0,1,0,6,1,2,1,1,0,0.7162608695652174,0.62,1.0,1.0,1,1,0,0,1
1,0,0,1,1,1,1,0,1,1,5,1,3,1,1,0,0.5662608695652174,0.03,1.0,1.0,1,1,0,0,1
1,0,0,1,1,1,1,1,1,1,5,0,2,1,1,0,0.7001739130434783,0.34,1.0,1.0,0,1,0,0,1
1,0,0,1,1,1,1,1,1,2,3,0,2,1,1,0,0.6578260869565217,0.12,1.0,1.0,0,1,0,0,1
1,0,0,1,1,1,1,1,1,2,5,1,3,1,1,0,0.1593043478260869,-0.59,1.0,1.0,1,1,0,0,1
1,1,0,0,0,0,0,0,0,1,0,0,3,1,1,0,0.6316521739130434,1.0,1.0,1.0,0,0,0,0,0
1,1,0,0,0,0,0,0,0,1,3,0,4,1,1,0,0.6068695652173912,1.0,1.0,1.0,0,0,0,0,0
1,1,0,0,0,0,0,1,0,0,6,1,2,1,1,0,0.6046086956521739,1.0,1.0,0.6672950047125353,1,0,0,1,1
1,1,0,0,0,0,1,0,1,2,4,1,4,1,1,0,0.5886086956521739,1.0,1.0,1.0,0,0,0,0,0
1,1,0,0,0,0,1,1,1,2,5,1,3,1,1,0,0.6316521739130434,1.0,1.0,1.0,0,0,0,0,0
1,1,0,0,0,1,0,0,0,1,3,1,2,1,1,0,0.7070434782608696,1.0,1.0,1.0,0,0,0,0,0
1,1,0,0,0,1,0,0,0,1,4,1,4,1,1,0,0.5975652173913043,1.0,1.0,1.0,0,0,0,0,0
1,1,0,0,0,1,0,0,0,1,5,0,4,1,1,0,0.6068695652173912,1.0,1.0,1.0,0,0,0,0,0
1,1,0,0,0,1,0,0,1,0,6,0,3,1,1,0,0.6316521739130434,1.0,1.0,1.0,0,0,0,0,0
1,1,0,0,0,1,1,0,1,1,4,1,2,1,1,0,0.7377391304347827,1.0,1.0,1.0,0,0,0,0,0
1,1,0,0,1,0,0,0,1,0,3,0,4,1,1,0,0.6068695652173912,1.0,1.0,1.0,0,0,0,0,0
1,1,0,0,1,0,0,1,0,0,1,0,2,1,1,0,0.714,1.0,1.0,1.0,0,0,0,0,0
1,1,0,0,1,0,0,1,1,2,5,0,4,1,1,0,0.6068695652173912,1.0,1.0,1.0,0,0,0,0,0
1,1,0,0,1,0,1,0,0,0,1,1,2,1,1,0,0.6377391304347826,1.0,1.0,0.7799245994344957,1,0,0,1,1
1,1,0,0,1,0,1,1,0,0,1,0,4,1,1,0,0.6068695652173912,1.0,1.0,1.0,0,0,0,0,0
1,1,0,0,1,0,1,1,0,0,4,1,3,1,1,0,0.6364347826086956,1.0,1.0,0.7945334590009425,1,0,0,1,1
1,1,0,0,1,0,1,1,0,2,2,1,4,1,1,0,0.6154782608695653,1.0,1.0,1.0,0,0,0,0,0
1,1,0,0,1,0,1,1,0,2,4,0,3,1,1,0,0.6316521739130434,1.0,1.0,1.0,0,0,0,0,0
1,1,0,0,1,0,1,1,1,2,6,0,2,1,1,0,0.714,1.0,1.0,1.0,0,0,0,0,0
1,1,0,0,1,1,0,0,0,1,0,1,2,1,1,0,0.7024347826086956,1.0,1.0,1.0,0,0,0,0,0
1,1,0,0,1,1,0,0,1,1,5,0,2,1,1,0,0.714,1.0,1.0,1.0,0,0,0,0,0
1,1,0,0,1,1,0,1,1,0,5,0,4,1,1,0,0.6068695652173912,1.0,1.0,1.0,0,0,0,0,0
1,1,0,0,1,1,0,1,1,2,6,1,2,1,1,0,0.7285217391304348,1.0,1.0,1.0,0,0,0,0,0
1,1,0,0,1,1,1,0,1,0,5,0,3,1,1,0,0.6316521739130434,1.0,1.0,0.7554194156456173,0,0,0,1,1
1,1,0,0,1,1,1,1,0,0,1,1,4,1,1,0,0.5975652173913043,1.0,1.0,1.0,1,0,0,0,1
1,1,0,0,1,1,1,1,1,1,4,1,3,1,1,0,0.6377391304347826,1.0,1.0,1.0,0,0,0,0,0
1,1,0,1,0,0,0,0,0,0,2,0,2,1,1,0,0.7141739130434783,1.0,1.0,1.0,0,0,0,0,0
1,1,0,1,0,0,0,0,0,0,3,1,3,1,1,0,0.2639999999999999,1.0,1.0,0.9344957587181904,1,0,0,1,1
1,1,0,1,0,0,0,0,0,1,6,1,4,1,1,0,0.5762608695652174,1.0,1.0,1.0,0,0,0,0,0
1,1,0,1,0,0,0,0,1,1,6,0,4,1,1,0,0.6068695652173912,1.0,1.0,1.0,0,0,0,0,0
1,1,0,1,0,0,0,1,0,0,1,1,3,1,1,0,0.6674782608695652,1.0,1.0,0.8836003770028276,1,0,0,1,1
1,1,0,1,0,0,0,1,1,0,1,1,2,1,1,0,0.7089565217391305,1.0,1.0,0.7794533459000943,1,0,0,1,1
1,1,0,1,0,0,0,1,1,0,3,0,3,1,1,0,0.6316521739130434,1.0,1.0,1.0,0,0,0,0,0
1,1,0,1,0,0,0,1,1,0,4,0,2,1,1,0,0.7141739130434783,1.0,1.0,1.0,0,0,0,0,0
1,1,0,1,0,0,0,1,1,2,1,1,4,1,1,0,0.6068695652173912,1.0,1.0,1.0,0,0,0,0,0
1,1,0,1,0,0,1,0,1,2,2,1,3,1,1,0,0.6442608695652173,1.0,1.0,1.0,1,0,0,0,1
1,1,0,1,0,0,1,1,0,0,0,0,4,1,1,0,0.6068695652173912,1.0,1.0,1.0,0,0,0,0,0
1,1,0,1,0,1,0,0,0,0,4,1,4,1,1,0,0.6369565217391304,1.0,1.0,1.0,1,0,0,0,1
1,1,0,1,0,1,0,0,0,1,1,1,3,1,1,0,0.6316521739130434,1.0,1.0,1.0,0,0,0,0,0
1,1,0,1,0,1,0,0,0,1,4,1,2,1,1,0,0.7359130434782608,1.0,1.0,1.0,0,0,0,0,0
1,1,0,1,0,1,0,1,0,1,4,0,2,1,1,0,0.7323478260869565,1.0,1.0,1.0,0,0,0,0,0
1,1,0,1,0,1,1,0,0,0,0,0,4,1,1,0,0.6068695652173912,1.0,1.0,1.0,0,0,0,0,0
1,1,0,1,0,1,1,0,0,0,5,0,3,1,1,0,0.6316521739130434,1.0,1.0,1.0,0,0,0,0,0
1,1,0,1,0,1,1,0,0,0,6,0,3,1,1,0,0.6316521739130434,1.0,1.0,1.0,0,0,0,0,0
1,1,0,1,0,1,1,1,0,1,1,1,2,1,1,0,0.7389565217391304,1.0,1.0,1.0,0,0,0,0,0
1,1,0,1,0,1,1,1,0,2,2,1,3,1,1,0,0.6373913043478261,1.0,1.0,1.0,0,0,0,0,0
1,1,0,1,0,1,1,1,1,2,4,1,3,1,1,0,0.636695652173913,1.0,1.0,1.0,0,0,0,0,0
1,1,0,1,1,0,0,0,1,0,2,0,3,1,1,0,0.6316521739130434,1.0,1.0,1.0,0,0,0,0,0
1,1,0,1,1,0,0,1,0,1,5,0,3,1,1,0,0.6316521739130434,1.0,1.0,1.0,0,0,0,0,0
1,1,0,1,1,0,0,1,1,2,0,1,3,1,1,0,0.6087826086956521,1.0,1.0,1.0,0,0,0,0,0
1,1,0,1,1,0,1,0,0,0,4,1,2,1,1,0,0.7398260869565216,1.0,1.0,0.6705937794533459,1,0,0,1,1
1,1,0,1,1,0,1,0,0,0,5,0,2,1,1,0,0.7319130434782608,1.0,1.0,1.0,0,0,0,0,0
1,1,0,1,1,0,1,0,1,1,1,0,2,1,1,0,0.714,1.0,1.0,1.0,0,0,0,0,0
1,1,0,1,1,0,1,0,1,1,3,0,3,1,1,0,0.6316521739130434,1.0,1.0,1.0,0,0,0,0,0
1,1,0,1,1,0,1,0,1,1,4,1,4,1,1,0,0.6068695652173912,1.0,1.0,1.0,0,0,0,0,0
1,1,0,1,1,0,1,0,1,2,3,0,3,1,1,0,0.6316521739130434,1.0,1.0,1.0,0,0,0,0,0
1,1,0,1,1,1,0,0,1,1,4,1,4,1,1,0,0.5717391304347825,1.0,1.0,1.0,0,0,0,0,0
1,1,0,1,1,1,0,1,0,0,2,0,4,1,1,0,0.6068695652173912,1.0,1.0,1.0,0,0,0,0,0
1,1,0,1,1,1,1,0,0,0,6,0,2,1,1,0,0.714,1.0,1.0,1.0,0,0,0,0,0
1,1,0,1,1,1,1,0,1,2,4,0,4,1,1,0,0.6068695652173912,1.0,1.0,1.0,0,0,0,0,0
1,1,0,1,1,1,1,1,0,2,0,0,3,1,1,0,0.6316521739130434,1.0,1.0,1.0,0,0,0,0,0
1,1,0,1,1,1,1,1,1,0,6,0,2,1,1,0,0.714,1.0,1.0,1.0,0,0,0,0,0
1,2,0,0,0,0,0,0,0,1,1,0,2,1,1,0,0.7641739130434783,1.0,1.0,1.0,0,0,0,0,0
1,2,0,0,0,0,0,0,0,1,2,1,4,1,1,0,0.7695652173913043,1.0,1.0,1.0,0,0,0,0,0
1,2,0,0,0,0,0,0,0,1,5,1,4,1,1,0,0.7569565217391304,1.0,1.0,1.0,0,0,0,0,0
1,2,0,0,0,0,0,1,1,2,1,1,3,1,1,0,0.792,1.0,1.0,1.0,1,0,0,1,1
1,2,0,0,0,0,0,1,1,2,2,1,3,1,1,0,0.7641739130434783,1.0,1.0,1.0,0,0,0,0,0
1,2,0,0,0,0,1,0,0,0,0,1,4,1,1,0,0.7708695652173913,1.0,1.0,1.0,0,0,0,0,0
1,2,0,0,0,0,1,0,0,0,4,1,2,1,1,0,0.7802608695652173,1.0,1.0,1.0,0,0,0,0,0
1,2,0,0,0,0,1,0,0,1,3,1,2,1,1,0,0.7552173913043478,1.0,1.0,1.0,0,0,0,0,0
1,2,0,0,0,0,1,0,0,2,2,1,3,1,1,0,0.7499130434782608,1.0,1.0,1.0,0,0,0,0,0
1,2,0,0,0,0,1,0,1,2,0,1,3,1,1,0,0.7664347826086957,1.0,1.0,1.0,0,0,0,0,0
1,2,0,0,0,0,1,0,1,2,5,1,4,1,1,0,0.7723478260869565,1.0,1.0,1.0,0,0,0,0,0
1,2,0,0,0,0,1,1,0,2,6,1,3,1,1,0,0.7623478260869565,1.0,1.0,1.0,0,0,0,0,0
1,2,0,0,0,0,1,1,1,0,2,1,2,1,1,0,0.758,1.0,1.0,1.0,0,0,0,0,0
1,2,0,0,0,1,0,0,1,2,3,0,2,1,1,0,0.7742608695652173,1.0,1.0,1.0,0,0,0,0,0
1,2,0,0,0,1,0,1,0,0,1,1,2,1,1,0,0.7809565217391304,1.0,1.0,1.0,0,0,0,0,0
1,2,0,0,0,1,0,1,1,0,3,0,3,1,1,0,0.7508695652173913,1.0,1.0,1.0,0,0,0,0,0
1,2,0,0,0,1,0,1,1,0,6,0,2,1,1,0,0.7632173913043478,1.0,1.0,1.0,0,0,0,0,0
1,2,0,0,0,1,0,1,1,1,0,1,2,1,1,0,0.781391304347826,1.0,1.0,1.0,0,0,0,0,0
1,2,0,0,0,1,0,1,1,1,3,0,2,1,1,0,0.782695652173913,1.0,1.0,1.0,0,0,0,0,0
1,2,0,0,0,1,1,0,1,0,2,0,3,1,1,0,0.7645217391304348,1.0,1.0,1.0,0,0,0,0,0
1,2,0,0,0,1,1,0,1,0,6,1,3,1,1,0,0.8001739130434782,1.0,1.0,1.0,0,0,0,0,0
1,2,0,0,0,1,1,1,0,0,2,0,4,1,1,0,0.7730434782608695,1.0,1.0,1.0,0,0,0,0,0
1,2,0,0,0,1,1,1,0,2,0,1,4,1,1,0,0.7491304347826087,1.0,1.0,1.0,0,0,0,0,0
1,2,0,0,1,0,0,0,1,1,0,1,2,1,1,0,0.7909565217391304,1.0,1.0,1.0,0,0,0,0,0
1,2,0,0,1,0,0,0,1,2,3,1,2,1,1,0,0.7621739130434783,1.0,1.0,1.0,1,0,0,1,1
1,2,0,0,1,0,0,1,0,0,5,0,2,1,1,0,0.7874782608695652,1.0,1.0,1.0,0,0,0,0,0
1,2,0,0,1,0,0,1,0,0,6,1,4,1,1,0,0.7634782608695652,1.0,1.0,1.0,0,0,0,0,0
1,2,0,0,1,0,0,1,1,2,6,0,2,1,1,0,0.7593043478260869,1.0,1.0,1.0,0,0,0,0,0
1,2,0,0,1,0,1,0,0,0,2,1,2,1,1,0,0.7770434782608695,1.0,1.0,1.0,0,0,0,0,0
1,2,0,0,1,0,1,0,0,1,4,0,3,1,1,0,0.7762608695652173,1.0,1.0,1.0,0,0,0,0,0
1,2,0,0,1,0,1,0,0,1,6,0,2,1,1,0,0.7557391304347826,1.0,1.0,1.0,0,0,0,0,0
1,2,0,0,1,0,1,1,0,0,2,1,4,1,1,0,0.77,1.0,1.0,1.0,0,0,0,0,0
1,2,0,0,1,1,0,0,0,0,0,0,3,1,1,0,0.7801739130434782,1.0,1.0,1.0,0,0,0,0,0
1,2,0,0,1,1,0,0,0,1,1,1,4,1,1,0,0.7554782608695652,1.0,1.0,1.0,0,0,0,0,0
1,2,0,0,1,1,0,0,1,0,4,0,2,1,1,0,0.7677391304347826,1.0,1.0,1.0,0,0,0,0,0
1,2,0,0,1,1,0,1,0,1,5,0,4,1,1,0,0.7595652173913043,1.0,1.0,1.0,0,0,0,0,0
1,2,0,0,1,1,0,1,0,2,6,0,3,1,1,0,0.7730434782608695,1.0,1.0,1.0,0,0,0,0,0
1,2,0,0,1,1,0,1,1,2,0,0,2,1,1,0,0.999391304347826,1.0,1.0,0.0699947173798204,1,0,0,1,1
1,2,0,0,1,1,1,0,0,2,6,1,2,1,1,0,0.762695652173913,1.0,1.0,1.0,1,0,0,1,1
1,2,0,0,1,1,1,0,1,1,1,0,3,1,1,0,0.7785217391304348,1.0,1.0,1.0,0,0,0,0,0
1,2,0,0,1,1,1,1,0,0,5,0,3,1,1,0,0.7539130434782608,1.0,1.0,1.0,0,0,0,0,0
1,2,0,0,1,1,1,1,1,2,0,0,3,1,1,0,0.7686086956521738,1.0,1.0,1.0,0,0,0,0,0
1,2,0,1,0,0,0,0,0,1,5,0,4,1,1,0,0.7601739130434783,1.0,1.0,1.0,0,0,0,0,0
1,2,0,1,0,0,0,0,1,0,3,1,4,1,1,0,0.7720869565217391,1.0,1.0,1.0,0,0,0,0,0
1,2,0,1,0,0,0,0,1,2,4,0,4,1,1,0,0.7715652173913043,1.0,1.0,1.0,0,0,0,0,0
1,2,0,1,0,0,0,1,1,0,2,0,2,1,1,0,0.7559130434782608,1.0,1.0,1.0,0,0,0,0,0
1,2,0,1,0,0,0,1,1,0,5,1,4,1,1,0,0.7593913043478261,1.0,1.0,1.0,0,0,0,0,0
1,2,0,1,0,0,0,1,1,1,0,0,2,1,1,0,0.7828695652173913,1.0,1.0,1.0,0,0,0,0,0
1,2,0,1,0,0,0,1,1,2,5,0,4,1,1,0,0.7725217391304348,1.0,1.0,1.0,0,0,0,1,1
1,2,0,1,0,0,1,0,0,0,2,1,2,1,1,0,0.7672173913043479,1.0,1.0,1.0,0,0,0,0,0
1,2,0,1,0,0,1,0,0,2,5,1,2,1,1,0,0.7644347826086957,1.0,1.0,1.0,0,0,0,0,0
1,2,0,1,0,0,1,0,0,2,5,1,4,1,1,0,0.754,0.05,1.0,1.0,1,1,0,1,1
1,2,0,1,0,0,1,1,1,0,4,1,3,1,1,0,0.7995652173913044,1.0,1.0,1.0,0,0,0,0,0
1,2,0,1,0,0,1,1,1,0,5,1,4,1,1,0,0.7708695652173913,-0.0,1.0,1.0,0,0,0,0,0
1,2,0,1,0,0,1,1,1,2,5,1,2,1,1,0,0.7748695652173913,1.0,1.0,1.0,1,0,0,1,1
1,2,0,1,0,0,1,1,1,2,6,1,4,1,1,0,0.7733043478260869,1.0,1.0,1.0,1,1,0,1,1
1,2,0,1,0,1,0,0,1,0,6,1,3,1,1,0,0.7851304347826087,1.0,1.0,1.0,0,0,0,0,0
1,2,0,1,0,1,0,0,1,2,0,1,2,1,1,0,0.7797391304347826,1.0,1.0,1.0,0,0,0,0,0
1,2,0,1,0,1,0,1,0,0,5,1,4,1,1,0,0.7649565217391304,1.0,1.0,1.0,0,0,0,0,0
1,2,0,1,0,1,0,1,1,1,1,1,3,1,1,0,0.7542608695652173,1.0,1.0,1.0,0,0,0,0,0
1,2,0,1,0,1,1,0,0,2,3,0,3,1,1,0,0.7683478260869565,1.0,1.0,1.0,0,0,0,0,0
1,2,0,1,0,1,1,0,0,2,3,1,3,1,1,0,0.7633043478260869,1.0,1.0,1.0,0,0,0,0,0
1,2,0,1,0,1,1,0,1,0,6,0,4,1,1,0,0.7708695652173913,0.06,1.0,1.0,1,0,0,0,1
1,2,0,1,0,1,1,1,0,0,5,1,4,1,1,0,0.7717391304347826,-0.02,1.0,1.0,1,0,0,0,1
1,2,0,1,0,1,1,1,1,1,0,0,3,1,1,0,0.7828695652173913,1.0,1.0,1.0,0,0,0,0,0
1,2,0,1,0,1,1,1,1,1,5,0,4,1,1,0,0.7478260869565218,0.07,1.0,1.0,0,0,0,0,0
1,2,0,1,1,0,0,0,0,0,3,1,4,1,1,0,0.7684347826086957,1.0,1.0,1.0,0,0,0,0,0
1,2,0,1,1,0,0,0,0,1,6,0,4,1,1,0,0.7733043478260869,1.0,1.0,1.0,0,0,0,0,0
1,2,0,1,1,0,0,0,1,0,1,1,3,1,1,0,0.7781739130434783,1.0,1.0,1.0,0,0,0,0,0
1,2,0,1,1,0,0,0,1,0,6,0,4,1,1,0,0.7682608695652173,1.0,1.0,1.0,0,0,0,0,0
1,2,0,1,1,0,1,0,0,1,5,1,2,1,1,0,0.7659130434782608,1.0,1.0,1.0,0,0,0,0,0
1,2,0,1,1,0,1,0,0,2,5,0,4,1,1,0,0.7706086956521739,0.07,1.0,1.0,0,0,0,0,0
1,2,0,1,1,0,1,0,1,2,2,1,2,1,1,0,0.7581739130434783,1.0,1.0,1.0,1,0,0,1,1
1,2,0,1,1,0,1,1,0,0,3,0,3,1,1,0,0.7538260869565216,1.0,1.0,1.0,0,0,0,0,0
1,2,0,1,1,0,1,1,0,2,5,1,3,1,1,0,0.7903478260869565,1.0,1.0,1.0,0,0,0,0,0
1,2,0,1,1,0,1,1,1,0,0,1,3,1,1,0,0.7709565217391304,1.0,1.0,1.0,0,0,0,0,0
1,2,0,1,1,1,0,0,0,0,0,1,2,1,1,0,0.7680869565217391,1.0,1.0,1.0,0,0,0,0,0
1,2,0,1,1,1,0,0,1,2,5,1,4,1,1,0,0.7713043478260869,1.0,1.0,1.0,1,0,0,1,1
1,2,0,1,1,1,0,1,0,2,4,0,2,1,1,0,0.7779130434782608,1.0,1.0,1.0,1,0,0,1,1
1,2,0,1,1,1,1,0,0,1,5,0,3,1,1,0,0.7747826086956522,1.0,1.0,1.0,0,0,0,0,0
1,2,0,1,1,1,1,1,0,0,3,1,4,1,1,0,0.7707826086956522,-0.03,1.0,1.0,0,0,0,0,0
1,2,0,1,1,1,1,1,0,1,0,1,3,1,1,0,0.7637391304347826,1.0,1.0,1.0,0,0,0,0,0
1,3,0,0,0,0,0,0,0,1,0,0,4,1,1,0,0.6747826086956521,1.0,1.0,1.0,0,0,0,0,0
1,3,0,0,0,0,0,1,0,1,3,1,3,1,1,0,0.6037391304347826,1.0,1.0,1.0,0,0,0,0,0
1,3,0,0,0,0,0,1,0,2,0,1,3,1,1,0,0.6719999999999999,1.0,1.0,1.0,0,0,0,0,0
1,3,0,0,0,0,0,1,1,0,3,1,4,1,1,0,0.6765217391304348,1.0,1.0,1.0,0,0,0,0,0
1,3,0,0,0,0,0,1,1,1,6,0,2,1,1,0,0.6166086956521739,1.0,1.0,1.0,0,0,0,0,0
1,3,0,0,0,0,1,0,0,2,6,1,3,1,1,0,0.5906956521739131,1.0,1.0,1.0,0,0,0,0,0
1,3,0,0,0,0,1,1,0,0,1,1,3,1,1,0,0.6081739130434782,1.0,1.0,1.0,0,0,0,0,0
1,3,0,0,0,0,1,1,1,0,5,1,3,1,1,0,0.6540869565217391,1.0,1.0,1.0,0,0,0,0,0
1,3,0,0,0,1,0,0,1,2,2,0,3,1,1,0,0.6496521739130434,1.0,1.0,1.0,0,0,0,0,0
1,3,0,0,0,1,0,1,0,0,3,0,4,1,1,0,0.6260869565217391,1.0,1.0,1.0,0,0,0,0,0
1,3,0,0,0,1,0,1,0,0,6,1,3,1,1,0,0.6761739130434783,1.0,1.0,1.0,0,0,0,0,0
1,3,0,0,0,1,0,1,0,2,3,0,3,1,1,0,0.6525217391304348,1.0,1.0,1.0,0,0,0,0,0
1,3,0,0,0,1,0,1,1,0,4,1,4,1,1,0,0.6843478260869564,1.0,1.0,1.0,0,0,0,0,0
1,3,0,0,0,1,0,1,1,2,1,1,2,1,1,0,0.6336521739130434,1.0,1.0,1.0,0,0,0,0,0
1,3,0,0,0,1,1,0,1,1,4,1,3,1,1,0,0.6257391304347826,1.0,1.0,1.0,0,0,0,0,0
1,3,0,0,0,1,1,0,1,2,3,0,2,1,1,0,0.6022608695652174,1.0,1.0,1.0,0,0,0,0,0
1,3,0,0,0,1,1,1,1,0,0,0,4,1,1,0,0.6917391304347826,1.0,1.0,1.0,0,0,0,0,0
1,3,0,0,1,0,0,0,0,0,3,1,3,1,1,0,0.6014782608695652,1.0,1.0,1.0,0,0,0,0,0
1,3,0,0,1,0,0,0,1,1,1,1,3,1,1,0,0.6022608695652174,1.0,1.0,1.0,0,0,0,0,0
1,3,0,0,1,0,1,1,0,1,3,1,4,1,1,0,0.686608695652174,1.0,1.0,1.0,0,0,0,0,0
1,3,0,0,1,0,1,1,1,0,0,0,2,1,1,0,0.6470434782608696,1.0,1.0,1.0,0,0,0,0,0
1,3,0,0,1,0,1,1,1,0,1,0,4,1,1,0,0.6856521739130435,1.0,1.0,1.0,0,0,0,0,0
1,3,0,0,1,1,0,0,0,2,5,0,2,1,1,0,0.6375652173913043,1.0,1.0,1.0,0,0,0,0,0
1,3,0,0,1,1,0,0,1,1,2,0,3,1,1,0,0.6197391304347826,1.0,1.0,1.0,0,0,0,0,0
1,3,0,0,1,1,0,0,1,2,5,0,3,1,1,0,0.6660869565217391,1.0,1.0,1.0,0,0,0,0,0
1,3,0,0,1,1,0,1,1,0,4,1,4,1,1,0,0.62,1.0,1.0,1.0,0,0,0,0,0
1,3,0,0,1,1,0,1,1,1,4,0,2,1,1,0,0.6409565217391304,1.0,1.0,1.0,0,0,0,0,0
1,3,0,0,1,1,1,0,0,1,2,1,4,1,1,0,0.6250434782608696,1.0,1.0,1.0,0,0,0,0,0
1,3,0,0,1,1,1,0,1,1,1,0,2,1,1,0,0.5966086956521739,1.0,1.0,1.0,0,0,0,0,0
1,3,0,1,0,0,0,1,0,0,0,1,4,1,1,0,0.6648695652173913,1.0,1.0,1.0,0,0,0,0,0
1,3,0,1,0,0,0,1,0,1,4,1,2,1,1,0,0.6409565217391304,1.0,1.0,1.0,0,0,0,0,0
1,3,0,1,0,0,0,1,1,0,2,1,4,1,1,0,0.6691304347826086,1.0,1.0,1.0,0,0,0,0,0
1,3,0,1,0,0,1,0,0,0,1,1,2,1,1,0,0.6236521739130434,1.0,1.0,1.0,0,0,0,0,0
1,3,0,1,0,0,1,0,1,2,2,1,3,1,1,0,0.6410434782608696,1.0,1.0,1.0,0,0,0,0,0
1,3,0,1,0,0,1,1,1,0,1,0,3,1,1,0,0.6469565217391304,1.0,1.0,1.0,0,0,0,0,0
1,3,0,1,0,1,0,0,0,0,1,0,3,1,1,0,0.6721739130434783,1.0,1.0,1.0,0,0,0,0,0
1,3,0,1,0,1,0,0,0,2,6,1,2,1,1,0,0.6393043478260869,1.0,1.0,1.0,0,0,0,0,0
1,3,0,1,0,1,0,0,1,2,6,0,3,1,1,0,0.6540869565217391,1.0,1.0,1.0,0,0,0,0,0
1,3,0,1,0,1,0,1,0,0,4,0,4,1,1,0,0.5981739130434782,1.0,1.0,1.0,0,0,0,0,0
1,3,0,1,0,1,0,1,1,0,6,1,3,1,1,0,0.6004347826086955,1.0,1.0,1.0,0,0,0,0,0
1,3,0,1,0,1,1,0,0,2,1,0,2,1,1,0,0.6153913043478261,1.0,1.0,1.0,0,0,0,0,0
1,3,0,1,0,1,1,0,1,1,4,1,2,1,1,0,0.6111304347826088,1.0,1.0,1.0,0,0,0,0,0
1,3,0,1,0,1,1,1,0,2,1,1,2,1,1,0,0.6283478260869565,1.0,1.0,1.0,0,0,0,0,0
1,3,0,1,0,1,1,1,0,2,5,1,4,1,1,0,0.658695652173913,0.04,1.0,1.0,0,1,0,0,1
1,3,0,1,0,1,1,1,1,0,1,1,3,1,1,0,0.5932173913043478,1.0,1.0,1.0,0,0,0,0,0
1,3,0,1,0,1,1,1,1,2,5,1,3,1,1,0,0.6703478260869564,1.0,1.0,1.0,0,0,0,0,0
1,3,0,1,1,0,0,0,1,2,5,1,3,1,1,0,0.6404347826086956,1.0,1.0,1.0,0,0,0,0,0
1,3,0,1,1,0,0,1,0,1,1,1,2,1,1,0,0.6144347826086956,1.0,1.0,1.0,0,0,0,0,0
1,3,0,1,1,0,1,0,0,0,2,1,3,1,1,0,0.6444347826086956,1.0,1.0,1.0,0,0,0,0,0
1,3,0,1,1,0,1,0,0,0,5,0,2,1,1,0,0.6270434782608696,1.0,1.0,1.0,0,0,0,0,0
1,3,0,1,1,0,1,0,0,2,5,1,3,1,1,0,0.6497391304347826,1.0,1.0,1.0,0,0,0,0,0
1,3,0,1,1,0,1,0,1,0,3,0,2,1,1,0,0.6458260869565218,1.0,1.0,1.0,0,0,0,0,0
1,3,0,1,1,0,1,0,1,1,0,0,4,1,1,0,0.612695652173913,0.06,1.0,1.0,0,0,0,0,0
1,3,0,1,1,0,1,0,1,2,5,1,2,1,1,0,0.5991304347826086,1.0,1.0,1.0,0,0,0,0,0
1,3,0,1,1,1,0,0,0,0,0,0,3,1,1,0,0.6098260869565217,1.0,1.0,1.0,0,0,0,0,0
1,3,0,1,1,1,0,0,0,0,2,1,4,1,1,0,0.6613913043478261,1.0,1.0,1.0,0,0,0,0,0
1,3,0,1,1,1,0,0,0,1,0,1,3,1,1,0,0.6386956521739131,1.0,1.0,1.0,0,0,0,0,0
1,3,0,1,1,1,1,0,1,1,1,0,4,1,1,0,0.698695652173913,-0.04,1.0,1.0,0,0,0,0,0
1,3,0,1,1,1,1,1,0,0,1,1,2,1,1,0,0.6278260869565218,1.0,1.0,1.0,0,0,0,0,0
1,3,0,1,1,1,1,1,1,0,3,0,2,1,1,0,0.6274782608695653,1.0,1.0,1.0,0,0,0,0,0
1,3,0,1,1,1,1,1,1,0,4,1,3,1,1,0,0.5964347826086955,1.0,1.0,1.0,0,0,0,0,0
1,3,0,1,1,1,1,1,1,1,1,0,4,1,1,0,0.7005217391304348,0.1,1.0,1.0,0,0,0,0,0
2,0,0,0,0,0,1,0,0,0,4,1,3,1,1,0,0.5518260869565217,1.0,1.0,1.0,0,0,0,0,0
2,0,0,0,0,0,1,0,0,1,6,1,3,1,1,0,0.5474782608695652,1.0,1.0,1.0,0,0,0,0,0
2,0,0,0,0,0,1,0,1,2,5,0,2,1,1,0,0.5313043478260868,1.0,1.0,1.0,0,0,0,0,0
2,0,0,0,0,0,1,0,1,2,6,0,3,1,1,0,0.5474782608695652,1.0,1.0,1.0,0,0,0,0,0
2,0,0,0,0,0,1,1,0,0,3,0,2,1,1,0,0.5313043478260868,1.0,1.0,1.0,0,0,0,0,0
2,0,0,0,0,1,0,0,1,2,3,0,3,1,1,0,0.4858260869565216,1.0,1.0,1.0,0,0,0,0,0
2,0,0,0,0,1,1,0,0,0,3,1,2,1,1,0,0.5792173913043478,1.0,1.0,1.0,0,0,0,0,0
2,0,0,0,0,1,1,1,0,0,5,0,3,1,1,0,0.5216521739130434,1.0,1.0,1.0,1,0,0,0,1
2,0,0,0,0,1,1,1,0,1,4,1,3,1,1,0,0.4989565217391304,1.0,1.0,1.0,0,0,0,0,0
2,0,0,0,1,0,0,0,1,1,1,0,2,1,1,0,0.532695652173913,1.0,1.0,1.0,0,0,0,0,0
2,0,0,0,1,0,0,0,1,1,4,1,3,1,1,0,0.5474782608695652,1.0,1.0,1.0,0,0,0,0,0
2,0,0,0,1,0,0,1,0,2,5,0,4,1,1,0,0.5467826086956522,1.0,1.0,1.0,0,0,0,0,0
2,0,0,0,1,0,0,1,1,0,1,0,2,1,1,0,0.5313043478260868,1.0,1.0,1.0,0,0,0,0,0
2,0,0,0,1,0,0,1,1,0,5,1,4,1,1,0,0.6015652173913043,1.0,1.0,1.0,0,0,0,0,0
2,0,0,0,1,0,0,1,1,2,5,1,2,1,1,0,0.5744347826086956,1.0,1.0,1.0,0,0,0,0,0
2,0,0,0,1,0,1,0,1,1,5,0,4,1,1,0,0.6169565217391304,1.0,1.0,1.0,0,0,0,0,0
2,0,0,0,1,0,1,1,1,1,3,0,4,1,1,0,0.5467826086956522,1.0,1.0,1.0,0,0,0,0,0
2,0,0,0,1,0,1,1,1,1,6,1,4,1,1,0,0.5775652173913043,1.0,1.0,1.0,0,0,0,0,0
2,0,0,0,1,1,0,0,0,1,6,1,2,1,1,0,0.5202608695652173,1.0,1.0,1.0,0,0,0,0,0
2,0,0,0,1,1,0,0,0,2,3,1,4,1,1,0,0.6705217391304348,1.0,1.0,1.0,1,0,0,0,1
2,0,0,0,1,1,0,0,1,1,4,0,2,1,1,0,0.5487826086956521,1.0,1.0,1.0,0,0,0,0,0
2,0,0,0,1,1,0,1,0,1,1,1,3,1,1,0,0.5513043478260868,1.0,1.0,1.0,0,0,0,0,0
2,0,0,0,1,1,0,1,1,1,2,1,4,1,1,0,0.5466086956521738,1.0,1.0,1.0,0,0,0,0,0
2,0,0,0,1,1,1,0,0,1,2,1,4,1,1,0,0.6436521739130434,1.0,1.0,1.0,0,0,0,0,0
2,0,0,0,1,1,1,0,1,0,1,1,4,1,1,0,0.6003478260869565,1.0,1.0,1.0,1,0,0,0,1
2,0,0,0,1,1,1,0,1,1,1,1,4,1,1,0,0.608,1.0,1.0,1.0,0,0,0,0,0
2,0,0,0,1,1,1,1,1,0,1,0,2,1,1,0,0.5224347826086956,1.0,1.0,1.0,0,0,0,0,0
2,0,0,1,0,0,0,0,0,1,5,0,2,1,1,0,0.5234782608695652,1.0,1.0,1.0,0,0,0,0,0
2,0,0,1,0,0,0,1,1,2,5,0,3,1,1,0,0.5474782608695652,1.0,1.0,1.0,0,0,0,0,0
2,0,0,1,0,0,1,0,1,2,4,1,2,1,1,0,0.5221739130434782,1.0,1.0,1.0,0,0,0,0,0
2,0,0,1,0,0,1,1,0,1,4,0,2,1,1,0,0.5344347826086957,1.0,1.0,1.0,0,0,0,0,0
2,0,0,1,0,0,1,1,1,0,2,0,4,1,1,0,0.5467826086956522,1.0,1.0,1.0,0,0,0,0,0
2,0,0,1,0,1,0,0,0,2,6,0,4,1,1,0,0.6333913043478261,1.0,1.0,1.0,1,0,0,0,1
2,0,0,1,0,1,0,0,1,0,3,0,2,1,1,0,0.5304347826086956,1.0,1.0,1.0,0,0,0,0,0
2,0,0,1,0,1,0,0,1,1,2,0,3,1,1,0,0.5610434782608695,1.0,1.0,1.0,0,0,0,0,0
2,0,0,1,0,1,0,1,0,0,4,1,2,1,1,0,0.5313043478260868,1.0,1.0,1.0,0,0,0,0,0
2,0,0,1,0,1,0,1,0,1,2,1,2,1,1,0,0.5339130434782609,1.0,1.0,1.0,0,0,0,0,0
2,0,0,1,0,1,1,0,0,1,6,0,2,1,1,0,0.5506086956521739,1.0,1.0,1.0,0,0,0,0,0
2,0,0,1,0,1,1,1,0,0,2,1,2,1,1,0,0.5339130434782609,1.0,1.0,1.0,0,0,0,0,0
2,0,0,1,0,1,1,1,1,0,5,1,2,1,1,0,0.5640000000000001,1.0,1.0,1.0,0,0,0,0,0
2,0,0,1,1,0,0,0,0,2,5,0,4,1,1,0,0.5467826086956522,1.0,1.0,1.0,0,0,0,0,0
2,0,0,1,1,0,0,1,1,0,3,1,2,1,1,0,0.5236521739130435,1.0,1.0,1.0,0,0,0,0,0
2,0,0,1,1,0,0,1,1,2,0,0,3,1,1,0,0.5610434782608695,1.0,1.0,1.0,0,0,0,0,0
2,0,0,1,1,0,0,1,1,2,5,0,2,1,1,0,0.5220869565217391,1.0,1.0,1.0,0,0,0,0,0
2,0,0,1,1,0,1,0,0,2,5,0,2,1,1,0,0.5313043478260868,1.0,1.0,1.0,0,0,0,0,0
2,0,0,1,1,0,1,0,1,0,0,1,2,1,1,0,0.5419130434782609,1.0,1.0,1.0,0,0,0,0,0
2,0,0,1,1,0,1,0,1,1,1,0,3,1,1,0,0.5474782608695652,1.0,1.0,1.0,0,0,0,0,0
2,0,0,1,1,0,1,1,1,1,2,0,4,1,1,0,0.5467826086956522,1.0,1.0,1.0,0,0,0,0,0
2,0,0,1,1,1,0,0,0,1,4,0,4,1,1,0,0.6608695652173913,1.0,1.0,1.0,0,0,0,0,0
2,0,0,1,1,1,0,0,1,2,6,1,3,1,1,0,0.516695652173913,1.0,1.0,1.0,0,0,0,0,0
2,0,0,1,1,1,0,1,0,0,5,0,4,1,1,0,0.6684347826086956,1.0,1.0,1.0,1,0,0,0,1
2,0,0,1,1,1,1,0,0,1,0,0,4,1,1,0,0.7104347826086956,1.0,1.0,1.0,1,0,0,0,1
2,0,0,1,1,1,1,0,0,2,6,0,2,1,1,0,0.5575652173913043,1.0,1.0,1.0,1,0,0,1,1
2,0,0,1,1,1,1,0,1,2,2,0,4,1,1,0,0.6048695652173912,1.0,1.0,1.0,1,0,0,0,1
2,0,0,1,1,1,1,1,0,0,5,1,4,1,1,0,0.6494782608695652,1.0,1.0,1.0,1,0,0,0,1
2,1,0,0,0,0,0,1,0,0,3,1,3,1,1,0,0.6474782608695653,1.0,1.0,1.0,1,0,0,0,1
2,1,0,0,0,0,0,1,1,1,6,0,3,1,1,0,0.5814782608695652,1.0,1.0,1.0,0,0,0,0,0
2,1,0,0,0,0,1,1,0,0,2,1,3,1,1,0,0.6143478260869565,1.0,1.0,1.0,0,0,0,0,0
2,1,0,0,0,1,0,0,0,2,6,1,2,1,1,0,0.6266086956521739,1.0,1.0,1.0,0,0,0,0,0
2,1,0,0,0,1,0,0,1,1,4,1,2,1,1,0,0.6326086956521739,1.0,1.0,1.0,0,0,0,0,0
2,1,0,0,0,1,0,1,1,0,5,1,4,1,1,0,0.6678260869565217,1.0,1.0,1.0,1,0,0,0,1
2,1,0,0,0,1,0,1,1,2,1,1,4,1,1,0,0.570086956521739,1.0,1.0,1.0,0,0,0,0,0
2,1,0,0,0,1,1,0,0,2,5,0,2,1,1,0,0.626782608695652,1.0,1.0,1.0,0,0,0,0,0
2,1,0,0,0,1,1,0,0,2,6,1,3,1,1,0,0.6163478260869565,1.0,1.0,1.0,0,0,0,0,0
2,1,0,0,0,1,1,1,0,1,2,0,2,1,1,0,0.6246956521739131,1.0,1.0,1.0,0,0,0,0,0
2,1,0,0,0,1,1,1,0,1,2,0,4,1,1,0,0.5961739130434782,1.0,1.0,1.0,0,0,0,0,0
2,1,0,0,0,1,1,1,1,0,2,1,3,1,1,0,0.5806956521739131,1.0,1.0,1.0,0,0,0,0,0
2,1,0,0,1,0,0,0,1,0,1,0,3,1,1,0,0.5814782608695652,1.0,1.0,1.0,0,0,0,0,0
2,1,0,0,1,0,0,1,0,2,4,1,2,1,1,0,0.6323478260869565,1.0,1.0,1.0,0,0,0,0,0
2,1,0,0,1,0,1,0,0,2,4,1,3,1,1,0,0.5826956521739131,1.0,1.0,1.0,0,0,0,0,0
2,1,0,0,1,0,1,0,1,0,2,1,3,1,1,0,0.5812173913043478,1.0,1.0,1.0,0,0,0,0,0
2,1,0,0,1,0,1,0,1,2,1,1,4,1,1,0,0.6441739130434783,1.0,1.0,1.0,0,0,0,0,0
2,1,0,0,1,0,1,0,1,2,3,0,2,1,1,0,0.6191304347826087,1.0,1.0,1.0,0,0,0,0,0
2,1,0,0,1,0,1,0,1,2,5,1,4,1,1,0,0.6441739130434783,1.0,1.0,1.0,0,0,0,0,0
2,1,0,0,1,0,1,1,0,1,0,0,2,1,1,0,0.6191304347826087,1.0,1.0,1.0,0,0,0,0,0
2,1,0,0,1,1,0,0,0,2,6,1,2,1,1,0,0.626782608695652,1.0,1.0,1.0,0,0,0,0,0
2,1,0,0,1,1,1,0,0,2,5,1,3,1,1,0,0.6098260869565217,1.0,1.0,1.0,0,0,0,0,0
2,1,0,0,1,1,1,0,1,2,0,1,3,1,1,0,0.6089565217391304,1.0,1.0,1.0,0,0,0,0,0
2,1,0,0,1,1,1,1,1,2,6,0,2,1,1,0,0.6191304347826087,1.0,1.0,1.0,0,0,0,0,0
2,1,0,1,0,0,0,1,0,0,2,0,4,1,1,0,0.5897391304347825,1.0,1.0,1.0,0,0,0,0,0
2,1,0,1,0,0,0,1,1,0,6,1,2,1,1,0,0.6192173913043477,1.0,1.0,1.0,0,0,0,0,0
2,1,0,1,0,0,0,1,1,2,4,1,4,1,1,0,0.6441739130434783,1.0,1.0,1.0,0,0,0,0,0
2,1,0,1,0,0,1,0,1,1,6,0,2,1,1,0,0.6191304347826087,1.0,1.0,1.0,0,0,0,0,0
2,1,0,1,0,0,1,1,0,0,3,0,2,1,1,0,0.6191304347826087,1.0,1.0,1.0,0,0,0,0,0
2,1,0,1,0,0,1,1,0,0,5,1,2,1,1,0,0.6614782608695652,1.0,1.0,1.0,0,0,0,0,0
2,1,0,1,0,0,1,1,0,1,6,0,2,1,1,0,0.6191304347826087,1.0,1.0,1.0,0,0,0,0,0
2,1,0,1,0,0,1,1,1,1,1,0,2,1,1,0,0.6191304347826087,1.0,1.0,1.0,0,0,0,0,0
2,1,0,1,0,1,0,1,0,1,4,1,2,1,1,0,0.6373043478260869,1.0,1.0,1.0,0,0,0,0,0
2,1,0,1,0,1,0,1,0,2,0,1,4,1,1,0,0.6071304347826088,1.0,1.0,1.0,1,0,0,0,1
2,1,0,1,0,1,0,1,0,2,5,0,3,1,1,0,0.5827826086956521,1.0,1.0,1.0,0,0,0,0,0
2,1,0,1,0,1,1,0,0,2,0,0,2,1,1,0,0.6308695652173912,1.0,1.0,1.0,0,0,0,0,0
2,1,0,1,0,1,1,0,1,0,1,1,2,1,1,0,0.6145217391304347,1.0,1.0,1.0,0,0,0,0,0
2,1,0,1,0,1,1,0,1,2,2,1,2,1,1,0,0.6317391304347826,1.0,1.0,1.0,0,0,0,0,0
2,1,0,1,0,1,1,1,1,1,0,1,2,1,1,0,0.6191304347826087,1.0,1.0,1.0,0,0,0,0,0
2,1,0,1,1,0,0,0,1,0,3,0,3,1,1,0,0.5814782608695652,1.0,1.0,1.0,0,0,0,0,0
2,1,0,1,1,0,0,1,1,1,1,1,4,1,1,0,0.7192173913043478,1.0,1.0,1.0,1,0,0,0,1
2,1,0,1,1,0,1,1,0,0,0,0,3,1,1,0,0.5814782608695652,1.0,1.0,1.0,0,0,0,0,0
2,1,0,1,1,0,1,1,0,0,4,0,2,1,1,0,0.6191304347826087,1.0,1.0,1.0,0,0,0,0,0
2,1,0,1,1,1,0,0,0,2,2,0,4,1,1,0,0.5897391304347825,1.0,1.0,1.0,0,0,0,0,0
2,1,0,1,1,1,0,0,0,2,6,1,3,1,1,0,0.5826956521739131,1.0,1.0,1.0,0,0,0,0,0
2,1,0,1,1,1,0,1,0,2,5,0,3,1,1,0,0.5843478260869566,1.0,1.0,1.0,0,0,0,0,0
2,1,0,1,1,1,0,1,0,2,6,1,2,1,1,0,0.6454782608695652,1.0,1.0,1.0,0,0,0,0,0
2,1,0,1,1,1,0,1,1,0,1,0,4,1,1,0,0.6144347826086956,1.0,1.0,1.0,0,0,0,0,0
2,1,0,1,1,1,0,1,1,0,4,0,3,1,1,0,0.5762608695652174,1.0,1.0,1.0,0,0,0,0,0
2,1,0,1,1,1,0,1,1,2,3,0,2,1,1,0,0.6339130434782608,1.0,1.0,1.0,0,0,0,0,0
2,1,0,1,1,1,1,0,0,0,5,0,4,1,1,0,0.6066086956521739,-0.02,1.0,1.0,0,0,0,0,0
2,1,0,1,1,1,1,0,0,2,4,1,3,1,1,0,0.5970434782608696,1.0,1.0,1.0,1,0,0,0,1
2,1,0,1,1,1,1,1,1,0,0,1,2,1,1,0,0.6180869565217391,1.0,1.0,1.0,0,0,0,0,0
2,2,0,0,0,0,0,0,0,2,6,0,3,1,1,0,0.7307826086956521,1.0,1.0,1.0,0,0,0,0,0
2,2,0,0,0,0,0,0,1,1,1,0,4,1,1,0,0.7216521739130435,1.0,1.0,1.0,0,0,0,0,0
2,2,0,0,0,0,0,0,1,1,4,1,3,1,1,0,0.7307826086956521,1.0,1.0,1.0,0,0,0,0,0
2,2,0,0,0,0,0,0,1,2,6,0,2,1,1,0,0.7629565217391304,1.0,1.0,1.0,0,0,0,0,0
2,2,0,0,0,0,0,1,0,0,3,1,3,1,1,0,0.7307826086956521,1.0,1.0,1.0,0,0,0,0,0
2,2,0,0,0,0,1,0,0,1,0,0,3,1,1,0,0.7245217391304347,1.0,1.0,1.0,0,0,0,0,0
2,2,0,0,0,0,1,0,0,1,2,1,3,1,1,0,0.7307826086956521,1.0,1.0,1.0,0,0,0,0,0
2,2,0,0,0,0,1,0,0,1,4,0,2,1,1,0,0.7629565217391304,1.0,1.0,1.0,0,0,0,0,0
2,2,0,0,0,0,1,0,1,0,4,0,4,1,1,0,0.7243478260869565,1.0,1.0,1.0,0,0,0,0,0
2,2,0,0,0,0,1,0,1,1,0,1,3,1,1,0,0.7307826086956521,1.0,1.0,1.0,0,0,0,0,0
2,2,0,0,0,0,1,0,1,1,6,0,3,1,1,0,0.7307826086956521,1.0,1.0,1.0,0,0,0,0,0
2,2,0,0,0,0,1,1,1,0,6,0,2,1,1,0,0.7615652173913043,1.0,1.0,1.0,0,0,0,0,0
2,2,0,0,0,0,1,1,1,1,0,1,2,1,1,0,0.7639130434782608,1.0,1.0,1.0,0,0,0,0,0
2,2,0,0,0,0,1,1,1,2,3,0,4,1,1,0,0.7243478260869565,1.0,1.0,1.0,0,0,0,0,0
2,2,0,0,0,0,1,1,1,2,4,1,4,1,1,0,0.7243478260869565,1.0,1.0,1.0,0,0,0,0,0
2,2,0,0,0,1,0,0,0,0,1,1,4,1,1,0,0.7243478260869565,1.0,1.0,1.0,0,0,0,0,0
2,2,0,0,0,1,0,1,0,0,4,0,2,1,1,0,0.7629565217391304,1.0,1.0,1.0,0,0,0,0,0
2,2,0,0,0,1,1,0,1,0,0,1,3,1,1,0,0.7307826086956521,1.0,1.0,1.0,0,0,0,0,0
2,2,0,0,0,1,1,0,1,2,6,0,4,1,1,0,0.7243478260869565,1.0,1.0,1.0,0,0,0,0,0
2,2,0,0,0,1,1,1,0,2,3,0,2,1,1,0,0.7629565217391304,1.0,1.0,1.0,0,0,0,0,0
2,2,0,0,1,0,0,0,1,2,0,1,2,1,1,0,0.7606086956521739,1.0,1.0,1.0,0,0,0,0,0
2,2,0,0,1,0,0,1,0,1,3,1,3,1,1,0,0.7307826086956521,1.0,1.0,1.0,0,0,0,0,0
2,2,0,0,1,0,0,1,0,2,1,1,4,1,1,0,0.7290434782608696,1.0,1.0,1.0,0,0,0,0,0
2,2,0,0,1,0,0,1,1,0,1,0,3,1,1,0,0.7307826086956521,1.0,1.0,1.0,0,0,0,0,0
2,2,0,0,1,0,1,1,0,1,0,1,3,1,1,0,0.73,1.0,1.0,1.0,0,0,0,0,0
2,2,0,0,1,0,1,1,1,1,1,1,3,1,1,0,0.7307826086956521,1.0,1.0,1.0,0,0,0,0,0
2,2,0,0,1,0,1,1,1,1,2,0,2,1,1,0,0.7654782608695652,1.0,1.0,1.0,0,0,0,0,0
2,2,0,0,1,0,1,1,1,2,0,0,4,1,1,0,0.7243478260869565,1.0,1.0,1.0,0,0,0,0,0
2,2,0,0,1,1,0,0,0,1,5,1,2,1,1,0,0.7629565217391304,1.0,1.0,1.0,0,0,0,0,0
2,2,0,0,1,1,0,0,1,1,3,1,3,1,1,0,0.7332173913043478,1.0,1.0,1.0,0,0,0,0,0
2,2,0,0,1,1,0,1,0,1,4,1,4,1,1,0,0.7243478260869565,1.0,1.0,1.0,0,0,0,0,0
2,2,0,0,1,1,0,1,0,2,0,0,2,1,1,0,0.7619130434782608,1.0,1.0,1.0,0,0,0,0,0
2,2,0,0,1,1,0,1,1,0,0,0,4,1,1,0,0.7243478260869565,1.0,1.0,1.0,0,0,0,0,0
2,2,0,0,1,1,0,1,1,0,3,1,3,1,1,0,0.7307826086956521,1.0,1.0,1.0,0,0,0,0,0
2,2,0,0,1,1,0,1,1,1,2,0,2,1,1,0,0.7624347826086957,1.0,1.0,1.0,0,0,0,0,0
2,2,0,0,1,1,0,1,1,1,6,0,3,1,1,0,0.7307826086956521,1.0,1.0,1.0,0,0,0,0,0
2,2,0,0,1,1,1,0,0,2,4,0,3,1,1,0,0.7307826086956521,1.0,1.0,1.0,0,0,0,0,0
2,2,0,0,1,1,1,1,0,0,1,1,4,1,1,0,0.7243478260869565,1.0,1.0,1.0,0,0,0,0,0
2,2,0,0,1,1,1,1,0,1,5,0,2,1,1,0,0.7665217391304348,1.0,1.0,1.0,0,0,0,0,0
2,2,0,1,0,0,0,0,0,1,2,0,4,1,1,0,0.5797391304347825,1.0,1.0,1.0,1,0,0,0,1
2,2,0,1,0,0,0,0,0,2,0,0,4,1,1,0,0.6274782608695653,1.0,1.0,1.0,1,0,0,0,1
2,2,0,1,0,0,0,1,0,0,5,0,2,1,1,0,0.7603478260869565,1.0,1.0,1.0,0,0,0,0,0
2,2,0,1,0,0,0,1,0,1,1,1,4,1,1,0,0.683304347826087,1.0,1.0,1.0,1,0,0,0,1
2,2,0,1,0,0,0,1,1,2,3,0,3,1,1,0,0.6533043478260869,1.0,1.0,1.0,1,0,0,0,1
2,2,0,1,0,1,0,0,0,0,1,0,3,1,1,0,0.6613913043478261,1.0,1.0,1.0,0,0,0,0,0
2,2,0,1,0,1,0,0,0,2,4,0,3,1,1,0,0.6300869565217391,1.0,1.0,1.0,0,0,0,0,0
2,2,0,1,0,1,0,1,1,0,2,0,2,1,1,0,0.7629565217391304,1.0,1.0,1.0,0,0,0,0,0
2,2,0,1,0,1,1,0,0,0,0,1,3,1,1,0,0.531391304347826,0.03,1.0,1.0,1,0,0,0,1
2,2,0,1,0,1,1,0,0,2,2,0,2,1,1,0,0.7669565217391304,1.0,1.0,1.0,0,0,0,0,0
2,2,0,1,0,1,1,0,1,0,2,0,2,1,1,0,0.7617391304347826,1.0,1.0,1.0,0,0,0,0,0
2,2,0,1,0,1,1,1,0,1,5,0,3,1,1,0,0.4724347826086956,-0.22,1.0,1.0,1,0,0,0,1
2,2,0,1,1,0,0,0,0,2,4,0,3,1,1,0,0.7379130434782608,1.0,1.0,1.0,1,0,0,0,1
2,2,0,1,1,0,1,0,0,0,1,0,4,1,1,0,0.4885217391304348,0.01,1.0,1.0,1,0,0,0,1
2,2,0,1,1,0,1,0,0,1,6,1,2,1,1,0,0.7591304347826087,1.0,1.0,1.0,0,0,0,0,0
2,2,0,1,1,0,1,0,1,1,3,1,3,1,1,0,0.686608695652174,0.0,1.0,1.0,0,0,0,0,0
2,2,0,1,1,0,1,0,1,1,5,0,2,1,1,0,0.764,1.0,1.0,1.0,0,0,0,0,0
2,2,0,1,1,0,1,1,1,0,5,0,2,1,1,0,0.7622608695652173,1.0,1.0,1.0,0,0,0,0,0
2,2,0,1,1,0,1,1,1,1,1,0,4,1,1,0,0.578695652173913,0.02,1.0,1.0,1,0,0,0,1
2,2,0,1,1,0,1,1,1,1,2,1,2,1,1,0,0.7618260869565218,1.0,1.0,1.0,0,0,0,0,0
2,2,0,1,1,0,1,1,1,2,1,1,2,1,1,0,0.7598260869565217,1.0,1.0,1.0,0,0,0,0,0
2,2,0,1,1,1,0,0,0,1,6,1,4,1,1,0,0.3394782608695651,1.0,1.0,1.0,1,0,0,0,1
2,2,0,1,1,1,0,0,0,2,2,0,2,1,1,0,0.7606086956521739,1.0,1.0,1.0,0,0,0,0,0
2,2,0,1,1,1,0,0,1,2,4,0,2,1,1,0,0.7606086956521739,1.0,1.0,1.0,0,0,0,0,0
2,2,0,1,1,1,0,0,1,2,4,0,3,1,1,0,0.6091304347826086,1.0,1.0,1.0,1,0,0,0,1
2,2,0,1,1,1,0,1,0,1,3,0,2,1,1,0,0.7615652173913043,1.0,1.0,1.0,0,0,0,0,0
2,2,0,1,1,1,0,1,1,2,2,1,3,1,1,0,0.341304347826087,1.0,1.0,1.0,1,0,0,0,1
2,2,0,1,1,1,1,0,0,0,6,1,4,1,1,0,0.699391304347826,-0.0,1.0,1.0,0,0,0,0,0
2,2,0,1,1,1,1,0,0,1,6,1,2,1,1,0,0.7608695652173912,1.0,1.0,1.0,0,0,0,0,0
2,2,0,1,1,1,1,0,1,0,6,0,3,1,1,0,0.7320869565217392,0.0,1.0,1.0,0,0,0,0,0
2,2,0,1,1,1,1,0,1,2,5,1,2,1,1,0,0.7629565217391304,1.0,1.0,1.0,0,0,0,0,0
2,2,0,1,1,1,1,1,1,1,4,1,3,1,1,0,0.734,0.01,1.0,1.0,0,0,0,0,0
2,3,0,0,0,0,0,0,0,2,6,1,3,1,1,0,0.4503478260869564,1.0,0.14,1.0,0,0,1,0,1
2,3,0,0,0,0,0,0,1,0,0,1,4,1,1,0,0.4503478260869564,1.0,0.2,1.0,0,0,1,0,1
2,3,0,0,0,0,0,1,1,0,2,1,4,1,1,0,0.4503478260869564,1.0,0.26,1.0,0,0,1,1,1
2,3,0,0,0,0,1,1,0,1,1,0,4,1,1,0,0.4503478260869564,1.0,0.25,1.0,0,0,0,0,0
2,3,0,0,0,0,1,1,0,2,4,1,4,1,1,0,0.4503478260869564,1.0,0.25,1.0,0,0,1,0,1
2,3,0,0,0,0,1,1,1,0,5,0,4,1,1,0,0.4503478260869564,1.0,0.25,1.0,0,0,0,0,0
2,3,0,0,0,0,1,1,1,0,6,0,4,1,1,0,0.4503478260869564,1.0,0.25,1.0,0,0,0,0,0
2,3,0,0,0,1,0,0,0,1,1,0,2,1,1,0,0.4503478260869564,1.0,0.13,1.0,0,0,1,0,1
2,3,0,0,0,1,0,1,0,0,2,0,4,1,1,0,0.4503478260869564,1.0,0.25,1.0,0,0,0,0,0
2,3,0,0,0,1,0,1,0,1,0,0,3,1,1,0,0.4503478260869564,1.0,0.17,1.0,0,0,0,0,0
2,3,0,0,0,1,0,1,1,1,1,1,4,1,1,0,0.4503478260869564,1.0,0.21,1.0,0,0,1,0,1
2,3,0,0,0,1,1,1,0,1,2,0,2,1,1,0,0.4503478260869564,1.0,0.11,1.0,0,0,0,0,0
2,3,0,0,0,1,1,1,0,2,3,0,4,1,1,0,0.4503478260869564,1.0,0.25,1.0,0,0,0,0,0
2,3,0,0,0,1,1,1,1,1,1,1,4,1,1,0,0.4503478260869564,1.0,0.25,1.0,0,0,1,0,1
2,3,0,0,1,0,0,0,0,0,2,0,3,1,1,0,0.4503478260869564,1.0,0.17,1.0,0,0,0,0,0
2,3,0,0,1,0,0,0,1,2,3,0,2,1,1,0,0.4503478260869564,1.0,0.11,1.0,0,0,0,0,0
2,3,0,0,1,0,0,1,1,0,1,0,4,1,1,0,0.4503478260869564,1.0,0.25,1.0,0,0,0,0,0
2,3,0,0,1,0,0,1,1,2,3,1,3,1,1,0,0.4503478260869564,1.0,0.16,1.0,0,0,1,0,1
2,3,0,0,1,0,1,0,1,1,1,1,4,1,1,0,0.4503478260869564,1.0,0.21,1.0,0,0,1,0,1
2,3,0,0,1,0,1,1,0,0,2,1,3,1,1,0,0.4503478260869564,1.0,0.19,1.0,0,0,1,0,1
2,3,0,0,1,1,0,0,0,0,3,1,3,1,1,0,0.4503478260869564,1.0,0.11,1.0,0,0,1,0,1
2,3,0,0,1,1,0,0,1,0,5,1,4,1,1,0,0.4503478260869564,1.0,0.18,1.0,0,0,1,0,1
2,3,0,0,1,1,0,0,1,2,2,0,2,1,1,0,0.4503478260869564,1.0,0.11,1.0,0,0,0,0,0
2,3,0,0,1,1,1,0,1,0,5,0,2,1,1,0,0.4503478260869564,1.0,0.11,1.0,0,0,0,0,0
2,3,0,0,1,1,1,0,1,1,3,0,4,1,1,0,0.4503478260869564,1.0,0.25,1.0,0,0,0,0,0
2,3,0,0,1,1,1,0,1,2,5,1,4,1,1,0,0.4503478260869564,1.0,0.25,1.0,0,0,1,0,1
2,3,0,0,1,1,1,0,1,2,6,0,3,1,1,0,0.4503478260869564,1.0,0.18,1.0,0,0,0,0,0
2,3,0,1,0,0,0,0,0,0,4,0,2,1,1,0,0.4503478260869564,1.0,0.11,1.0,0,0,0,0,0
2,3,0,1,0,0,0,0,0,1,3,1,4,1,1,0,0.4503478260869564,1.0,0.25,1.0,0,0,1,0,1
2,3,0,1,0,0,0,0,1,0,4,1,2,1,1,0,0.4503478260869564,1.0,0.17,1.0,0,0,1,0,1
2,3,0,1,0,0,0,0,1,2,4,0,3,1,1,0,0.4503478260869564,1.0,0.17,1.0,0,0,0,0,0
2,3,0,1,0,0,0,1,1,1,1,0,2,1,1,0,0.4503478260869564,1.0,0.11,1.0,0,0,0,0,0
2,3,0,1,0,0,1,0,0,2,3,0,4,1,1,0,0.4503478260869564,-0.01,0.25,1.0,0,0,0,0,0
2,3,0,1,0,0,1,1,1,0,1,0,2,1,1,0,0.4503478260869564,1.0,0.11,1.0,0,0,0,0,0
2,3,0,1,0,0,1,1,1,1,0,1,4,1,1,0,0.4503478260869564,0.1,0.25,1.0,0,1,1,0,1
2,3,0,1,0,1,0,0,1,2,6,1,3,1,1,0,0.4503478260869564,1.0,0.13,1.0,0,0,1,0,1
2,3,0,1,0,1,0,1,0,2,5,0,2,1,1,0,0.4503478260869564,1.0,0.11,1.0,0,0,0,0,0
2,3,0,1,0,1,0,1,1,0,1,0,3,1,1,0,0.4503478260869564,1.0,0.17,1.0,0,0,0,0,0
2,3,0,1,0,1,0,1,1,1,2,0,3,1,1,0,0.4503478260869564,1.0,0.17,1.0,0,0,0,0,0
2,3,0,1,0,1,0,1,1,2,0,0,2,1,1,0,0.4503478260869564,1.0,0.11,1.0,0,0,0,0,0
2,3,0,1,0,1,0,1,1,2,3,0,2,1,1,0,0.4503478260869564,1.0,0.11,1.0,0,0,0,0,0
2,3,0,1,0,1,1,0,0,1,5,0,3,1,1,0,0.4503478260869564,0.93,0.17,1.0,0,0,0,0,0
2,3,0,1,0,1,1,0,0,2,4,1,4,1,1,0,0.4503478260869564,-0.05,0.24,1.0,0,0,1,0,1
2,3,0,1,0,1,1,0,1,1,5,1,3,1,1,0,0.4503478260869564,1.0,0.12,1.0,0,1,1,0,1
2,3,0,1,0,1,1,0,1,2,5,0,4,1,1,0,0.4503478260869564,0.07,0.25,1.0,0,0,0,0,0
2,3,0,1,0,1,1,1,0,0,0,0,2,1,1,0,0.4503478260869564,1.0,0.11,1.0,0,0,0,0,0
2,3,0,1,0,1,1,1,0,2,4,0,4,1,1,0,0.4503478260869564,0.07,0.25,1.0,0,0,0,0,0
2,3,0,1,1,0,0,0,0,1,3,1,2,1,1,0,0.4503478260869564,1.0,0.15,1.0,0,0,1,0,1
2,3,0,1,1,0,0,0,1,1,4,0,3,1,1,0,0.4503478260869564,1.0,0.17,1.0,0,0,0,0,0
2,3,0,1,1,0,1,0,1,0,1,0,2,1,1,0,0.4503478260869564,1.0,0.11,1.0,0,0,0,0,0
2,3,0,1,1,0,1,0,1,2,2,0,2,1,1,0,0.4503478260869564,1.0,0.11,1.0,0,0,0,0,0
2,3,0,1,1,0,1,1,0,1,0,1,2,1,1,0,0.4503478260869564,1.0,0.11,1.0,0,0,1,0,1
2,3,0,1,1,0,1,1,1,0,5,0,3,1,1,0,0.4503478260869564,1.0,0.17,1.0,0,0,0,0,0
2,3,0,1,1,0,1,1,1,1,0,0,3,1,1,0,0.4503478260869564,1.0,0.17,1.0,0,0,0,0,0
2,3,0,1,1,0,1,1,1,1,0,1,4,1,1,0,0.4503478260869564,-0.05,0.18,1.0,1,1,1,0,1
2,3,0,1,1,0,1,1,1,1,6,1,4,1,1,0,0.4503478260869564,0.07,0.24,1.0,0,0,1,0,1
2,3,0,1,1,1,0,0,1,0,6,0,3,1,1,0,0.4503478260869564,1.0,0.18,1.0,0,0,0,0,0
2,3,0,1,1,1,0,0,1,2,1,1,4,1,1,0,0.4503478260869564,1.0,0.23,1.0,0,0,1,0,1
2,3,0,1,1,1,0,0,1,2,3,1,2,1,1,0,0.4503478260869564,1.0,0.14,1.0,0,0,1,0,1
2,3,0,1,1,1,0,1,0,0,1,0,3,1,1,0,0.4503478260869564,1.0,0.18,1.0,0,0,1,0,1
2,3,0,1,1,1,0,1,1,0,0,1,3,1,1,0,0.4503478260869564,1.0,0.19,1.0,0,0,1,0,1
2,3,0,1,1,1,0,1,1,0,3,1,3,1,1,0,0.4503478260869564,1.0,0.15,1.0,0,0,1,0,1
2,3,0,1,1,1,1,0,0,0,6,0,2,1,1,0,0.4503478260869564,1.0,0.11,1.0,0,0,1,0,1
2,3,0,1,1,1,1,0,0,1,0,0,3,1,1,0,0.4503478260869564,1.0,0.15,1.0,0,0,1,0,1
2,3,0,1,1,1,1,0,1,1,2,1,4,1,1,0,0.4503478260869564,0.03,0.25,1.0,0,0,1,0,1
2,3,0,1,1,1,1,1,1,0,3,1,2,1,1,0,0.4503478260869564,1.0,0.29,1.0,0,0,1,0,1
3,0,0,0,0,0,0,0,0,0,0,1,2,1,1,0,0.9454782608695652,1.0,1.0,1.0,0,0,0,0,0
3,0,0,0,0,0,0,0,0,1,0,1,2,1,1,0,0.9383478260869564,1.0,1.0,1.0,0,0,0,0,0
3,0,0,0,0,0,0,0,1,1,4,1,4,1,1,2,0.6660869565217391,1.0,1.0,1.0,0,0,0,0,0
3,0,0,0,0,0,0,0,1,2,5,1,2,1,1,2,0.8085217391304348,1.0,1.0,1.0,0,0,0,0,0
3,0,0,0,0,0,0,1,1,0,2,0,4,1,1,2,0.6700869565217391,1.0,1.0,1.0,0,0,0,0,0
3,0,0,0,0,0,1,0,0,1,3,1,2,1,1,0,0.9309565217391303,1.0,1.0,1.0,0,0,0,0,0
3,0,0,0,0,0,1,0,0,2,1,1,2,1,1,2,0.8094782608695652,1.0,1.0,1.0,0,0,0,0,0
3,0,0,0,0,0,1,1,0,1,0,1,3,1,1,0,0.9283478260869564,1.0,1.0,1.0,0,0,0,0,0
3,0,0,0,0,0,1,1,0,1,1,0,3,1,1,2,0.6713913043478261,1.0,1.0,1.0,0,0,0,0,0
3,0,0,0,0,0,1,1,0,2,2,1,4,1,1,0,0.950608695652174,1.0,1.0,1.0,0,0,0,0,0
3,0,0,0,0,1,0,1,0,0,0,0,3,1,1,0,0.9279130434782608,1.0,1.0,1.0,0,0,0,0,0
3,0,0,0,0,1,0,1,1,2,6,1,2,1,1,0,0.9843478260869564,1.0,1.0,1.0,0,0,0,0,0
3,0,0,0,1,0,0,0,0,0,0,1,3,1,1,0,0.935391304347826,1.0,1.0,1.0,0,0,0,0,0
3,0,0,0,1,0,1,0,0,0,4,0,2,1,1,0,0.9329565217391304,1.0,1.0,1.0,0,0,0,0,0
3,0,0,0,1,0,1,0,0,1,5,0,4,1,1,1,0.6495652173913042,1.0,1.0,1.0,1,0,0,0,1
3,0,0,0,1,0,1,0,0,1,5,1,4,1,1,1,0.5766086956521739,1.0,1.0,1.0,0,0,0,0,0
3,0,0,0,1,0,1,1,0,0,0,1,3,1,1,0,0.9325217391304348,1.0,1.0,1.0,0,0,0,0,0
3,0,0,0,1,0,1,1,0,0,1,0,4,1,1,2,0.6857391304347826,1.0,1.0,1.0,0,0,0,0,0
3,0,0,0,1,0,1,1,1,1,5,0,3,1,1,0,0.9444347826086956,1.0,1.0,1.0,1,0,0,0,1
3,0,0,0,1,1,0,1,0,0,1,1,3,1,1,2,0.6627826086956521,1.0,1.0,1.0,0,0,0,0,0
3,0,0,0,1,1,0,1,0,0,2,1,4,1,1,1,0.5628695652173912,1.0,1.0,1.0,0,0,0,0,0
3,0,0,0,1,1,0,1,1,0,4,0,2,1,1,0,0.9310434782608696,1.0,1.0,0.8199506316248004,0,0,0,1,1
3,0,0,0,1,1,0,1,1,2,0,0,3,1,1,2,0.6865217391304348,1.0,1.0,1.0,0,0,0,1,1
3,0,0,0,1,1,1,0,0,0,5,0,2,1,1,1,0.6288695652173912,1.0,1.0,0.6496757925072048,0,0,0,1,1
3,0,0,0,1,1,1,0,1,0,2,0,2,1,1,2,0.811391304347826,1.0,1.0,0.6660287081339712,0,0,0,1,1
3,0,0,0,1,1,1,1,0,1,2,1,3,1,1,2,0.6906086956521739,1.0,1.0,1.0,0,0,0,1,1
3,0,0,0,1,1,1,1,1,2,6,1,4,1,1,0,0.9967826086956522,1.0,1.0,1.0,0,0,0,0,0
3,0,0,1,0,0,0,0,0,2,6,1,4,1,1,0,0.929304347826087,1.0,1.0,1.0,0,0,0,0,0
3,0,0,1,0,0,0,0,1,0,1,1,3,1,1,1,0.5387826086956522,1.0,1.0,1.0,0,0,0,0,0
3,0,0,1,0,0,1,0,1,0,2,1,2,1,1,1,0.6318260869565218,1.0,1.0,1.0,0,0,0,0,0
3,0,0,1,0,0,1,1,1,0,4,0,2,1,1,1,0.6195652173913043,1.0,1.0,1.0,0,0,0,0,0
3,0,0,1,0,1,0,0,0,1,5,0,4,1,1,0,0.9517391304347826,1.0,1.0,1.0,0,0,0,0,0
3,0,0,1,0,1,0,0,1,0,5,0,2,1,1,1,0.6272173913043477,1.0,1.0,0.5655619596541787,1,0,0,1,1
3,0,0,1,0,1,0,0,1,1,4,0,2,1,1,2,0.8120869565217391,1.0,1.0,0.8308133971291866,0,0,0,1,1
3,0,0,1,0,1,0,1,0,2,1,0,4,1,1,2,0.5581739130434782,1.0,1.0,1.0,0,0,0,0,0
3,0,0,1,0,1,0,1,1,0,2,0,3,1,1,2,0.6485217391304348,1.0,1.0,1.0,0,0,0,0,0
3,0,0,1,0,1,1,1,0,2,0,0,2,1,1,0,0.9237391304347826,1.0,1.0,0.9239146217511252,0,0,0,1,1
3,0,0,1,0,1,1,1,1,1,6,1,4,1,1,1,0.4413043478260869,0.03,1.0,1.0,0,0,0,1,1
3,0,0,1,1,0,0,0,0,0,0,0,3,1,1,0,0.9360869565217392,1.0,1.0,1.0,0,0,0,1,1
3,0,0,1,1,0,0,0,0,2,1,1,2,1,1,1,0.6510434782608696,1.0,1.0,0.5983429394812679,0,0,0,1,1
3,0,0,1,1,0,0,0,1,1,0,1,4,1,1,0,0.941304347826087,1.0,1.0,0.9680557572237548,0,0,0,0,0
3,0,0,1,1,0,0,1,0,1,4,1,3,1,1,2,0.6521739130434783,1.0,1.0,1.0,0,0,0,0,0
3,0,0,1,1,0,1,0,1,1,0,0,2,1,1,0,0.943304347826087,1.0,1.0,0.9268186438216932,0,0,0,1,1
3,0,0,1,1,0,1,1,0,1,1,0,3,1,1,1,0.5583478260869565,1.0,1.0,1.0,0,1,0,1,1
3,0,0,1,1,0,1,1,1,0,4,0,3,1,1,0,0.925391304347826,1.0,1.0,1.0,0,1,0,0,1
3,0,0,1,1,1,0,0,0,0,1,1,2,1,1,0,0.9997391304347826,1.0,1.0,0.3889937563525483,0,0,0,0,0
3,0,0,1,1,1,0,0,0,0,5,0,2,1,1,0,0.9999130434782608,1.0,1.0,0.3889937563525483,0,0,0,0,0
3,0,0,1,1,1,0,0,0,1,4,1,2,1,1,1,1.0,1.0,1.0,0.2494596541786743,0,0,0,0,0
3,0,0,1,1,1,0,0,0,1,6,1,3,1,1,0,1.0,1.0,1.0,0.4215188035429069,0,0,0,0,0
3,0,0,1,1,1,0,0,1,0,0,1,2,1,1,2,0.9997391304347826,1.0,1.0,0.3655502392344498,0,0,0,0,0
3,0,0,1,1,1,0,0,1,0,6,0,3,1,1,2,0.9997391304347826,1.0,1.0,0.4241148325358851,0,0,0,0,0
3,0,0,1,1,1,0,0,1,2,3,0,3,1,1,1,0.4648695652173913,1.0,1.0,1.0,1,0,0,0,1
3,0,0,1,1,1,0,1,0,2,2,1,3,1,1,1,0.4882608695652173,1.0,1.0,1.0,1,0,0,0,1
3,0,0,1,1,1,0,1,1,1,4,0,2,1,1,2,0.9997391304347826,1.0,1.0,0.3559808612440192,0,0,0,0,0
3,0,0,1,1,1,1,0,0,0,4,0,4,1,1,2,0.9907826086956522,-0.01,1.0,0.3929186602870813,0,0,0,0,0
3,0,0,1,1,1,1,0,0,2,2,1,3,1,1,0,0.9997391304347826,0.04,1.0,0.4325540874110644,0,1,0,0,1
3,0,0,1,1,1,1,1,0,2,3,1,4,1,1,1,0.9952173913043478,0.03,1.0,0.2552233429394813,1,1,0,1,1
3,1,0,0,0,0,0,0,0,2,6,1,4,1,1,1,0.3954782608695651,1.0,1.0,1.0,0,0,0,0,0
3,1,0,0,0,0,0,0,1,0,3,0,3,1,1,1,0.5821739130434782,1.0,1.0,1.0,0,0,0,0,0
3,1,0,0,0,0,0,0,1,0,5,0,2,1,1,2,0.7896521739130434,1.0,1.0,1.0,0,0,0,0,0
3,1,0,0,0,0,0,1,0,0,1,0,4,1,1,2,0.6466086956521739,1.0,1.0,1.0,0,0,0,0,0
3,1,0,0,0,0,1,0,0,1,3,1,3,1,1,0,0.8999130434782608,1.0,1.0,1.0,0,0,0,0,0
3,1,0,0,0,0,1,0,1,2,2,1,3,1,1,1,0.5808695652173913,1.0,1.0,1.0,0,0,0,0,0
3,1,0,0,0,0,1,1,0,0,3,1,4,1,1,1,0.3802608695652173,1.0,1.0,1.0,0,0,0,0,0
3,1,0,0,0,1,0,0,0,0,5,0,4,1,1,1,0.3853043478260869,1.0,1.0,1.0,0,0,0,0,0
3,1,0,0,0,1,0,0,0,1,4,1,3,1,1,2,0.6696521739130434,1.0,1.0,1.0,0,0,0,0,0
3,1,0,0,0,1,0,0,0,1,5,1,3,1,1,0,0.8819130434782608,1.0,1.0,1.0,0,0,0,0,0
3,1,0,0,0,1,0,0,1,0,1,0,2,1,1,2,0.7938260869565217,1.0,1.0,1.0,0,0,0,0,0
3,1,0,0,0,1,0,0,1,1,1,0,3,1,1,1,0.5860869565217391,1.0,1.0,1.0,0,0,0,0,0
3,1,0,0,0,1,0,1,1,2,5,1,4,1,1,0,0.927391304347826,1.0,1.0,1.0,0,0,0,0,0
3,1,0,0,0,1,1,0,0,0,5,0,4,1,1,2,0.6390434782608695,1.0,1.0,1.0,0,0,0,0,0
3,1,0,0,0,1,1,0,1,1,2,0,4,1,1,1,0.4229565217391304,1.0,1.0,1.0,0,0,0,0,0
3,1,0,0,0,1,1,1,0,0,5,0,2,1,1,1,0.5642608695652174,1.0,1.0,1.0,0,0,0,0,0
3,1,0,0,0,1,1,1,0,2,1,0,4,1,1,2,0.6479999999999999,1.0,1.0,1.0,0,0,0,0,0
3,1,0,0,0,1,1,1,1,1,5,0,3,1,1,1,0.5815652173913043,1.0,1.0,1.0,0,0,0,0,0
3,1,0,0,0,1,1,1,1,2,5,1,3,1,1,2,0.6712173913043478,1.0,1.0,1.0,0,0,0,0,0
3,1,0,0,1,0,0,0,0,0,1,0,4,1,1,1,0.3842608695652174,1.0,1.0,1.0,0,0,0,0,0
3,1,0,0,1,0,0,0,0,2,2,1,2,1,1,1,0.5670434782608695,1.0,1.0,1.0,0,0,0,0,0
3,1,0,0,1,0,0,0,1,0,0,0,4,1,1,1,0.3360869565217391,1.0,1.0,1.0,0,0,0,0,0
3,1,0,0,1,0,0,0,1,0,1,1,4,1,1,0,0.927391304347826,1.0,1.0,1.0,0,0,0,0,0
3,1,0,0,1,0,0,0,1,0,4,1,3,1,1,0,0.8901739130434783,1.0,1.0,1.0,0,0,0,0,0
3,1,0,0,1,0,0,0,1,2,4,1,2,1,1,2,0.7952173913043479,1.0,1.0,1.0,0,0,0,0,0
3,1,0,0,1,0,0,1,1,0,4,0,4,1,1,1,0.4258260869565217,1.0,1.0,1.0,0,0,0,0,0
3,1,0,0,1,0,1,0,0,0,2,1,3,1,1,2,0.6652173913043478,1.0,1.0,1.0,0,0,0,0,0
3,1,0,0,1,0,1,0,0,0,5,0,3,1,1,0,0.8870434782608696,1.0,1.0,1.0,0,0,0,0,0
3,1,0,0,1,0,1,0,1,0,4,0,3,1,1,2,0.6564347826086956,1.0,1.0,1.0,0,0,0,0,0
3,1,0,0,1,0,1,0,1,2,1,0,4,1,1,0,0.9068695652173911,1.0,1.0,1.0,0,0,0,0,0
3,1,0,0,1,0,1,1,0,1,5,0,4,1,1,0,0.9311304347826088,1.0,1.0,1.0,0,0,0,0,0
3,1,0,0,1,0,1,1,1,1,1,0,4,1,1,2,0.6492173913043477,1.0,1.0,1.0,0,0,0,0,0
3,1,0,0,1,0,1,1,1,1,4,1,2,1,1,1,0.5907826086956521,1.0,1.0,1.0,0,0,0,0,0
3,1,0,0,1,0,1,1,1,1,5,0,2,1,1,2,0.7919130434782609,1.0,1.0,1.0,0,0,0,0,0
3,1,0,0,1,0,1,1,1,2,2,1,3,1,1,2,0.6569565217391304,1.0,1.0,1.0,0,0,0,0,0
3,1,0,0,1,1,0,0,1,0,6,0,3,1,1,0,0.884,1.0,1.0,1.0,0,0,0,0,0
3,1,0,0,1,1,0,1,0,1,4,1,3,1,1,0,0.8819130434782608,1.0,1.0,1.0,0,0,0,0,0
3,1,0,0,1,1,0,1,1,1,3,0,3,1,1,2,0.6542608695652173,1.0,1.0,1.0,0,0,0,0,0
3,1,0,0,1,1,1,0,1,0,5,0,4,1,1,2,0.6319999999999999,1.0,1.0,1.0,0,0,0,0,0
3,1,0,0,1,1,1,0,1,2,5,1,3,1,1,2,0.6690434782608695,1.0,1.0,1.0,0,0,0,0,0
3,1,0,0,1,1,1,1,0,2,5,0,4,1,1,0,0.9394782608695652,1.0,1.0,1.0,0,0,0,0,0
3,1,0,0,1,1,1,1,1,2,2,0,3,1,1,1,0.538695652173913,1.0,1.0,1.0,0,0,0,0,0
3,1,0,1,0,0,0,0,0,0,1,1,2,1,1,1,0.5823478260869566,1.0,1.0,1.0,0,0,0,0,0
3,1,0,1,0,0,0,0,0,0,5,1,4,1,1,0,0.9444347826086956,1.0,1.0,1.0,0,0,0,0,0
3,1,0,1,0,0,0,0,1,1,6,0,3,1,1,2,0.6690434782608695,1.0,1.0,1.0,0,0,0,0,0
3,1,0,1,0,0,0,1,1,1,1,0,2,1,1,2,0.7957391304347826,1.0,1.0,1.0,0,0,0,1,1
3,1,0,1,0,0,1,0,1,0,3,0,2,1,1,0,0.8773043478260869,1.0,1.0,1.0,0,0,0,0,0
3,1,0,1,0,0,1,0,1,0,4,1,4,1,1,0,0.9040869565217392,0.03,1.0,1.0,0,1,0,0,1
3,1,0,1,0,0,1,0,1,2,1,1,3,1,1,2,0.6609565217391304,1.0,1.0,1.0,1,1,0,0,1
3,1,0,1,0,0,1,1,0,1,4,1,2,1,1,0,0.8812173913043478,1.0,1.0,1.0,0,0,0,0,0
3,1,0,1,0,0,1,1,1,0,5,0,3,1,1,2,0.6581739130434783,1.0,1.0,1.0,0,1,0,0,1
3,1,0,1,0,1,0,1,0,2,1,1,3,1,1,0,0.8442608695652174,1.0,1.0,1.0,0,0,0,0,0
3,1,0,1,0,1,1,0,0,2,6,0,2,1,1,0,0.8764347826086957,1.0,1.0,1.0,0,0,0,0,0
3,1,0,1,0,1,1,1,1,0,6,1,3,1,1,1,0.5243478260869565,0.42,1.0,1.0,1,1,0,0,1
3,1,0,1,0,1,1,1,1,2,5,0,3,1,1,2,0.6551304347826087,-0.21,1.0,1.0,0,1,0,0,1
3,1,0,1,1,0,0,0,1,0,2,1,3,1,1,0,0.8403478260869565,1.0,1.0,1.0,0,0,0,0,0
3,1,0,1,1,0,0,0,1,2,1,0,3,1,1,0,0.8912173913043479,1.0,1.0,1.0,0,0,0,0,0
3,1,0,1,1,0,0,1,0,2,0,0,3,1,1,1,0.5951304347826086,1.0,1.0,1.0,1,0,0,0,1
3,1,0,1,1,0,0,1,1,0,4,1,2,1,1,0,0.8784347826086957,1.0,1.0,1.0,0,0,0,0,0
3,1,0,1,1,0,0,1,1,1,0,1,2,1,1,2,0.7921739130434783,1.0,1.0,1.0,0,0,0,0,0
3,1,0,1,1,0,1,0,0,1,5,0,4,1,1,1,0.2842608695652173,0.06,1.0,1.0,1,0,0,0,1
3,1,0,1,1,0,1,0,0,2,5,0,2,1,1,2,0.7922608695652174,1.0,1.0,1.0,0,0,0,0,0
3,1,0,1,1,0,1,0,0,2,5,0,4,1,1,1,0.2639999999999999,-0.05,1.0,1.0,1,0,0,0,1
3,1,0,1,1,0,1,0,1,2,6,1,3,1,1,0,0.9053043478260868,1.0,1.0,1.0,0,1,0,0,1
3,1,0,1,1,0,1,1,0,0,2,0,2,1,1,1,0.5622608695652174,0.51,1.0,1.0,1,1,0,0,1
3,1,0,1,1,0,1,1,1,0,0,1,3,1,1,0,0.8951304347826087,1.0,1.0,1.0,0,0,0,0,0
3,1,0,1,1,0,1,1,1,2,6,0,4,1,1,1,0.2165217391304347,-0.04,1.0,1.0,1,0,0,0,1
3,1,0,1,1,1,0,0,0,0,6,0,3,1,1,2,0.6397391304347826,1.0,1.0,1.0,0,0,0,0,0
3,1,0,1,1,1,0,1,0,0,2,0,3,1,1,2,0.6583478260869564,1.0,1.0,1.0,1,0,0,0,1
3,1,0,1,1,1,0,1,0,1,0,1,2,1,1,0,0.8792173913043478,1.0,1.0,1.0,0,0,0,0,0
3,1,0,1,1,1,1,1,1,2,0,1,3,1,1,1,0.4303478260869564,1.0,1.0,1.0,1,1,0,0,1
3,1,0,1,1,1,1,1,1,2,6,0,4,1,1,2,0.5812173913043478,0.01,1.0,1.0,1,1,0,0,1
3,2,0,0,0,0,0,0,0,0,3,0,2,1,1,2,0.8056521739130434,1.0,1.0,1.0,0,0,0,0,0
3,2,0,0,0,0,0,0,0,2,6,0,2,1,1,2,0.8051304347826087,1.0,1.0,1.0,0,0,0,0,0
3,2,0,0,0,0,0,1,0,2,2,0,3,1,1,2,0.6980869565217391,1.0,1.0,1.0,0,0,0,0,0
3,2,0,0,0,0,1,0,0,1,5,1,4,1,1,2,0.6397391304347826,1.0,1.0,1.0,0,0,0,0,0
3,2,0,0,0,0,1,1,0,1,0,1,2,1,1,1,0.9003478260869565,1.0,1.0,0.3372323195969048,1,0,0,1,1
3,2,0,0,0,0,1,1,1,1,0,0,4,1,1,0,0.872,1.0,1.0,1.0,0,0,0,0,0
3,2,0,0,0,1,0,0,0,2,0,1,4,1,1,2,0.6342608695652174,1.0,1.0,1.0,0,0,0,0,0
3,2,0,0,0,1,0,1,0,2,2,0,2,1,1,2,0.8003478260869565,1.0,1.0,1.0,0,0,0,0,0
3,2,0,0,0,1,0,1,1,0,4,0,4,1,1,2,0.6281739130434782,1.0,1.0,1.0,0,0,0,0,0
3,2,0,0,0,1,1,0,0,2,1,0,3,1,1,1,0.5243478260869565,1.0,1.0,1.0,1,0,0,1,1
3,2,0,0,0,1,1,0,1,1,6,1,2,1,1,0,0.9038260869565218,1.0,1.0,0.3658451926414439,0,0,0,1,1
3,2,0,0,0,1,1,1,1,2,6,0,4,1,1,1,0.3286086956521739,1.0,1.0,1.0,0,0,0,0,0
3,2,0,0,1,0,0,0,0,0,1,1,3,1,1,1,0.5278260869565217,1.0,1.0,1.0,0,0,0,0,0
3,2,0,0,1,0,0,0,1,0,3,0,2,1,1,1,0.588086956521739,1.0,1.0,1.0,1,0,0,1,1
3,2,0,0,1,0,0,0,1,1,2,1,2,1,1,0,0.9000869565217391,1.0,1.0,0.3654980909406456,0,0,0,1,1
3,2,0,0,1,0,0,1,0,1,4,1,2,1,1,2,0.7967826086956522,1.0,1.0,1.0,0,0,0,0,0
3,2,0,0,1,0,0,1,1,2,4,1,2,1,1,0,0.8574782608695652,1.0,1.0,0.7780863126229318,0,0,0,1,1
3,2,0,0,1,0,1,0,0,0,6,1,2,1,1,2,0.8028695652173913,1.0,1.0,1.0,0,0,0,0,0
3,2,0,0,1,0,1,0,0,2,6,0,4,1,1,1,0.2577391304347826,1.0,1.0,1.0,1,0,0,1,1
3,2,0,0,1,0,1,0,1,1,2,0,3,1,1,1,0.5479130434782609,1.0,1.0,1.0,0,0,0,0,0
3,2,0,0,1,0,1,1,0,1,1,0,3,1,1,2,0.6821739130434783,1.0,1.0,1.0,0,0,0,0,0
3,2,0,0,1,0,1,1,1,0,2,1,3,1,1,2,0.6934782608695652,1.0,1.0,1.0,0,0,0,0,0
3,2,0,0,1,0,1,1,1,2,2,0,2,1,1,2,0.8066086956521739,1.0,1.0,1.0,0,0,0,0,0
3,2,0,0,1,1,0,1,0,2,0,0,4,1,1,0,0.872,1.0,1.0,1.0,0,0,0,1,1
3,2,0,0,1,1,1,0,1,0,5,0,4,1,1,1,0.3128695652173913,1.0,1.0,1.0,0,0,0,0,0
3,2,0,0,1,1,1,1,0,2,0,0,2,1,1,1,0.902695652173913,1.0,1.0,0.322656109411553,0,0,0,0,0
3,2,0,1,0,0,0,0,0,0,0,0,4,1,1,0,0.8654782608695653,1.0,1.0,1.0,0,0,0,0,0
3,2,0,1,0,0,0,0,0,0,4,1,3,1,1,2,0.6925217391304348,1.0,1.0,1.0,1,0,0,0,1
3,2,0,1,0,0,0,0,0,2,2,0,4,1,1,1,0.2759130434782608,1.0,1.0,1.0,1,0,0,1,1
3,2,0,1,0,0,0,0,1,0,0,0,4,1,1,2,0.6612173913043478,1.0,1.0,1.0,1,0,0,0,1
3,2,0,1,0,0,0,1,0,1,4,0,2,1,1,1,0.5855652173913043,1.0,1.0,1.0,1,0,0,1,1
3,2,0,1,0,0,0,1,1,2,5,0,2,1,1,1,0.5637391304347825,1.0,1.0,0.765880870973547,1,0,0,1,1
3,2,0,1,0,0,1,0,0,1,2,0,4,1,1,0,0.8674782608695653,0.05,1.0,1.0,0,1,0,0,1
3,2,0,1,0,0,1,0,0,2,6,0,2,1,1,0,0.8720869565217391,1.0,1.0,0.9632072197153764,0,0,0,1,1
3,2,0,1,0,0,1,0,0,2,6,1,4,1,1,2,0.5804347826086956,0.03,1.0,1.0,0,1,0,0,1
3,2,0,1,0,0,1,0,1,0,4,1,3,1,1,0,0.8573913043478261,1.0,1.0,0.7981025107023024,0,0,0,1,1
3,2,0,1,0,0,1,1,0,0,0,1,2,1,1,2,0.8028695652173913,1.0,1.0,1.0,0,0,0,0,0
3,2,0,1,0,0,1,1,0,0,3,1,4,1,1,2,0.5946956521739131,1.0,1.0,1.0,0,1,0,0,1
3,2,0,1,0,0,1,1,0,0,4,0,3,1,1,2,0.687304347826087,1.0,1.0,1.0,1,1,0,0,1
3,2,0,1,0,0,1,1,0,2,2,1,2,1,1,0,0.9153043478260868,1.0,1.0,0.3121601295846349,0,0,0,1,1
3,2,0,1,0,1,0,0,1,0,6,1,2,1,1,1,0.9025217391304348,1.0,1.0,0.3368724131725751,0,0,0,0,0
3,2,0,1,0,1,0,0,1,1,2,0,4,1,1,1,0.2944347826086956,1.0,1.0,1.0,1,0,0,0,1
3,2,0,1,0,1,0,0,1,2,0,1,4,1,1,0,0.9207826086956522,1.0,1.0,0.3826217748466968,0,0,0,1,1
3,2,0,1,0,1,0,0,1,2,2,1,4,1,1,2,0.6282608695652174,1.0,1.0,1.0,0,0,0,0,0
3,2,0,1,0,1,0,1,1,1,6,0,4,1,1,0,0.9300869565217392,1.0,1.0,0.3651509892398473,0,0,0,1,1
3,2,0,1,0,1,1,0,0,2,5,0,2,1,1,1,0.9025217391304348,1.0,1.0,0.3372323195969048,0,0,0,0,0
3,2,0,1,0,1,1,0,1,0,6,0,3,1,1,1,0.9224347826086956,1.0,1.0,0.3379521324455641,0,0,0,0,0
3,2,0,1,0,1,1,1,0,0,4,0,4,1,1,0,0.914,1.0,1.0,0.3644567858382506,0,1,0,1,1
3,2,0,1,0,1,1,1,1,2,3,0,3,1,1,0,0.922695652173913,1.0,1.0,0.3659608932083768,0,0,0,0,0
3,2,0,1,1,0,0,0,0,0,4,0,2,1,1,0,0.9029565217391304,1.0,1.0,0.3635311813027884,0,0,0,0,0
3,2,0,1,1,0,0,0,0,0,4,1,2,1,1,2,0.8009565217391305,1.0,1.0,1.0,0,0,0,0,0
3,2,0,1,1,0,0,0,1,2,0,1,4,1,1,0,0.9303478260869564,1.0,1.0,0.3638782830035868,0,0,0,1,1
3,2,0,1,1,0,0,1,0,2,5,1,3,1,1,0,0.926695652173913,1.0,1.0,0.3685063056808979,0,0,0,1,1
3,2,0,1,1,0,0,1,1,1,0,0,3,1,1,1,0.9224347826086956,1.0,1.0,0.3379521324455641,0,0,0,0,0
3,2,0,1,1,0,0,1,1,2,6,0,3,1,1,2,0.6770434782608695,1.0,1.0,1.0,0,0,0,0,0
3,2,0,1,1,0,1,0,0,0,3,0,4,1,1,0,0.9277391304347826,1.0,1.0,0.3576304523892167,0,1,0,1,1
3,2,0,1,1,0,1,0,0,1,0,1,2,1,1,1,0.9043478260869564,1.0,1.0,0.3365125067482455,0,0,0,0,0
3,2,0,1,1,0,1,1,0,1,6,0,2,1,1,1,0.904,1.0,1.0,0.3383120388698937,0,0,0,0,0
3,2,0,1,1,1,0,1,1,2,4,1,2,1,1,2,0.8005217391304348,1.0,1.0,1.0,0,0,0,0,0
3,2,0,1,1,1,1,1,0,0,4,1,3,1,1,1,0.9389565217391304,1.0,1.0,0.2683102393377722,0,0,0,0,0
3,2,0,1,1,1,1,1,0,2,6,1,3,1,1,0,0.9314782608695652,1.0,1.0,0.2607890778664816,0,0,0,0,0
3,3,0,0,0,0,0,0,1,1,1,1,4,1,1,2,0.6211304347826088,1.0,1.0,1.0,0,0,0,0,0
3,3,0,0,0,0,0,0,1,1,4,0,2,1,1,2,0.7698260869565217,1.0,1.0,1.0,0,0,0,0,0
3,3,0,0,0,0,0,1,0,0,3,1,3,1,1,2,0.6350434782608696,1.0,1.0,1.0,0,0,0,0,0
3,3,0,0,0,0,0,1,0,1,3,0,4,1,1,0,0.9962608695652174,1.0,1.0,1.0,0,0,0,0,0
3,3,0,0,0,0,0,1,0,2,5,0,4,1,1,0,0.9984347826086956,1.0,1.0,1.0,0,0,0,0,0
3,3,0,0,0,0,0,1,1,0,5,1,3,1,1,2,0.6272173913043477,1.0,1.0,1.0,0,0,0,0,0
3,3,0,0,0,0,1,0,0,0,4,1,2,1,1,1,0.6475652173913043,1.0,1.0,1.0,0,0,0,0,0
3,3,0,0,0,0,1,0,0,1,0,0,2,1,1,1,0.6167826086956522,1.0,1.0,1.0,0,0,0,0,0
3,3,0,0,0,0,1,0,1,1,2,1,2,1,1,2,0.78,1.0,1.0,1.0,0,0,0,0,0
3,3,0,0,0,0,1,0,1,1,5,1,2,1,1,0,0.9565217391304348,1.0,1.0,1.0,0,0,0,0,0
3,3,0,0,0,1,0,0,0,0,0,1,2,1,1,0,0.9050434782608696,1.0,1.0,1.0,0,0,0,0,0
3,3,0,0,0,1,0,0,0,1,2,1,3,1,1,2,0.6235652173913043,1.0,1.0,1.0,0,0,0,0,0
3,3,0,0,0,1,0,0,0,1,3,1,2,1,1,1,0.6135652173913043,1.0,1.0,1.0,0,0,0,0,0
3,3,0,0,0,1,0,0,0,2,4,0,3,1,1,2,0.6343478260869565,1.0,1.0,1.0,0,0,0,0,0
3,3,0,0,0,1,0,0,0,2,6,0,4,1,1,2,0.6165217391304347,1.0,1.0,1.0,0,0,0,0,0
3,3,0,0,0,1,0,0,1,0,6,1,3,1,1,2,0.6407826086956521,1.0,1.0,1.0,0,0,0,0,0
3,3,0,0,0,1,0,0,1,1,6,1,4,1,1,1,0.3854782608695651,1.0,1.0,1.0,0,0,0,0,0
3,3,0,0,0,1,0,1,0,2,4,1,3,1,1,0,0.9976521739130436,1.0,1.0,1.0,0,0,0,0,0
3,3,0,0,0,1,0,1,1,1,4,1,4,1,1,0,0.9958260869565216,1.0,1.0,1.0,0,0,0,0,0
3,3,0,0,0,1,1,0,1,0,1,1,4,1,1,1,0.390695652173913,1.0,1.0,1.0,0,0,0,0,0
3,3,0,0,0,1,1,0,1,2,2,0,4,1,1,0,0.9951304347826088,1.0,1.0,1.0,0,0,0,0,0
3,3,0,0,0,1,1,1,0,0,1,0,2,1,1,2,0.7710434782608695,1.0,1.0,1.0,0,0,0,0,0
3,3,0,0,0,1,1,1,0,1,0,0,4,1,1,2,0.6046086956521739,1.0,1.0,1.0,0,0,0,0,0
3,3,0,0,0,1,1,1,0,1,3,0,2,1,1,1,0.61,1.0,1.0,1.0,0,0,0,0,0
3,3,0,0,0,1,1,1,1,1,5,0,2,1,1,1,0.6335652173913043,1.0,1.0,1.0,0,0,0,0,0
3,3,0,0,0,1,1,1,1,2,5,1,2,1,1,1,0.6452173913043477,1.0,1.0,1.0,0,0,0,0,0
3,3,0,0,1,0,0,0,0,0,4,0,3,1,1,0,0.9995652173913044,1.0,1.0,1.0,0,0,0,0,0
3,3,0,0,1,0,0,0,0,2,0,1,4,1,1,1,0.3527826086956521,1.0,1.0,1.0,0,0,0,0,0
3,3,0,0,1,0,0,0,1,1,3,0,3,1,1,1,0.5667826086956522,1.0,1.0,1.0,0,0,0,0,0
3,3,0,0,1,0,0,1,0,1,1,1,2,1,1,0,0.9391304347826088,1.0,1.0,1.0,0,0,0,0,0
3,3,0,0,1,0,1,0,0,1,1,0,2,1,1,0,0.9870434782608696,1.0,1.0,1.0,0,0,0,0,0
3,3,0,0,1,0,1,0,1,2,6,0,2,1,1,2,0.7804347826086957,1.0,1.0,1.0,0,0,0,0,0
3,3,0,0,1,0,1,1,0,0,4,0,2,1,1,1,0.6408695652173912,1.0,1.0,1.0,0,0,0,0,0
3,3,0,0,1,1,0,0,0,2,2,1,2,1,1,1,0.58,1.0,1.0,1.0,0,0,0,0,0
3,3,0,0,1,1,0,1,1,1,4,0,2,1,1,0,0.935304347826087,1.0,1.0,1.0,0,0,0,0,0
3,3,0,0,1,1,1,1,0,0,6,0,3,1,1,0,0.9970434782608696,1.0,1.0,1.0,0,0,0,0,0
3,3,0,0,1,1,1,1,1,0,0,1,4,1,1,2,0.6067826086956521,1.0,1.0,1.0,0,0,0,0,0
3,3,0,1,0,0,0,0,0,1,3,0,2,1,1,2,0.7770434782608695,1.0,1.0,1.0,0,0,0,0,0
3,3,0,1,0,0,0,0,1,2,1,1,4,1,1,1,0.1584347826086956,1.0,1.0,1.0,1,0,0,0,1
3,3,0,1,0,0,0,1,1,1,5,0,2,1,1,1,0.9997391304347826,1.0,1.0,0.4049560853199498,1,0,0,1,1
3,3,0,1,0,0,1,0,0,0,2,1,3,1,1,1,0.4421739130434783,1.0,1.0,1.0,1,0,0,1,1
3,3,0,1,0,0,1,0,0,1,4,0,4,1,1,2,0.6504347826086956,-1.14,1.0,1.0,1,1,0,0,1
3,3,0,1,0,0,1,0,1,0,0,1,4,1,1,2,0.6915652173913043,-0.11,1.0,1.0,1,1,0,0,1
