TargetIndex,TimeOfDay,EgoSpeed,TrafficAmount,KeepLane,Weather,F0_0,F1_0,F2_0,F3_0,Y0,Y1,Y2,Y3,Y
0.0,0.07,46.0,8.0,1.0,6.0,9999.900390625,-17063.671875,-547.3799047964303,100.1336,1,1,1,1,1
0.0,0.08,48.0,10.0,1.0,0.0,4.7528486251831055,-16349.76513671875,-652.686790722948,109.26875,1,1,1,1,1
0.0,0.13,20.0,2.0,0.0,6.0,9999.900390625,-0.014642703346908,-513.4130993713462,69.84187,0,0,1,1,1
0.0,0.28,41.0,3.0,1.0,2.0,9999.900390625,-84854.828125,-560.6710833607477,101.80797,1,1,1,0,1
0.0,0.34,41.0,5.0,0.0,6.0,4.3511247634887695,-9112.33544921875,-793.2866407211785,109.34304,1,1,1,1,1
0.0,0.43,41.0,0.0,1.0,6.0,9999.900390625,-2173.7410430908203,-496.06839799753527,55.187767,0,0,0,0,0
0.0,0.44,26.0,10.0,1.0,5.0,9999.900390625,-16121.205078125,-572.4942408730165,104.56559,1,1,1,1,1
0.0,0.46,49.0,2.0,0.0,4.0,9999.900390625,-1161.0782012939453,-474.9931634556692,53.3565,0,1,1,1,1
0.0,0.51,20.0,7.0,1.0,4.0,9999.900390625,-13499.10546875,-650.979289502715,109.41614,1,0,1,1,1
0.0,0.56,30.0,4.0,0.0,6.0,4.907334327697754,-16183.7890625,-671.7203594761214,109.16655,1,0,1,1,1
0.0,0.61,49.0,3.0,1.0,1.0,9999.900390625,-21456.16015625,-558.5256697418247,100.36888,1,0,1,1,1
0.0,0.76,20.0,8.0,0.0,6.0,9999.900390625,-31.515167236328125,-513.011100475029,69.92595,1,1,1,1,1
0.0,0.87,24.0,0.0,0.0,2.0,9999.900390625,-1.9742640256881716,-488.373834464794,53.654408,0,0,0,0,0
0.0,0.87,29.0,1.0,1.0,1.0,9999.900390625,-1105.0347747802734,-498.9139646789436,57.4334,0,0,0,0,0
0.0,0.88,33.0,0.0,0.0,2.0,9999.900390625,-2187.8560791015625,-475.5092105403591,53.185093,0,0,0,1,1
0.0,0.91,32.0,4.0,0.0,3.0,9999.900390625,-1166.8085479736328,-473.5133976642092,54.61422,1,1,1,1,1
0.0,0.94,21.0,1.0,1.0,6.0,9999.900390625,-0.05347765609622,-531.7211082343362,96.05055,0,0,0,0,0
0.0,0.94,38.0,3.0,0.0,5.0,9999.900390625,-1167.0987701416016,-474.0418527811291,54.635483,0,1,1,1,1
0.0,0.95,46.0,4.0,1.0,3.0,9999.900390625,-2031.7847900390625,-802.3122557953363,109.83559,1,1,1,1,1
0.0,0.99,26.0,8.0,1.0,6.0,1.6554073095321655,-17247.7841796875,-570.1817600769814,102.81291,1,1,1,1,1
1.0,0.03,22.0,10.0,0.0,2.0,3.799573421478272,-14077.841796875,-620.2811563920555,106.29998,1,1,1,1,1
1.0,0.08,43.0,9.0,0.0,6.0,9999.900390625,-17164.9228515625,-510.741447309481,54.1819,1,0,1,1,1
1.0,0.17,26.0,8.0,0.0,0.0,9999.900390625,-5.669357776641846,-493.654742325878,52.15066,1,1,1,1,1
1.0,0.17,30.0,2.0,0.0,5.0,9999.900390625,-2200.18669128418,-492.3010085693398,53.537846,1,1,1,1,1
1.0,0.22,36.0,5.0,0.0,2.0,9999.900390625,-13055.8759765625,-590.0228717028442,103.803795,0,1,1,1,1
1.0,0.24,30.0,1.0,0.0,0.0,9999.900390625,-2196.908096313477,-489.4035591798475,47.583435,0,0,0,1,1
1.0,0.24,46.0,0.0,0.0,4.0,9999.900390625,-1173.1999816894531,-492.4690096609013,53.60888,0,0,0,1,1
1.0,0.39,45.0,4.0,0.0,2.0,9999.900390625,-13919.525390625,-594.552308876388,103.94449,1,1,1,1,1
1.0,0.49,47.0,5.0,1.0,3.0,1.1864051818847656,-29964.33203125,-577.2004033622189,101.51541,1,1,1,1,1
1.0,0.56,49.0,6.0,1.0,4.0,1.896977543830872,-28991.240234375,-578.4279870753131,102.17898,1,1,1,1,1
1.0,0.65,44.0,10.0,1.0,1.0,2.262712001800537,-20702.9423828125,-689.1313587014859,109.17704,1,1,1,0,1
1.0,0.66,44.0,8.0,0.0,6.0,3.68204402923584,-20007.978515625,-588.6643390820998,103.60703,1,1,1,1,1
1.0,0.74,25.0,1.0,1.0,6.0,9999.900390625,-1009.7451457977296,-521.2294860551903,63.671726,0,0,0,0,0
1.0,0.82,41.0,7.0,0.0,3.0,1.0579018592834473,-18170.8935546875,-686.87037697287,109.559456,1,1,1,1,1
1.0,0.91,40.0,2.0,1.0,1.0,9999.900390625,-2177.815185546875,-509.5503539640817,54.11623,1,1,1,1,1
1.0,0.94,26.0,1.0,1.0,5.0,9999.900390625,-1010.245641708374,-517.497274407014,59.87575,0,0,0,0,0
1.0,0.94,46.0,4.0,1.0,6.0,9999.900390625,-26095.740234375,-616.1111287401797,105.10056,1,1,1,1,1
1.0,0.95,24.0,0.0,1.0,5.0,9999.900390625,-2.996893405914306,-527.0519731741541,67.72642,0,0,0,0,0
1.0,0.95,24.0,6.0,0.0,2.0,9999.900390625,-152.59251403808594,-504.4113575748002,53.580795,0,1,1,1,1
2.0,0.01,45.0,2.0,1.0,6.0,9999.900390625,-2179.5065307617188,-484.1147584698688,55.004562,1,1,1,1,1
2.0,0.19,40.0,10.0,0.0,4.0,9999.900390625,-17215.09765625,-554.4366458529925,103.73477,1,1,1,1,1
2.0,0.2,34.0,6.0,0.0,3.0,9999.900390625,-14042.7001953125,-587.3945322365458,105.27444,1,0,1,1,1
2.0,0.23,35.0,5.0,1.0,0.0,1.8051156997680664,-20103.5849609375,-551.1743119738679,102.38691,1,1,1,1,1
2.0,0.23,38.0,8.0,0.0,5.0,9999.900390625,-17898.6650390625,-498.4112810759223,66.558304,1,0,1,1,1
2.0,0.23,48.0,2.0,0.0,2.0,9999.900390625,-2266.860870361328,-474.0681619164416,55.12068,0,1,1,1,1
2.0,0.27,24.0,6.0,0.0,0.0,9999.900390625,-1.9893053770065308,-476.6815427191971,53.756695,0,1,1,1,1
2.0,0.28,24.0,8.0,1.0,4.0,2.574460506439209,-19841.072265625,-562.4374263216438,103.94458,1,1,1,1,1
2.0,0.35,27.0,9.0,1.0,0.0,3.4896388053894043,-20494.1044921875,-601.9593345962573,105.81283,1,0,1,1,1
2.0,0.38,29.0,5.0,1.0,3.0,9999.900390625,-1104.9119567871094,-485.5521747266702,56.2574,1,1,1,1,1
2.0,0.39,48.0,4.0,0.0,5.0,9999.900390625,-14240.8046875,-513.9590328489674,78.70732,1,1,1,1,1
2.0,0.4,34.0,6.0,0.0,4.0,9999.900390625,-18022.5458984375,-603.9207480533662,106.301674,1,1,1,1,1
2.0,0.43,29.0,9.0,1.0,4.0,9999.900390625,-29029.87890625,-558.556138393063,102.97809,1,1,1,1,1
2.0,0.54,45.0,9.0,0.0,2.0,9999.900390625,-14640.060546875,-603.8572920785117,105.72513,1,0,1,1,1
2.0,0.63,20.0,7.0,1.0,6.0,4.2206807136535645,-11867.472412109377,-579.9550835276301,104.040115,1,0,1,1,1
2.0,0.65,48.0,7.0,0.0,0.0,3.610284566879273,-20777.400390625,-529.785354855469,99.5421,1,1,1,1,1
2.0,0.7,21.0,6.0,0.0,0.0,9999.900390625,-10669.7607421875,-617.9593987663669,107.61062,0,0,1,1,1
2.0,0.71,23.0,7.0,1.0,1.0,9999.900390625,-14012.4892578125,-608.2267641692497,107.05427,1,0,1,0,1
2.0,0.85,42.0,7.0,1.0,4.0,9999.900390625,-15357.45361328125,-557.7747803315559,102.85618,1,1,1,1,1
2.0,0.89,22.0,6.0,1.0,0.0,4.052104473114014,-13181.22802734375,-656.0370377936259,109.19439,1,0,1,1,1
3.0,0.04,34.0,10.0,1.0,2.0,4.046554088592529,-22774.0595703125,-1054.8850644585402,101.84743,1,1,1,1,1
3.0,0.07,42.0,1.0,1.0,4.0,9999.900390625,-2178.759567260742,-1014.9767610222104,55.590748,0,0,0,0,0
3.0,0.09,43.0,3.0,1.0,0.0,9999.900390625,-18055.236328125,-1072.36247219951,104.17759,1,1,1,1,1
3.0,0.11,32.0,2.0,0.0,5.0,9999.900390625,-2386.860748291016,-998.093888432344,54.0723,0,1,1,1,1
3.0,0.11,38.0,0.0,0.0,5.0,9999.900390625,-1173.1690521240234,-997.2729505781076,53.434532,0,0,0,0,0
3.0,0.13,31.0,8.0,1.0,3.0,2.8033504486083984,-14938.2373046875,-1074.1965213276055,103.8444,1,1,1,1,1
3.0,0.15,33.0,4.0,1.0,5.0,3.966266632080078,-15498.5009765625,-1082.4350103816544,106.300545,1,1,1,1,1
3.0,0.23,29.0,9.0,0.0,1.0,9999.900390625,-1144.7990264892578,-998.8095993851248,51.630943,1,1,1,1,1
3.0,0.24,47.0,9.0,0.0,4.0,9999.900390625,-10486.041015625,-1123.1519722974726,109.21469,1,1,1,0,1
3.0,0.3,21.0,1.0,1.0,6.0,9999.900390625,-0.0624798834323883,-1037.9848202268954,99.20074,0,0,0,0,0
3.0,0.3,26.0,10.0,1.0,2.0,2.8695311546325684,-30544.13671875,-1064.0965861679103,104.298454,1,1,1,1,1
3.0,0.33,48.0,9.0,0.0,5.0,9999.900390625,-2255.3782501220703,-1000.6787934367492,51.595783,1,1,1,1,1
3.0,0.37,20.0,9.0,0.0,1.0,9999.900390625,-7596.982177734375,-1101.1668690988356,109.156624,1,0,1,1,1
3.0,0.39,31.0,7.0,0.0,0.0,9999.900390625,-21202.28125,-1043.8040296684435,99.19829,1,1,1,1,1
3.0,0.41,20.0,3.0,1.0,5.0,3.4047179222106934,-13664.587890625,-1054.013279715835,102.07918,1,0,1,1,1
3.0,0.53,48.0,10.0,1.0,4.0,9999.900390625,-18570.78125,-1137.0419135806092,109.55887,1,1,1,0,1
3.0,0.67,49.0,0.0,1.0,4.0,9999.900390625,-2178.6535034179688,-1015.0944100701896,55.21218,0,0,0,0,0
3.0,0.7,28.0,4.0,1.0,4.0,2.9125027656555176,-16588.58837890625,-1050.8965851258315,100.15615,1,1,1,1,1
3.0,0.74,43.0,1.0,0.0,5.0,9999.900390625,-1168.8254699707031,-992.9232649294346,47.22954,0,0,0,0,0
3.0,0.75,33.0,9.0,1.0,6.0,9999.900390625,-15914.13330078125,-1094.0545493080836,107.09561,1,1,1,1,1
3.0,0.76,43.0,10.0,0.0,6.0,9999.900390625,-12800.8681640625,-1070.8410593850565,104.19897,0,1,1,1,1
3.0,0.8,39.0,0.0,0.0,6.0,9999.900390625,-1164.3533020019531,-996.6758888006684,53.61595,0,0,0,0,0
3.0,0.82,37.0,5.0,0.0,6.0,9999.900390625,-23429.7900390625,-1058.4646343820086,102.822845,1,1,1,1,1
3.0,0.83,37.0,4.0,1.0,4.0,3.0011208057403564,-17367.2939453125,-1037.3849324568912,97.068474,1,1,1,1,1
3.0,0.87,35.0,3.0,1.0,2.0,9999.900390625,-25612.373046875,-1059.7048703009252,103.45721,0,1,1,1,1
3.0,0.93,28.0,10.0,0.0,5.0,4.933796405792236,-15042.75634765625,-1125.4594112413497,109.20826,1,1,1,1,1
3.0,0.96,28.0,7.0,1.0,2.0,9999.900390625,-20417.0771484375,-1110.8504717906906,109.33611,1,1,1,0,1
4.0,0.05,29.0,9.0,0.0,0.0,9999.900390625,-10408.3525390625,-565.0982525244523,103.92576,1,0,1,1,1
4.0,0.05,31.0,5.0,0.0,6.0,9999.900390625,-24946.521484375,-537.3849486426104,100.114456,1,1,1,1,1
4.0,0.08,47.0,5.0,0.0,1.0,9999.900390625,-12643.74267578125,-522.4763201388815,97.00342,1,1,1,1,1
4.0,0.11,37.0,4.0,0.0,1.0,9999.900390625,-16712.2685546875,-518.448825518758,79.61099,1,1,1,1,1
4.0,0.14,26.0,10.0,0.0,4.0,3.169355869293213,-21122.3974609375,-593.2339847643667,104.95492,1,1,1,1,1
4.0,0.15,32.0,8.0,1.0,2.0,9999.900390625,-16976.66943359375,-597.7871804717679,105.8031,1,1,1,1,1
4.0,0.16,32.0,9.0,1.0,6.0,9999.900390625,-20408.0068359375,-578.7207573104457,104.52342,1,0,1,0,1
4.0,0.22,46.0,4.0,0.0,3.0,9999.900390625,-5341.959442138672,-465.2869194332949,47.55331,1,0,1,1,1
4.0,0.32,43.0,10.0,0.0,5.0,9999.900390625,-12689.83056640625,-663.6986768875036,109.55774,1,1,1,1,1
4.0,0.5,38.0,8.0,0.0,4.0,9999.900390625,-14614.2705078125,-575.3781768076177,104.62675,1,1,1,1,1
4.0,0.55,41.0,10.0,1.0,1.0,9999.900390625,-5595.51806640625,-795.8798634851297,109.26679,1,1,1,0,1
4.0,0.58,28.0,6.0,1.0,5.0,1.932424783706665,-16729.59716796875,-659.1177397819401,109.572235,1,1,1,1,1
4.0,0.7,26.0,7.0,0.0,6.0,9999.900390625,-7341.47509765625,-750.743625604444,109.220215,0,1,1,1,1
4.0,0.7,44.0,1.0,0.0,1.0,9999.900390625,-1183.165023803711,-468.8749519475081,53.345364,0,0,0,0,0
4.0,0.73,37.0,6.0,1.0,1.0,2.3912007808685303,-16920.1044921875,-595.1582254871028,105.136475,1,1,1,0,1
4.0,0.75,47.0,6.0,1.0,0.0,4.416341304779053,-22051.564453125,-549.72176558864,100.16734,1,1,1,1,1
4.0,0.77,44.0,1.0,0.0,2.0,9999.900390625,-1176.2762451171875,-467.9972857893837,53.68619,0,0,0,0,0
4.0,0.79,43.0,8.0,0.0,3.0,9999.900390625,-12719.083984375,-660.5249707299852,109.23004,1,1,1,1,1
4.0,0.84,27.0,9.0,0.0,2.0,9999.900390625,-78.69903564453125,-470.7953817868414,52.34888,1,1,1,1,1
4.0,0.85,45.0,5.0,0.0,0.0,9999.900390625,-7786.892578125,-528.1294045969163,99.20238,1,1,1,1,1
4.0,0.88,38.0,7.0,1.0,6.0,9999.900390625,-17330.4169921875,-545.8168792670064,100.124214,1,1,1,1,1
4.0,0.93,50.0,9.0,0.0,3.0,4.933157920837402,-16473.173828125,-531.4035100388994,99.91853,1,1,1,1,1
5.0,0.03,21.0,4.0,1.0,4.0,9999.900390625,-0.0643566846847534,-1036.0460526686225,100.10598,1,1,1,1,1
5.0,0.03,26.0,5.0,0.0,2.0,9999.900390625,-16286.01025390625,-1051.3152923053813,100.38787,1,1,1,1,1
5.0,0.05,30.0,2.0,1.0,4.0,4.667394638061523,-21193.7392578125,-1049.3448866885892,100.22095,1,1,1,1,1
5.0,0.13,32.0,4.0,0.0,3.0,9999.900390625,-14951.6435546875,-1028.8877958286705,79.41237,1,1,1,1,1
5.0,0.18,30.0,5.0,1.0,4.0,2.9946365356445312,-17629.6025390625,-1052.7033888169522,102.358765,1,1,1,1,1
5.0,0.21,40.0,9.0,1.0,5.0,9999.900390625,-5475.021545410156,-1191.6323521410884,109.31996,1,1,1,0,1
5.0,0.24,31.0,1.0,0.0,2.0,9999.900390625,-2183.5362548828125,-994.7479050819736,53.831123,0,0,0,0,0
5.0,0.28,43.0,3.0,1.0,0.0,9999.900390625,-29179.201171875,-1028.2603386430455,76.417725,1,1,1,1,1
5.0,0.3,42.0,8.0,0.0,6.0,3.0777902603149414,-17257.0263671875,-1129.0216951148752,109.2441,1,0,1,1,1
5.0,0.32,38.0,4.0,1.0,1.0,9999.900390625,-16972.5615234375,-1036.304586998579,98.20209,1,1,1,1,1
5.0,0.53,47.0,9.0,1.0,1.0,2.516328811645508,-17005.1123046875,-1111.8361297238675,109.47281,1,1,1,1,1
5.0,0.56,42.0,0.0,1.0,6.0,9999.900390625,-1105.4316940307615,-1011.6775976373044,54.60338,0,0,0,0,0
5.0,0.57,36.0,8.0,0.0,3.0,4.911702632904053,-22837.3984375,-1044.085565266659,100.109695,1,1,1,1,1
5.0,0.67,25.0,4.0,1.0,1.0,2.297978162765503,-13931.56396484375,-1191.6023266552236,109.21165,1,1,1,1,1
5.0,0.7,45.0,1.0,0.0,4.0,9999.900390625,-1234.9969635009766,-994.6640484538218,50.807537,0,0,0,0,0
5.0,0.73,42.0,6.0,1.0,1.0,9999.900390625,-21634.484375,-1034.474257898334,97.499054,1,1,1,1,1
5.0,0.78,38.0,7.0,0.0,3.0,9999.900390625,-2258.119415283203,-999.4957434745656,51.9461,1,1,1,1,1
5.0,0.82,24.0,7.0,0.0,6.0,9999.900390625,-1.980568766593933,-1004.9989564759006,53.140224,0,0,1,1,1
5.0,0.82,38.0,3.0,0.0,5.0,9999.900390625,-14895.4306640625,-1033.9617205833338,96.78521,1,1,1,1,1
5.0,0.85,21.0,4.0,1.0,0.0,9999.900390625,-3794.922607421875,-1137.6439065404422,109.567375,1,0,1,0,1
5.0,0.93,20.0,2.0,1.0,2.0,9999.900390625,-12710.33251953125,-1118.995533679648,109.23472,1,0,1,1,1
5.0,0.96,22.0,4.0,0.0,5.0,9999.900390625,-1372.905029296875,-1009.5483034219224,62.138348,1,0,1,1,1
6.0,0.1,31.0,0.0,0.0,2.0,9999.900390625,-2233.5034790039062,-458.3956425486697,53.55261,0,0,0,0,0
6.0,0.11,30.0,10.0,0.0,0.0,9999.900390625,-9085.396484375,-873.2070101247482,107.13332,1,1,1,1,1
6.0,0.11,47.0,0.0,1.0,0.0,9999.900390625,-2180.191162109375,-472.27180411925167,59.389618,0,0,0,0,0
6.0,0.13,27.0,9.0,0.0,5.0,2.093336582183838,-32914.37890625,-579.2388783244592,104.13674,1,1,1,1,1
6.0,0.16,25.0,4.0,1.0,3.0,9999.900390625,-13900.84765625,-569.151311638854,104.49155,1,0,1,1,1
6.0,0.16,45.0,5.0,0.0,6.0,9999.900390625,-14236.0009765625,-521.5415995377889,100.10769,1,1,1,1,1
6.0,0.2,20.0,8.0,1.0,5.0,3.805790662765503,-12266.454345703123,-643.2583102334431,109.53016,1,0,1,0,1
6.0,0.23,40.0,9.0,0.0,2.0,9999.900390625,-22222.1982421875,-565.4533733451169,104.42242,1,0,1,1,1
6.0,0.25,49.0,6.0,1.0,5.0,9999.900390625,-17275.0390625,-625.4180941020935,109.28457,1,0,1,1,1
6.0,0.34,21.0,3.0,1.0,2.0,9999.900390625,-13003.84423828125,-550.2294890837552,102.85774,1,0,1,0,1
6.0,0.38,36.0,6.0,0.0,6.0,9999.900390625,-15895.1767578125,-648.4847623732422,109.260124,1,0,1,1,1
6.0,0.51,23.0,9.0,1.0,3.0,4.204904079437256,-17978.57421875,-548.8216313268404,103.47476,1,1,1,1,1
6.0,0.52,33.0,5.0,0.0,5.0,9999.900390625,-20036.1123046875,-514.2105429475189,96.984245,1,1,1,1,1
6.0,0.52,37.0,1.0,0.0,4.0,9999.900390625,-1227.568862915039,-456.2118925669302,53.616077,0,0,0,0,0
6.0,0.52,46.0,0.0,0.0,4.0,9999.900390625,-1167.169464111328,-454.77597968699627,55.177353,0,0,0,0,0
6.0,0.54,27.0,5.0,0.0,4.0,9999.900390625,-97.96467590332033,-458.23742199915495,54.222588,0,1,1,1,1
6.0,0.7,35.0,9.0,1.0,5.0,4.797045707702637,-30939.34375,-557.709527051735,104.765305,1,0,1,1,1
6.0,0.84,37.0,10.0,0.0,1.0,9999.900390625,-17594.2646484375,-517.3320807058208,100.1126,1,1,1,1,1
6.0,0.87,35.0,2.0,0.0,3.0,9999.900390625,-5322.366180419922,-456.1608874037227,53.14487,0,0,0,1,1
7.0,0.17,35.0,2.0,0.0,3.0,9999.900390625,-2970.834289550781,-489.70344804514417,53.576183,1,1,1,1,1
7.0,0.19,39.0,0.0,1.0,0.0,9999.900390625,-2175.818817138672,-502.2522211843543,55.002495,0,0,0,0,0
7.0,0.3,31.0,4.0,0.0,2.0,9999.900390625,-1234.8033294677734,-483.7126932473706,54.252357,0,1,1,1,1
7.0,0.3,43.0,7.0,1.0,4.0,9999.900390625,-18685.298828125,-661.1026295246648,109.20589,1,1,1,0,1
7.0,0.3,46.0,4.0,1.0,3.0,9999.900390625,-15634.59423828125,-635.0940519795399,108.85122,1,1,1,0,1
7.0,0.31,27.0,4.0,0.0,3.0,9999.900390625,-24.816694259643555,-483.8949466758615,54.038216,1,0,1,1,1
7.0,0.54,43.0,7.0,1.0,6.0,3.0595128536224365,-17726.767578125,-587.4391045898918,104.6343,1,1,1,1,1
7.0,0.63,35.0,7.0,1.0,5.0,2.621843814849853,-82585.3046875,-569.5536686548528,102.31855,1,1,1,0,1
7.0,0.65,21.0,0.0,0.0,3.0,9999.900390625,-0.0334730446338653,-508.6983761518192,60.884483,0,0,0,0,0
7.0,0.69,45.0,7.0,1.0,4.0,2.603900194168091,-19842.3291015625,-679.3065150356197,108.8319,1,1,1,1,1
7.0,0.75,40.0,3.0,0.0,0.0,9999.900390625,-5360.282928466797,-482.01108982794966,53.73369,1,1,1,1,1
7.0,0.77,48.0,6.0,0.0,1.0,9999.900390625,-16982.3623046875,-578.9023290281214,103.785904,1,1,1,1,1
7.0,0.84,31.0,7.0,1.0,6.0,2.98020601272583,-17006.43798828125,-598.0424346889047,104.29793,1,1,1,0,1
7.0,0.87,24.0,6.0,1.0,2.0,3.468494176864624,-21290.3046875,-571.8715551897493,102.41798,1,1,1,1,1
7.0,0.89,49.0,0.0,0.0,3.0,9999.900390625,-1169.261260986328,-480.5379481884661,55.192856,0,0,0,0,0
7.0,0.98,24.0,6.0,1.0,2.0,3.1059627532958984,-18331.83203125,-579.8817467373318,104.0359,1,0,1,1,1
8.0,0.18,36.0,2.0,1.0,5.0,9999.900390625,-19299.521484375,-685.388419092635,101.2693,1,1,1,1,1
8.0,0.3,24.0,2.0,1.0,5.0,3.23066520690918,-15981.50341796875,-669.1672325616429,100.118416,1,1,1,1,1
8.0,0.34,21.0,7.0,1.0,6.0,2.6246373653411865,-13427.73046875,-760.4129556318971,109.57481,1,0,1,0,1
8.0,0.45,23.0,1.0,1.0,6.0,9999.900390625,-0.7300536036491394,-651.3322672745098,72.79511,0,0,0,0,0
8.0,0.45,31.0,1.0,1.0,5.0,9999.900390625,-2176.1522216796875,-631.7275027784525,55.55757,0,0,0,0,0
8.0,0.69,46.0,9.0,1.0,0.0,3.031738519668579,-25037.4453125,-696.4907873897997,103.8403,1,1,1,1,1
8.0,0.79,24.0,5.0,0.0,6.0,9999.900390625,-1.9816577434539795,-622.599242636683,53.8866,0,0,1,1,1
8.0,0.89,35.0,10.0,0.0,1.0,9999.900390625,-18446.4140625,-796.2967066124371,109.28207,1,0,1,1,1
8.0,0.99,33.0,8.0,0.0,1.0,9999.900390625,-18982.9912109375,-678.2419515069219,99.9911,1,1,1,1,1
8.0,0.99,39.0,0.0,1.0,2.0,9999.900390625,-2174.3999633789062,-630.5456655498203,54.189587,0,0,0,0,0
9.0,0.01,23.0,4.0,1.0,4.0,3.0063960552215576,-15451.62646484375,-570.4759077305669,104.33942,1,1,1,1,1
9.0,0.05,34.0,2.0,0.0,6.0,9999.900390625,-5248.6064453125,-473.5743979989524,52.1319,0,1,1,1,1
9.0,0.21,27.0,6.0,0.0,3.0,9999.900390625,-1034.8744506835938,-474.9871252802639,54.521168,1,0,1,1,1
9.0,0.28,30.0,7.0,1.0,6.0,9999.900390625,-28600.63671875,-556.6445758295517,101.24267,1,1,1,1,1
9.0,0.46,28.0,1.0,0.0,2.0,9999.900390625,-2176.6243438720703,-474.0321328837108,52.292458,0,0,0,0,0
9.0,0.48,44.0,0.0,0.0,6.0,9999.900390625,-1166.953842163086,-472.5184571252012,53.379105,0,0,0,0,0
9.0,0.53,41.0,9.0,1.0,1.0,9999.900390625,-18962.666015625,-660.8022844517278,109.5686,1,1,1,1,1
9.0,0.53,42.0,7.0,1.0,6.0,9999.900390625,-6030.9345703125,-677.1214471168211,109.55507,1,0,1,0,1
9.0,0.56,20.0,4.0,0.0,0.0,9999.900390625,-16857.03564453125,-574.1048599948157,104.28665,0,1,1,1,1
9.0,0.69,23.0,6.0,0.0,3.0,9999.900390625,-61.93585968017578,-490.10688883317664,55.20556,0,0,0,0,0
9.0,0.74,31.0,3.0,1.0,4.0,9999.900390625,-2179.334259033203,-493.195636727264,56.344177,1,1,1,1,1
9.0,0.81,24.0,1.0,0.0,0.0,9999.900390625,-1.9814282655715945,-483.5742509242571,52.24416,0,0,0,0,0
9.0,0.85,28.0,5.0,0.0,3.0,9999.900390625,-1214.4367980957031,-474.3067272719622,54.034214,0,0,1,1,1
9.0,0.94,48.0,0.0,0.0,2.0,9999.900390625,-1166.0158386230469,-472.9285802496387,53.324055,0,0,0,0,0
9.0,0.97,50.0,9.0,1.0,6.0,9999.900390625,-14967.09716796875,-593.3634853522348,105.269844,1,0,1,1,1
9.0,0.99,22.0,9.0,0.0,6.0,9999.900390625,-9119.51318359375,-521.1467483434114,78.81796,0,0,1,1,1
10.0,0.05,21.0,3.0,0.0,4.0,9999.900390625,-5.811556339263916,-642.1068707978817,58.01241,0,0,1,1,1
10.0,0.14,39.0,6.0,0.0,0.0,9999.900390625,-19370.25390625,-677.710954916372,100.1183,1,1,1,1,1
10.0,0.15,22.0,8.0,1.0,4.0,9999.900390625,-13084.708984375,-759.1237375288198,109.03303,1,0,1,1,1
10.0,0.18,35.0,7.0,1.0,1.0,1.7706584930419922,-26134.095703125,-707.2652185431908,103.62044,1,1,1,1,1
10.0,0.21,47.0,9.0,1.0,3.0,9999.900390625,-10861.7197265625,-739.4493127935905,106.2081,1,1,1,0,1
10.0,0.31,49.0,1.0,1.0,6.0,9999.900390625,-2176.8250427246094,-641.984692325062,56.277485,0,0,0,0,0
10.0,0.36,21.0,7.0,1.0,6.0,9999.900390625,-13194.8544921875,-766.1068838448152,109.361015,1,0,1,0,1
10.0,0.41,50.0,5.0,0.0,2.0,9999.900390625,-12881.068359375,-650.1347599632727,64.87834,1,1,1,1,1
10.0,0.46,29.0,4.0,1.0,4.0,9999.900390625,-5207.698989868164,-646.3295598951825,59.570545,1,1,1,1,1
10.0,0.56,36.0,4.0,0.0,5.0,2.3686318397521973,-19798.0673828125,-696.7449906199054,99.22979,1,1,1,1,1
10.0,0.57,31.0,5.0,0.0,1.0,9999.900390625,-26858.30859375,-673.2127065126656,94.66419,1,1,1,1,1
10.0,0.6,47.0,2.0,0.0,5.0,9999.900390625,-1294.8260498046875,-622.60039500557,52.39889,1,1,1,1,1
10.0,0.69,45.0,8.0,0.0,5.0,9999.900390625,-18283.1669921875,-709.1633609673125,103.78502,1,0,1,1,1
10.0,0.71,27.0,1.0,0.0,0.0,9999.900390625,-1025.4358558654783,-621.5491727115221,53.822243,0,0,0,0,0
10.0,0.76,48.0,1.0,0.0,0.0,9999.900390625,-1172.971710205078,-619.9374857666122,52.94977,0,0,0,1,1
10.0,0.78,32.0,10.0,1.0,5.0,1.0333465337753296,-20637.435546875,-713.5085744837155,104.12358,1,1,1,1,1
10.0,0.88,33.0,6.0,1.0,2.0,9999.900390625,-15929.94140625,-789.0810784777146,109.562035,1,1,1,1,1
10.0,0.88,45.0,9.0,0.0,0.0,9999.900390625,-34727.375,-683.0075971579494,100.10339,1,1,1,1,1
10.0,0.99,30.0,3.0,1.0,1.0,9999.900390625,-26439.474609375,-701.2556239991479,102.61016,1,1,1,1,1
11.0,0.04,22.0,7.0,1.0,2.0,9999.900390625,-19136.529296875,-585.8469963023846,103.763435,1,0,1,0,1
11.0,0.04,48.0,0.0,1.0,1.0,9999.900390625,-1109.5376739501953,-504.76854918579886,57.35134,0,0,0,0,0
11.0,0.05,47.0,4.0,1.0,3.0,9999.900390625,-15684.52685546875,-605.0379471306007,104.14759,1,1,1,1,1
11.0,0.07,28.0,5.0,1.0,0.0,1.879185914993286,-23945.8759765625,-571.4131512944443,102.39698,1,1,1,1,1
11.0,0.16,39.0,0.0,1.0,6.0,9999.900390625,-1107.7920684814453,-502.9816907945036,56.43768,0,0,0,0,0
11.0,0.18,48.0,0.0,0.0,3.0,9999.900390625,-1239.1512908935547,-482.636437311452,53.74508,0,0,0,0,0
11.0,0.26,43.0,0.0,0.0,5.0,9999.900390625,-1240.3404083251953,-484.39442467936345,53.370007,0,0,0,0,0
11.0,0.38,41.0,7.0,1.0,4.0,4.344249725341797,-16356.91162109375,-562.3345018424535,100.10788,1,1,1,1,1
11.0,0.66,34.0,10.0,0.0,3.0,9999.900390625,-12612.51025390625,-682.6634165972697,109.21843,1,1,1,1,1
11.0,0.71,26.0,2.0,1.0,3.0,9999.900390625,-5320.0902099609375,-535.1228454244211,94.61928,1,1,1,1,1
11.0,0.92,46.0,3.0,0.0,5.0,9999.900390625,-5221.877182006836,-482.77675964455256,53.04139,1,1,1,1,1
11.0,0.95,47.0,8.0,1.0,2.0,9999.900390625,-15768.65380859375,-644.6714765047346,109.23389,1,0,1,0,1
12.0,0.02,22.0,4.0,1.0,3.0,9999.900390625,-0.0,-1041.1413201751052,112.663475,1,0,0,0,1
12.0,0.02,35.0,7.0,0.0,6.0,9999.900390625,-0.0,-1041.1413204813778,112.66474,0,0,0,0,0
12.0,0.02,47.0,10.0,1.0,4.0,9999.900390625,-0.0,-1041.1413268394178,112.664345,0,0,0,0,0
12.0,0.02,50.0,6.0,0.0,4.0,9999.900390625,-0.0,-1041.1413188606446,112.66348,0,0,0,0,0
12.0,0.1,27.0,0.0,1.0,1.0,9999.900390625,-0.0,-1041.141297774777,112.66392,0,0,0,0,0
12.0,0.17,48.0,10.0,1.0,1.0,9999.900390625,-0.0,-1041.1413268394178,112.664635,0,0,0,0,0
12.0,0.2,38.0,4.0,1.0,2.0,9999.900390625,-0.0,-1041.1412981224337,112.66462,0,0,0,0,0
12.0,0.22,30.0,5.0,0.0,1.0,9999.900390625,-0.0,-1041.1412981224337,112.66491,0,0,0,0,0
12.0,0.22,37.0,8.0,0.0,2.0,9999.900390625,-0.0,-1041.1413190847131,112.6647,0,0,0,0,0
12.0,0.3,36.0,2.0,1.0,1.0,9999.900390625,-0.0,-1041.1413051517748,112.66454,0,0,0,0,0
12.0,0.31,33.0,4.0,0.0,4.0,9999.900390625,-0.0,-1041.141320361506,112.66477,1,0,0,0,1
12.0,0.35,43.0,5.0,1.0,3.0,9999.900390625,-0.0,-1041.1413204958592,112.663475,1,0,0,0,1
12.0,0.37,45.0,5.0,0.0,1.0,9999.900390625,-0.0,-1041.1413190141222,112.6648,1,0,0,0,1
12.0,0.45,29.0,8.0,0.0,1.0,9999.900390625,-0.0,-1041.1413191583972,112.66469,0,0,0,0,0
12.0,0.55,32.0,7.0,0.0,3.0,9999.900390625,-0.0,-1041.1412981224337,112.66462,0,0,0,0,0
12.0,0.68,37.0,5.0,1.0,1.0,9999.900390625,-0.0,-1041.141320271871,112.664536,0,0,0,0,0
12.0,0.7,41.0,1.0,0.0,0.0,9999.900390625,-0.0,-1041.141297841701,112.66439,0,0,0,0,0
12.0,0.81,32.0,2.0,0.0,2.0,9999.900390625,-0.0,-1041.1413188515548,112.664696,0,0,0,0,0
12.0,0.87,50.0,8.0,1.0,2.0,9999.900390625,-0.0,-1041.1413191583972,112.66484,0,0,0,0,0
13.0,0.18,26.0,4.0,1.0,6.0,9999.900390625,-0.0,-874.3390318128693,112.66458,0,0,0,0,0
13.0,0.34,39.0,1.0,1.0,3.0,9999.900390625,-0.0,-874.3390319521967,112.6635,0,0,0,0,0
13.0,0.42,30.0,10.0,0.0,2.0,9999.900390625,-0.0,-874.3390324308566,112.66478,0,0,0,0,0
13.0,0.63,29.0,8.0,0.0,4.0,9999.900390625,-0.0,-874.3390277734741,112.66471,1,0,0,0,1
13.0,0.8,45.0,8.0,1.0,2.0,9999.900390625,-0.0,-874.3390472872776,112.66469,1,0,0,0,1
13.0,0.83,23.0,1.0,1.0,6.0,9999.900390625,-0.0,-874.3390122744693,112.66344,0,0,0,0,0
13.0,0.89,31.0,4.0,1.0,5.0,9999.900390625,-0.0,-874.3390318128693,112.66274,1,0,0,0,1
13.0,0.99,34.0,3.0,1.0,6.0,9999.900390625,-0.0,-874.3390353336607,112.663475,0,0,0,0,0
13.0,1.0,30.0,4.0,1.0,3.0,9999.900390625,-0.0,-874.3390274441057,112.66274,0,0,0,0,0
14.0,0.1,22.0,3.0,1.0,6.0,9999.900390625,-0.0,-922.2507695464348,112.66481,0,0,0,0,0
14.0,0.21,23.0,3.0,0.0,2.0,9999.900390625,-0.0,-922.2507399143352,112.66484,0,0,0,0,0
14.0,0.21,42.0,4.0,1.0,5.0,9999.900390625,-0.0,-922.2507667628328,112.66348,0,0,0,0,0
14.0,0.27,23.0,2.0,1.0,1.0,9999.900390625,-0.0,-922.2507399143352,112.66452,0,0,0,0,0
14.0,0.39,25.0,4.0,0.0,5.0,9999.900390625,-0.0,-922.2507664375156,112.662735,0,0,0,0,0
14.0,0.64,48.0,6.0,1.0,5.0,9999.900390625,-0.0,-922.2507692598548,112.66487,0,0,0,0,0
14.0,0.65,40.0,9.0,0.0,6.0,9999.900390625,-0.0,-922.2507668661814,112.66474,1,0,0,0,1
14.0,0.7,35.0,5.0,0.0,4.0,9999.900390625,-0.0,-922.2507664375156,112.66461,0,0,0,0,0
14.0,0.74,32.0,3.0,1.0,2.0,9999.900390625,-0.0,-922.2507399143352,112.66485,0,0,0,0,0
14.0,0.78,24.0,7.0,1.0,1.0,9999.900390625,-0.0,-922.2507395044644,112.6639,0,0,0,0,0
14.0,0.79,25.0,1.0,0.0,0.0,9999.900390625,-0.0,-922.250739359102,112.66392,0,0,0,0,0
14.0,0.8,42.0,0.0,0.0,2.0,9999.900390625,-0.0,-922.2507720057492,112.66346,0,0,0,0,0
14.0,0.82,33.0,7.0,0.0,0.0,9999.900390625,-0.0,-922.2507392270012,112.66455,0,0,0,0,0
14.0,0.85,40.0,10.0,0.0,5.0,9999.900390625,-0.0,-922.2507515585346,112.66485,1,0,0,0,1
14.0,0.86,36.0,7.0,1.0,4.0,9999.900390625,-0.0,-922.2507515585346,112.66444,0,0,0,0,0
14.0,0.92,26.0,6.0,0.0,3.0,9999.900390625,-0.0,-922.2507395044644,112.6639,0,0,0,0,0
14.0,0.96,49.0,6.0,0.0,3.0,9999.900390625,-0.0,-922.2507719386592,112.66454,0,0,0,0,0
15.0,0.03,38.0,7.0,0.0,4.0,9999.900390625,-0.0,-1612.9210930997235,112.66496,0,0,0,0,0
15.0,0.03,49.0,10.0,1.0,6.0,9999.900390625,-0.0,-1612.9210933564973,112.66475,0,0,0,0,0
15.0,0.05,35.0,5.0,0.0,0.0,9999.900390625,-0.0,-1612.9211008789864,112.66479,0,0,0,0,0
15.0,0.06,50.0,10.0,1.0,3.0,9999.900390625,-0.0,-1612.921090923338,112.664764,1,0,0,0,1
15.0,0.16,47.0,9.0,1.0,5.0,9999.900390625,-0.0,-1612.9210926757123,112.66479,0,0,0,0,0
15.0,0.17,25.0,2.0,0.0,5.0,9999.900390625,-0.0,-1612.9210679939993,112.66447,0,0,0,0,0
15.0,0.25,22.0,6.0,0.0,0.0,9999.900390625,-0.0,-1612.9210925158,112.66478,0,0,0,0,0
15.0,0.36,40.0,5.0,1.0,5.0,9999.900390625,-0.0,-1612.9210677091412,112.66456,0,0,0,0,0
15.0,0.36,41.0,8.0,0.0,3.0,9999.900390625,-0.0,-1612.9210769756332,112.664665,0,0,0,0,0
15.0,0.37,23.0,4.0,1.0,4.0,9999.900390625,-0.0,-1612.9210676784105,112.664444,0,0,0,0,0
15.0,0.38,50.0,1.0,0.0,5.0,9999.900390625,-0.0,-1612.9210908334642,112.6635,0,0,0,0,0
15.0,0.41,45.0,6.0,1.0,2.0,9999.900390625,-0.0,-1612.9210927051538,112.66465,0,0,0,0,0
15.0,0.48,29.0,5.0,0.0,5.0,9999.900390625,-0.0,-1612.9211008789864,112.662735,0,0,0,0,0
15.0,0.5,29.0,0.0,1.0,0.0,9999.900390625,-0.0,-1612.921091011925,112.6635,0,0,0,0,0
15.0,0.51,34.0,4.0,0.0,5.0,9999.900390625,-0.0,-1612.921101012955,112.663475,0,0,0,0,0
15.0,0.51,36.0,7.0,1.0,5.0,9999.900390625,-0.0,-1612.9210933564973,112.66347,0,0,0,0,0
15.0,0.56,28.0,0.0,0.0,3.0,9999.900390625,-0.0,-1612.9210679869036,112.663956,0,0,0,0,0
15.0,0.65,23.0,6.0,0.0,3.0,9999.900390625,-0.0,-1612.9210931874484,112.662796,0,0,0,0,0
15.0,0.82,20.0,6.0,1.0,0.0,9999.900390625,-0.0,-1612.9210911748994,112.66478,1,0,0,0,1
15.0,0.9,49.0,0.0,0.0,6.0,9999.900390625,-0.0,-1612.921067714643,112.66439,0,0,0,0,0
15.0,0.91,27.0,8.0,1.0,6.0,9999.900390625,-0.0,-1612.9210926757123,112.663475,0,0,0,0,0
15.0,0.97,31.0,0.0,1.0,4.0,9999.900390625,-0.0,-1612.9210663055617,112.66393,0,0,0,0,0
15.0,0.97,50.0,1.0,0.0,3.0,9999.900390625,-0.0,-1612.9210926427984,112.6635,0,0,0,0,0
16.0,0.15,42.0,8.0,1.0,0.0,9999.900390625,-0.0,-1160.7164683143335,112.664764,0,0,0,0,0
16.0,0.18,24.0,0.0,0.0,3.0,9999.900390625,-0.0,-1160.7164301231176,112.66439,0,0,0,0,0
16.0,0.19,24.0,6.0,1.0,0.0,9999.900390625,-0.0,-1160.716463853301,112.66469,0,0,0,0,0
16.0,0.23,26.0,9.0,1.0,2.0,9999.900390625,-0.0,-1160.7164644364157,112.66467,0,0,0,0,0
16.0,0.28,41.0,10.0,1.0,6.0,9999.900390625,-0.0,-1160.7164642888747,112.664856,0,0,0,0,0
16.0,0.3,50.0,3.0,0.0,4.0,9999.900390625,-0.0,-1160.7164275225734,112.66477,0,0,0,0,0
16.0,0.36,26.0,5.0,0.0,2.0,9999.900390625,-0.0,-1160.7164690407178,112.663475,0,0,0,0,0
16.0,0.4,41.0,3.0,1.0,4.0,4.635943412780762,-0.0,-1160.7164642888747,112.66467,1,0,0,0,1
16.0,0.46,40.0,6.0,1.0,4.0,9999.900390625,-0.0,-1160.7164638533009,112.66473,0,0,0,0,0
16.0,0.65,20.0,3.0,1.0,5.0,9999.900390625,-0.0,-1160.716430350723,112.664536,0,0,0,0,0
16.0,0.73,39.0,0.0,0.0,5.0,9999.900390625,-0.0,-1160.716481318423,112.66344,0,0,0,0,0
16.0,0.74,29.0,8.0,1.0,2.0,9999.900390625,-0.0,-1160.7164638533009,112.662735,0,0,0,0,0
16.0,0.74,35.0,0.0,0.0,4.0,9999.900390625,-0.0,-1160.7164301231176,112.66439,0,0,0,0,0
16.0,0.77,25.0,10.0,0.0,0.0,9999.900390625,-0.0,-1160.7164302449985,112.66398,1,0,0,0,1
16.0,0.77,30.0,8.0,1.0,5.0,9999.900390625,-0.0,-1160.7164486873123,112.664825,0,0,0,0,0
16.0,0.8,27.0,9.0,0.0,5.0,9999.900390625,-0.0,-1160.716463853301,112.6648,0,0,0,0,0
16.0,0.83,31.0,2.0,0.0,4.0,9999.900390625,-0.0,-1160.7164303472343,112.664444,0,0,0,0,0
16.0,0.83,32.0,7.0,0.0,0.0,9999.900390625,-0.0,-1160.7164642888747,112.663475,0,0,0,0,0
16.0,0.9,29.0,8.0,1.0,3.0,9999.900390625,-0.0,-1160.7164683143335,112.66274,0,0,0,0,0
17.0,0.0,40.0,4.0,0.0,4.0,9999.900390625,-0.0,-1557.4931773094197,112.6649,0,0,0,0,0
17.0,0.11,25.0,6.0,1.0,2.0,3.9003849029541016,-0.0,-1557.493171481285,112.66346,1,0,0,0,1
17.0,0.14,45.0,2.0,0.0,4.0,9999.900390625,-0.0,-1557.4931744399496,112.66346,0,0,0,0,0
17.0,0.18,46.0,3.0,1.0,4.0,9999.900390625,-0.0,-1557.493177084701,112.66346,0,0,0,0,0
17.0,0.19,21.0,3.0,1.0,5.0,9999.900390625,-0.0,-1557.493168205389,112.66487,0,0,0,0,0
17.0,0.26,26.0,0.0,0.0,1.0,9999.900390625,-0.0,-1557.4931683914174,112.66392,0,0,0,0,0
17.0,0.27,30.0,0.0,0.0,4.0,9999.900390625,-0.0,-1557.4931708209456,112.66444,0,0,0,0,0
17.0,0.34,40.0,10.0,1.0,0.0,9999.900390625,-0.0,-1557.4931706042742,112.66484,0,0,0,0,0
17.0,0.38,41.0,7.0,1.0,6.0,9999.900390625,-0.0,-1557.4931773094197,112.662735,1,0,0,0,1
17.0,0.39,34.0,7.0,0.0,4.0,9999.900390625,-0.0,-1557.4931773094197,112.66476,1,0,0,0,1
17.0,0.44,46.0,6.0,1.0,5.0,9999.900390625,-0.0,-1557.493162749577,112.66348,0,0,0,0,0
17.0,0.5,48.0,6.0,0.0,5.0,9999.900390625,-0.0,-1557.4931629397458,112.664665,0,0,0,0,0
17.0,0.58,29.0,5.0,0.0,2.0,9999.900390625,-0.0,-1557.4931773094197,112.662735,0,0,0,0,0
17.0,0.6,37.0,9.0,0.0,4.0,9999.900390625,-0.0,-1557.4931773094197,112.664345,0,0,0,0,0
17.0,0.87,32.0,2.0,1.0,2.0,9999.900390625,-0.0,-1557.4931653792755,112.66459,0,0,0,0,0
18.0,0.07,43.0,4.0,0.0,6.0,9999.900390625,-0.0,-1366.774140401462,112.66274,0,0,0,0,0
18.0,0.12,35.0,1.0,1.0,0.0,9999.900390625,-0.0,-1366.7741231488428,112.66344,0,0,0,0,0
18.0,0.14,20.0,3.0,0.0,3.0,9999.900390625,-0.0,-1366.77414099083,112.66274,0,0,0,0,0
18.0,0.15,50.0,0.0,1.0,0.0,9999.900390625,-0.0,-1366.7741447219607,112.66344,0,0,0,0,0
18.0,0.16,35.0,10.0,0.0,3.0,9999.900390625,-0.0,-1366.7741105819623,112.6648,1,0,0,0,1
18.0,0.31,23.0,6.0,1.0,2.0,9999.900390625,-0.0,-1366.7741379842168,112.66469,0,0,0,0,0
18.0,0.36,20.0,0.0,0.0,4.0,9999.900390625,-0.0,-1366.7741102361322,112.66431,0,0,0,0,0
18.0,0.38,37.0,5.0,1.0,0.0,9999.900390625,-0.0,-1366.774152306441,112.66428,0,0,0,0,0
18.0,0.39,47.0,6.0,0.0,4.0,9999.900390625,-0.0,-1366.774140401462,112.66477,0,0,0,0,0
18.0,0.43,42.0,10.0,0.0,3.0,9999.900390625,-0.0,-1366.7741410162334,112.664856,0,0,0,0,0
18.0,0.45,20.0,8.0,0.0,2.0,9999.900390625,-0.0,-1366.7741403326509,112.664734,0,0,0,0,0
18.0,0.5,47.0,4.0,0.0,2.0,9999.900390625,-0.0,-1366.7741379842168,112.66346,0,0,0,0,0
18.0,0.53,44.0,9.0,0.0,2.0,9999.900390625,-0.0,-1366.7741229743124,112.664856,0,0,0,0,0
18.0,0.54,50.0,2.0,0.0,1.0,9999.900390625,-0.0,-1366.774110912385,112.66484,0,0,0,0,0
18.0,0.62,28.0,7.0,0.0,4.0,9999.900390625,-0.0,-1366.77411075336,112.66484,0,0,0,0,0
18.0,0.67,30.0,8.0,0.0,1.0,9999.900390625,-0.0,-1366.7741378206342,112.663475,0,0,0,0,0
18.0,0.79,47.0,3.0,1.0,4.0,9999.900390625,-0.0,-1366.7741108540736,112.66477,0,0,0,0,0
18.0,0.92,49.0,3.0,0.0,6.0,9999.900390625,-0.0,-1366.7741377165369,112.66274,0,0,0,0,0
18.0,0.98,27.0,6.0,0.0,0.0,9999.900390625,-0.0,-1366.7741377165369,112.66473,1,0,0,0,1
18.0,1.0,50.0,5.0,1.0,0.0,9999.900390625,-0.0,-1366.77411075336,112.66399,0,0,0,0,0
19.0,0.02,39.0,0.0,0.0,0.0,9999.900390625,-0.0,-1081.5746635724945,112.66439,0,0,0,0,0
19.0,0.11,24.0,10.0,0.0,4.0,9999.900390625,-0.0,-1081.5746944641385,112.66436,0,0,0,0,0
19.0,0.15,30.0,10.0,0.0,1.0,9999.900390625,-0.0,-1081.574700718818,112.66485,0,0,0,0,0
19.0,0.23,33.0,5.0,1.0,0.0,9999.900390625,-0.0,-1081.574661678295,112.66467,0,0,0,0,0
19.0,0.28,31.0,4.0,1.0,3.0,9999.900390625,-0.0,-1081.5746639101178,112.66393,0,0,0,0,0
19.0,0.32,48.0,10.0,0.0,0.0,9999.900390625,-0.0,-1081.574679280948,112.66481,0,0,0,0,0
19.0,0.4,45.0,9.0,1.0,0.0,9999.900390625,-0.0,-1081.5746985955857,112.664825,0,0,0,0,0
19.0,0.45,37.0,9.0,0.0,1.0,9999.900390625,-0.0,-1081.574678837577,112.664444,1,0,0,0,1
19.0,0.46,48.0,1.0,1.0,5.0,9999.900390625,-0.0,-1081.5746945423532,112.66344,0,0,0,0,0
19.0,0.49,50.0,1.0,1.0,6.0,9999.900390625,-0.0,-1081.5746637636305,112.66398,0,0,0,0,0
19.0,0.53,43.0,7.0,0.0,5.0,9999.900390625,-0.0,-1081.5746636883575,112.66477,0,0,0,0,0
19.0,0.57,31.0,5.0,1.0,6.0,9999.900390625,-0.0,-1081.5746976698742,112.662735,1,0,0,0,1
19.0,0.67,20.0,6.0,1.0,4.0,9999.900390625,-0.0,-1081.57469472713,112.66347,1,0,0,0,1
19.0,0.69,25.0,0.0,0.0,2.0,9999.900390625,-0.0,-1081.574694495809,112.6635,0,0,0,0,0
19.0,0.73,22.0,8.0,1.0,0.0,9999.900390625,-0.0,-1081.5746976698742,112.66387,0,0,0,0,0
19.0,0.75,27.0,3.0,1.0,2.0,9999.900390625,-0.0,-1081.57469472713,112.66474,1,0,0,0,1
19.0,0.85,22.0,7.0,0.0,4.0,9999.900390625,-0.0,-1081.5746641210796,112.664635,0,0,0,0,0
19.0,0.87,49.0,4.0,0.0,5.0,9999.900390625,-0.0,-1081.5746636883575,112.66437,0,0,0,0,0
19.0,0.89,25.0,4.0,1.0,6.0,9999.900390625,-0.0,-1081.5746639885992,112.6648,0,0,0,0,0
20.0,0.07,33.0,9.0,0.0,5.0,9999.900390625,-27750.255859375,-434.7035681899509,76.89728,1,1,1,1,1
20.0,0.09,21.0,7.0,0.0,1.0,9999.900390625,-8796.113830566406,-355.76472064271763,76.35764,1,0,1,1,1
20.0,0.1,23.0,5.0,1.0,0.0,9999.900390625,-4344.927764892578,-370.8546572871752,79.66116,1,0,1,1,1
20.0,0.11,39.0,1.0,1.0,5.0,9999.900390625,-0.0,-323.433372029679,79.792175,0,0,0,0,0
20.0,0.16,44.0,4.0,1.0,5.0,3.513344049453736,-23442.95703125,-356.822604605105,79.66572,1,1,1,0,1
20.0,0.17,42.0,3.0,1.0,3.0,9999.900390625,-5832.307861328125,-647.0984952291578,87.97967,1,0,1,1,1
20.0,0.19,32.0,4.0,0.0,5.0,2.7281625270843506,-32407.181640625,-361.2724732432068,76.851006,1,1,1,1,1
20.0,0.24,42.0,9.0,1.0,2.0,9999.900390625,-8753.563537597656,-383.3596271502176,79.73342,1,0,1,1,1
20.0,0.25,46.0,9.0,1.0,1.0,4.8214921951293945,-8867.103149414062,-333.21535024166656,79.2319,1,0,1,1,1
20.0,0.27,50.0,10.0,0.0,4.0,4.4471940994262695,-9606.841430664062,-634.0188936423863,87.91124,1,0,1,1,1
20.0,0.33,36.0,10.0,1.0,0.0,4.312427520751953,-9991.267211914062,-631.0426837917856,87.67286,1,0,1,1,1
20.0,0.54,41.0,9.0,0.0,0.0,9999.900390625,-10198.170776367188,-313.8537592357537,76.22669,1,1,1,1,1
20.0,0.66,37.0,5.0,1.0,2.0,9999.900390625,-5669.981384277344,-634.11158818682,87.778885,1,0,1,1,1
20.0,0.66,48.0,0.0,1.0,5.0,9999.900390625,-0.0,-324.1872472053533,79.596985,0,0,0,0,0
20.0,0.67,27.0,0.0,0.0,5.0,9999.900390625,-0.0,-278.9027318997867,76.76906,0,0,0,0,0
20.0,0.69,23.0,3.0,1.0,3.0,9999.900390625,-5554.8697509765625,-716.0422357976083,103.64582,1,0,1,1,1
20.0,0.69,31.0,2.0,0.0,0.0,3.996432304382324,-1.0479580163955688,-269.85587289505463,76.65223,1,0,0,0,1
20.0,0.76,26.0,9.0,0.0,4.0,2.4774720668792725,-9364.15283203125,-636.8682387660211,88.07523,1,0,1,1,1
20.0,0.84,30.0,1.0,1.0,1.0,9999.900390625,-0.0,-297.19367678652566,79.798164,0,0,0,0,0
20.0,0.92,26.0,5.0,1.0,4.0,9999.900390625,-10038.352905273438,-417.2240532013365,79.92233,1,0,1,0,1
20.0,0.99,39.0,1.0,0.0,0.0,9999.900390625,-0.0,-273.8069956969368,76.59095,0,0,0,0,0
20.0,0.99,43.0,2.0,1.0,3.0,9999.900390625,-0.9060423374176024,-294.9358098600084,79.32222,1,1,1,0,1
21.0,0.01,27.0,7.0,0.0,3.0,9999.900390625,-11084.60546875,-473.9712594507054,100.129875,1,1,1,1,1
21.0,0.16,30.0,10.0,0.0,1.0,9999.900390625,-3175.8966064453125,-412.2769422829755,55.38537,1,1,1,1,1
21.0,0.19,32.0,0.0,1.0,5.0,9999.900390625,-2174.375625610352,-422.4045692663262,55.7501,0,0,0,0,0
21.0,0.24,34.0,9.0,1.0,0.0,4.7220072746276855,-14938.328125,-536.2348164762822,107.49218,1,0,1,1,1
21.0,0.25,41.0,8.0,0.0,4.0,3.263392686843872,-23152.48046875,-472.20230517621377,100.06793,1,1,1,1,1
21.0,0.25,50.0,10.0,0.0,2.0,9999.900390625,-13709.8095703125,-455.5704244266481,97.918144,1,1,1,1,1
21.0,0.27,22.0,5.0,0.0,1.0,9999.900390625,-60.46574401855469,-423.8877784281562,57.857204,0,0,1,1,1
21.0,0.33,25.0,9.0,0.0,0.0,9999.900390625,-8350.3388671875,-522.2325071823817,105.47647,1,1,1,1,1
21.0,0.55,46.0,4.0,0.0,6.0,4.038498878479004,-20951.0849609375,-472.3723427977841,99.554375,1,1,1,1,1
21.0,0.59,50.0,6.0,0.0,4.0,9999.900390625,-21234.9345703125,-484.6698602388167,102.495026,1,1,1,1,1
21.0,0.62,32.0,8.0,0.0,4.0,9999.900390625,-32329.96875,-464.002668916056,100.10744,1,1,1,1,1
21.0,0.76,32.0,5.0,0.0,0.0,9999.900390625,-2291.0197143554688,-413.1464792205386,52.470863,1,1,1,1,1
21.0,0.81,41.0,5.0,0.0,3.0,9999.900390625,-20048.169921875,-451.1693600810089,81.39004,1,1,1,1,1
21.0,0.86,42.0,2.0,0.0,4.0,9999.900390625,-3127.1568603515625,-417.91395369755605,53.65488,0,1,1,1,1
21.0,0.91,45.0,5.0,1.0,5.0,2.730839490890503,-3798.737060546875,-677.316672928146,109.21657,1,1,1,1,1
21.0,0.97,41.0,9.0,1.0,4.0,9999.900390625,-1108.5065383911133,-421.95544286289805,55.10139,1,1,1,1,1
21.0,0.99,33.0,7.0,0.0,1.0,4.18127965927124,-22274.9384765625,-473.4484576497999,100.113686,1,1,1,1,1
22.0,0.02,21.0,3.0,1.0,6.0,9999.900390625,-4755.78369140625,-1390.4426235969702,79.721695,1,0,1,1,1
22.0,0.02,27.0,0.0,0.0,6.0,9999.900390625,-0.0,-1352.964296509136,76.42607,0,0,0,0,0
22.0,0.05,48.0,5.0,0.0,6.0,9999.900390625,-6035.9613037109375,-1356.7694625120046,76.69131,1,0,1,1,1
22.0,0.1,46.0,10.0,1.0,2.0,9999.900390625,-6691.613159179688,-1607.587297218261,103.06911,1,0,1,1,1
22.0,0.15,26.0,8.0,0.0,1.0,2.840495109558105,-9558.64794921875,-1530.6718341721764,87.67877,1,0,1,1,1
22.0,0.18,21.0,5.0,0.0,5.0,9999.900390625,-6107.918212890625,-1525.820841622026,88.13538,1,0,1,1,1
22.0,0.2,34.0,6.0,0.0,2.0,2.584815740585327,-8606.447631835938,-1525.9927872171888,87.83945,1,0,1,1,1
22.0,0.26,47.0,10.0,1.0,6.0,1.8143911361694336,-9204.718627929688,-1405.993930152287,79.601006,1,0,1,1,1
22.0,0.27,25.0,1.0,1.0,5.0,9999.900390625,-0.0,-1365.337045340598,79.48923,0,0,0,0,0
22.0,0.32,25.0,4.0,1.0,0.0,3.581557512283325,-8975.840759277344,-1523.9810160149077,88.222725,1,0,1,1,1
22.0,0.43,47.0,7.0,1.0,4.0,2.901050806045532,-9168.895751953123,-1522.6229098957162,88.1633,1,0,1,1,1
22.0,0.44,23.0,1.0,1.0,1.0,9999.900390625,-0.0,-1372.5540423929883,79.57331,0,0,0,0,0
22.0,0.46,26.0,5.0,1.0,3.0,4.796807289123535,-7784.6246337890625,-1373.2827865529575,79.29851,1,0,1,1,1
22.0,0.55,23.0,9.0,1.0,0.0,4.680288314819336,-13043.919189453123,-1472.8771154016265,79.59855,1,0,1,1,1
22.0,0.55,24.0,0.0,1.0,1.0,9999.900390625,-0.0,-1382.314433184658,79.70131,0,0,0,0,0
22.0,0.61,42.0,6.0,0.0,5.0,9999.900390625,-4723.062805175781,-1421.5286769470797,76.54126,1,0,1,1,1
22.0,0.64,46.0,4.0,1.0,6.0,4.532856464385986,-5617.119201660156,-1402.1930160142492,79.3587,1,0,1,1,1
22.0,0.67,22.0,7.0,0.0,2.0,9999.900390625,-8731.939147949219,-1530.321008189478,87.79441,1,0,1,1,1
22.0,0.68,22.0,7.0,0.0,0.0,9999.900390625,-5708.841003417969,-1435.3586210726785,76.64788,1,0,1,1,1
22.0,0.72,45.0,0.0,0.0,5.0,9999.900390625,-0.0,-1341.1776800833295,76.821724,0,0,0,0,0
22.0,0.75,34.0,8.0,1.0,6.0,9999.900390625,-4567.629333496094,-1479.6462788715123,79.57572,1,1,1,1,1
22.0,0.78,36.0,3.0,0.0,2.0,9999.900390625,-4870.682373046875,-1387.8778893754743,76.929405,1,0,1,1,1
22.0,0.86,22.0,0.0,1.0,1.0,9999.900390625,-0.0,-1374.769278806091,79.47411,0,0,0,0,0
22.0,0.89,49.0,3.0,1.0,5.0,3.737635612487793,-2571.16748046875,-1365.0706328490166,80.02208,1,1,1,1,1
22.0,0.94,34.0,7.0,1.0,1.0,2.8780336380004883,-14324.7255859375,-1401.8405170226802,79.62601,1,1,1,1,1
22.0,0.99,23.0,4.0,1.0,0.0,9999.900390625,-4787.187133789063,-1433.1334560899184,79.37773,1,0,1,1,1
22.0,0.99,36.0,2.0,0.0,3.0,9999.900390625,-102.2984848022461,-1411.2009614043727,76.78845,1,1,1,0,1
23.0,0.13,47.0,1.0,0.0,2.0,9999.900390625,-0.0,-301.3373151886291,76.65863,0,0,0,0,0
23.0,0.14,25.0,1.0,0.0,3.0,9999.900390625,-0.0,-311.40785918943294,76.8352,0,0,0,0,0
23.0,0.21,27.0,3.0,1.0,0.0,3.9596900939941406,-5717.707214355469,-412.7985261830214,79.244286,1,0,1,0,1
23.0,0.24,26.0,5.0,0.0,5.0,9999.900390625,-7413.259704589844,-331.21989792460465,76.536224,1,0,1,1,1
23.0,0.28,22.0,7.0,1.0,1.0,9999.900390625,-0.0,-441.5943829042081,89.80478,1,1,1,1,1
23.0,0.3,22.0,0.0,0.0,0.0,9999.900390625,-0.0,-334.8704344467938,76.798584,0,0,0,0,0
23.0,0.34,26.0,6.0,0.0,3.0,2.7667667865753174,-5443.422119140625,-359.70478330646046,76.83076,1,0,1,1,1
23.0,0.35,31.0,6.0,0.0,2.0,9999.900390625,-6025.5186767578125,-620.9264388613207,86.141594,0,0,1,1,1
23.0,0.36,24.0,1.0,0.0,2.0,9999.900390625,-0.0,-332.2492310406968,76.77288,0,0,0,0,0
23.0,0.4,36.0,8.0,1.0,6.0,9999.900390625,-14472.65283203125,-367.6494568640049,79.45165,1,1,1,1,1
23.0,0.45,48.0,6.0,0.0,4.0,9999.900390625,-4759.687438964844,-322.4756510976483,76.36002,1,1,1,1,1
23.0,0.47,21.0,2.0,0.0,4.0,9999.900390625,-320.6315002441406,-518.7502342549058,76.9112,1,0,1,1,1
23.0,0.51,44.0,7.0,0.0,5.0,9999.900390625,-8903.937072753906,-332.5174887087494,76.363495,1,0,1,1,1
23.0,0.54,34.0,9.0,1.0,4.0,9999.900390625,-8805.041931152344,-635.7627845815458,88.11263,1,1,1,1,1
23.0,0.61,41.0,7.0,0.0,5.0,9999.900390625,-9101.102416992188,-325.32865158233784,76.88657,1,0,1,1,1
23.0,0.67,29.0,5.0,0.0,0.0,9999.900390625,-5974.330261230469,-632.5855646377823,87.807556,1,0,1,1,1
23.0,0.71,28.0,3.0,0.0,6.0,9999.900390625,-2760.079406738281,-317.80467593568505,76.829834,1,0,1,1,1
23.0,0.77,31.0,7.0,0.0,6.0,9999.900390625,-7002.3009033203125,-633.2895367695529,87.37341,1,0,1,1,1
23.0,0.82,43.0,8.0,0.0,0.0,2.858856201171875,-10157.1484375,-311.3549261017971,76.78039,1,0,1,1,1
23.0,0.95,22.0,8.0,0.0,6.0,9999.900390625,-5491.606536865234,-632.8606294744832,87.52715,1,0,1,1,1
23.0,0.98,24.0,8.0,0.0,1.0,9999.900390625,-5616.6162109375,-350.8195854505604,76.86713,1,0,1,1,1
24.0,0.01,36.0,5.0,0.0,2.0,9999.900390625,-12686.787109375,-2183.5795968396496,96.95621,1,1,1,1,1
24.0,0.06,41.0,4.0,1.0,6.0,9999.900390625,-22372.2724609375,-2215.1817513974647,101.59981,1,1,0,0,1
24.0,0.08,28.0,9.0,1.0,5.0,9999.900390625,-14501.99658203125,-2322.824549197197,109.14993,1,1,1,0,1
24.0,0.14,20.0,7.0,0.0,6.0,9999.900390625,-17375.236328125,-2239.2956112738707,103.7969,0,1,1,1,1
24.0,0.18,23.0,3.0,0.0,4.0,9999.900390625,-1.076280951499939,-2146.2881125071854,53.67706,0,0,1,1,1
24.0,0.18,31.0,6.0,1.0,0.0,9999.900390625,-16644.20556640625,-2190.006037622432,99.443146,1,1,1,1,1
24.0,0.24,40.0,6.0,1.0,5.0,9999.900390625,-29333.984375,-2259.9898381461444,106.30016,1,1,1,1,1
24.0,0.34,25.0,7.0,0.0,3.0,9999.900390625,-35.208194732666016,-2140.645094995915,51.666794,1,1,1,1,1
24.0,0.35,48.0,8.0,1.0,4.0,9999.900390625,-17035.654296875,-2304.700303519975,109.472435,1,0,1,0,1
24.0,0.41,30.0,2.0,1.0,3.0,9999.900390625,-5611.907653808594,-2187.371049592951,98.04642,1,1,1,1,1
24.0,0.46,25.0,9.0,1.0,2.0,9999.900390625,-17685.345703125,-2207.294298185029,100.10826,1,1,1,1,1
24.0,0.67,48.0,0.0,1.0,2.0,9999.900390625,-2178.193557739258,-2151.2456924795742,55.862892,0,0,0,0,0
24.0,0.69,47.0,2.0,0.0,2.0,9999.900390625,-1184.976333618164,-2131.205270046558,51.559975,0,1,1,1,1
24.0,0.7,29.0,7.0,0.0,1.0,9999.900390625,-12810.814453125,-2224.9287272007828,103.997635,1,0,1,1,1
24.0,0.81,20.0,3.0,0.0,4.0,9999.900390625,-0.0128168947994709,-2165.9063790919363,68.85105,1,0,0,1,1
24.0,0.98,39.0,2.0,0.0,4.0,9999.900390625,-2407.694641113281,-2137.900567435551,52.57,0,0,1,1,1
25.0,0.05,29.0,2.0,0.0,5.0,9999.900390625,-2249.734893798828,-315.9262439726017,53.994064,1,1,0,1,1
25.0,0.06,41.0,10.0,1.0,0.0,4.623752117156982,-18256.208984375,-523.2772036124034,106.23566,1,1,1,1,1
25.0,0.08,50.0,5.0,1.0,3.0,9999.900390625,-16984.64453125,-395.0076545755309,106.18095,1,1,1,1,1
25.0,0.09,29.0,8.0,1.0,6.0,9999.900390625,-16824.0361328125,-431.4149754026008,109.82913,1,1,1,1,1
25.0,0.12,43.0,3.0,0.0,0.0,9999.900390625,-2360.116241455078,-303.7244567927653,54.792664,1,1,1,1,1
25.0,0.46,22.0,6.0,1.0,3.0,3.224311351776123,-15305.91845703125,-415.8751558706292,109.56138,1,1,1,1,1
25.0,0.47,48.0,7.0,1.0,5.0,9999.900390625,-21967.5546875,-356.5923458724587,100.12881,1,1,1,1,1
25.0,0.57,38.0,5.0,1.0,3.0,9999.900390625,-22053.859375,-351.33918465947534,100.10761,1,0,1,1,1
25.0,0.58,32.0,0.0,1.0,3.0,9999.900390625,-2177.993225097656,-321.9293581209332,56.317066,0,0,0,0,0
25.0,0.63,27.0,7.0,0.0,6.0,9999.900390625,-14238.607421875,-367.2335099516207,103.23289,1,1,1,1,1
25.0,0.7,45.0,2.0,1.0,3.0,9999.900390625,-16971.1611328125,-375.2681287069476,104.03874,1,1,1,1,1
25.0,0.71,29.0,2.0,1.0,0.0,9999.900390625,-1105.0175399780271,-322.78944761189626,57.72529,1,1,0,1,1
25.0,0.72,30.0,7.0,1.0,5.0,9999.900390625,-31631.908203125,-367.7532202969273,103.675705,1,1,1,0,1
25.0,0.81,32.0,2.0,0.0,1.0,9999.900390625,-2395.6990966796875,-308.4047179094401,53.204266,1,0,1,1,1
26.0,0.08,47.0,0.0,0.0,1.0,9999.900390625,-0.0,-604.0343428819468,76.76804,0,0,0,0,0
26.0,0.1,37.0,2.0,1.0,6.0,9999.900390625,-0.0,-633.4068968559973,79.60279,1,1,0,0,1
26.0,0.16,45.0,8.0,0.0,0.0,4.594180583953857,-6544.5111083984375,-922.1748162538098,103.761665,1,0,1,1,1
26.0,0.17,22.0,0.0,0.0,0.0,9999.900390625,-0.0,-624.8686225507328,76.83761,0,0,0,0,0
26.0,0.39,38.0,10.0,0.0,4.0,9999.900390625,-13963.873046875,-756.5732480827228,76.76471,1,0,1,1,1
26.0,0.5,50.0,6.0,1.0,1.0,3.268930673599243,-23272.63671875,-653.9905847948661,80.00172,1,1,1,1,1
26.0,0.54,27.0,7.0,1.0,6.0,3.727215051651001,-8852.425964355469,-820.2638328410302,87.79865,1,1,1,1,1
26.0,0.54,39.0,3.0,1.0,2.0,4.4293622970581055,-5297.786987304688,-631.1264766564552,79.6913,1,0,1,1,1
26.0,0.55,28.0,0.0,0.0,5.0,9999.900390625,-0.0,-611.53271319726,76.74158,0,0,0,0,0
26.0,0.56,45.0,1.0,0.0,3.0,9999.900390625,-0.0,-603.5423495852664,76.70142,0,0,0,0,0
26.0,0.65,40.0,3.0,0.0,3.0,9999.900390625,-8641.481628417969,-618.2149750386588,76.56994,0,0,1,1,1
26.0,0.77,34.0,7.0,0.0,5.0,9999.900390625,-5872.855651855469,-823.2486086636071,88.015755,1,0,1,1,1
26.0,0.88,24.0,8.0,1.0,6.0,3.5603296756744385,-7846.658996582031,-929.0451757030112,102.95342,1,0,1,1,1
26.0,0.91,34.0,1.0,0.0,2.0,9999.900390625,-0.0,-603.5311467893179,76.70253,0,0,0,0,0
26.0,0.97,40.0,8.0,0.0,6.0,9999.900390625,-6077.6529541015625,-615.8124265303928,76.7016,1,0,1,1,1
27.0,0.04,49.0,7.0,0.0,3.0,9999.900390625,-5879.824890136719,-629.7735625227938,87.090515,1,0,1,1,1
27.0,0.11,20.0,7.0,1.0,4.0,9999.900390625,-9060.866943359377,-630.3597338709617,87.319336,1,0,1,1,1
27.0,0.11,21.0,10.0,1.0,6.0,9999.900390625,-9609.176635742188,-570.2581568594718,74.82424,1,0,1,1,1
27.0,0.11,48.0,4.0,0.0,6.0,9999.900390625,-7611.546020507812,-573.0158902727721,74.69478,1,0,1,1,1
27.0,0.19,27.0,7.0,1.0,4.0,4.412665367126465,-4863.296447753906,-686.3684776348222,102.97252,1,0,1,1,1
27.0,0.28,50.0,8.0,0.0,3.0,3.533001661300659,-5618.780944824219,-700.7764215538149,103.032845,1,0,1,1,1
27.0,0.3,45.0,8.0,0.0,3.0,9999.900390625,-4951.777648925781,-573.7893735588067,74.69549,1,0,1,1,1
27.0,0.32,45.0,5.0,1.0,6.0,3.24519944190979,-8520.351806640625,-569.7877143012838,74.695854,1,0,1,1,1
27.0,0.36,39.0,5.0,0.0,3.0,9999.900390625,-4625.471008300781,-573.026183447168,74.694595,1,0,1,1,1
27.0,0.41,41.0,5.0,1.0,1.0,3.9976961612701416,-6970.9984130859375,-569.848372385923,74.69533,1,0,0,1,1
27.0,0.43,50.0,1.0,1.0,4.0,9999.900390625,-0.0,-569.7509287727421,73.142876,0,0,0,0,0
27.0,0.55,46.0,1.0,1.0,6.0,9999.900390625,-0.0,-569.7789697956451,73.03319,0,0,0,0,0
27.0,0.63,35.0,6.0,0.0,1.0,9999.900390625,-8468.939270019531,-572.3697473954112,74.69641,1,0,1,1,1
27.0,0.83,41.0,9.0,1.0,4.0,4.3059401512146,-9074.1142578125,-569.7138832040549,74.7793,1,0,1,1,1
27.0,0.88,49.0,8.0,0.0,0.0,9999.900390625,-1697.5209350585938,-573.3794884109876,74.814415,1,0,1,1,1
27.0,0.96,21.0,4.0,1.0,3.0,4.159518718719482,-2125.1854095458984,-569.7744613864774,74.69571,1,0,1,1,1
27.0,0.99,32.0,10.0,0.0,3.0,4.388639450073242,-9472.050048828123,-636.29947411853,87.8813,1,0,1,1,1
27.0,0.99,40.0,7.0,0.0,3.0,3.6443941593170166,-9736.077880859377,-672.5575704115995,102.86218,1,0,1,1,1
28.0,0.02,45.0,2.0,1.0,0.0,3.166501760482788,-3006.949951648712,-495.8564843721381,79.63594,1,0,1,0,1
28.0,0.06,42.0,8.0,1.0,5.0,2.6814968585968018,-9828.062744140623,-722.2215968670528,87.9866,1,0,1,1,1
28.0,0.22,22.0,2.0,0.0,3.0,9999.900390625,-3.031256437301636,-696.3059723559962,87.4895,1,0,1,1,1
28.0,0.25,27.0,1.0,0.0,6.0,9999.900390625,-0.0,-487.2259512274591,76.77387,0,0,0,0,0
28.0,0.26,45.0,8.0,1.0,2.0,3.4502131938934326,-10181.162841796877,-539.3127862445841,79.561264,1,0,1,1,1
28.0,0.28,31.0,1.0,1.0,1.0,9999.900390625,-0.0,-495.8503102494072,79.32782,0,0,0,0,0
28.0,0.41,29.0,1.0,0.0,0.0,9999.900390625,-0.0,-488.0953120807621,76.77836,0,0,0,0,0
28.0,0.46,47.0,1.0,0.0,4.0,9999.900390625,-0.0,-481.9070291895607,76.340034,0,0,0,0,0
28.0,0.55,27.0,0.0,1.0,1.0,9999.900390625,-0.0,-501.5618052355864,79.76181,0,0,0,0,0
28.0,0.62,29.0,3.0,0.0,3.0,9999.900390625,-4860.592346191406,-617.0140733643552,76.68236,1,0,1,1,1
28.0,0.63,20.0,2.0,1.0,0.0,3.338508129119873,-0.0,-530.6025718870662,79.81622,1,0,1,1,1
28.0,0.78,35.0,4.0,0.0,1.0,9999.900390625,-8559.4560546875,-504.7158213456504,76.3921,1,0,1,1,1
28.0,0.86,32.0,1.0,0.0,0.0,9999.900390625,-0.0,-482.1208343329291,76.83897,0,0,0,0,0
28.0,1.0,45.0,7.0,0.0,5.0,4.512824058532715,-9133.098266601562,-507.8713710898962,76.443924,1,0,1,1,1
29.0,0.11,46.0,7.0,1.0,5.0,4.370014667510986,-13802.98046875,-143.52522196799472,100.29739,1,1,1,0,1
29.0,0.13,39.0,4.0,1.0,6.0,9999.900390625,-0.0,-2.319389166588389,96.880585,1,0,0,0,1
29.0,0.16,47.0,2.0,0.0,6.0,9999.900390625,-11746.78515625,-134.4138432482676,98.32293,1,0,1,0,1
29.0,0.16,48.0,9.0,0.0,2.0,9999.900390625,-108.93367004394533,-2.921961346628575,96.8792,1,0,0,0,1
29.0,0.21,43.0,9.0,1.0,2.0,9999.900390625,-0.0,-2.3193720671645432,96.879135,0,0,0,0,0
29.0,0.22,25.0,5.0,1.0,5.0,9999.900390625,-0.0,-2.3183078634198604,96.88059,1,0,0,0,1
29.0,0.41,29.0,4.0,1.0,2.0,9999.900390625,-0.0,-2.319592940821606,96.88075,0,0,0,0,0
29.0,0.5,23.0,3.0,1.0,0.0,4.970652103424072,-0.0,-2.3188775427236403,96.87759,1,0,0,0,1
29.0,0.52,37.0,10.0,1.0,6.0,9999.900390625,-6099.389404296875,-2.32618328196148,96.87826,1,1,1,0,1
29.0,0.54,45.0,0.0,1.0,5.0,9999.900390625,-0.0,-2.3162795793244344,96.87937,1,0,0,0,1
29.0,0.55,33.0,4.0,0.0,6.0,9999.900390625,-286.7840576171875,-2.279580020310459,96.87931,1,0,1,0,1
29.0,0.63,28.0,7.0,0.0,1.0,9999.900390625,-8071.332275390625,-2.897655768719764,96.89322,1,0,1,0,1
29.0,0.63,30.0,3.0,0.0,1.0,4.939250469207764,-4540.2529296875,-2.932295674510895,96.87905,1,0,0,0,1
29.0,0.67,31.0,0.0,1.0,2.0,4.940189838409424,-0.0,-2.318755617805842,96.8817,1,0,0,0,1
29.0,0.69,33.0,5.0,0.0,4.0,9999.900390625,-7780.779296875,-17.748985602223996,96.87871,1,0,1,0,1
29.0,0.72,28.0,2.0,1.0,6.0,9999.900390625,-0.0,-2.3169462453159086,96.881516,0,0,0,0,0
29.0,0.81,50.0,1.0,0.0,6.0,9999.900390625,-0.0,-2.9293760694174704,96.878815,1,0,0,0,1
29.0,0.84,42.0,9.0,0.0,3.0,9999.900390625,-0.0,-2.9299603260380778,96.879036,1,0,0,0,1
29.0,0.88,35.0,7.0,0.0,4.0,9999.900390625,-50.4636344909668,-2.954651398279091,96.879265,1,0,0,0,1
29.0,0.94,29.0,3.0,1.0,5.0,9999.900390625,-0.0,-2.319639995424987,96.88108,1,0,0,0,1
29.0,0.94,42.0,10.0,1.0,2.0,9999.900390625,-0.0,-2.3182642438725733,96.88105,1,0,0,0,1
29.0,0.97,31.0,8.0,1.0,4.0,9999.900390625,-0.0,-2.318368421033706,96.88094,1,0,0,0,1
30.0,0.02,24.0,4.0,0.0,6.0,9999.900390625,-1.99926233291626,-2085.48852301257,53.534527,0,0,0,0,0
30.0,0.05,40.0,7.0,0.0,6.0,3.41784143447876,-18637.2490234375,-2161.489415492778,102.380775,1,0,1,1,1
30.0,0.07,42.0,6.0,0.0,6.0,9999.900390625,-18041.451171875,-2181.722299631269,104.178955,1,1,1,1,1
30.0,0.09,20.0,9.0,1.0,0.0,9999.900390625,-1510.3401184082031,-2313.766533115795,109.32823,1,1,1,0,1
30.0,0.15,46.0,7.0,1.0,1.0,1.702525019645691,-25495.330078125,-2154.3146475467697,101.49424,1,1,1,1,1
30.0,0.16,24.0,0.0,1.0,2.0,9999.900390625,-2.9649136066436768,-2097.690634945749,58.98561,0,0,0,0,0
30.0,0.17,20.0,7.0,0.0,5.0,9999.900390625,-4239.240234375,-2419.150299069312,109.39439,1,0,1,1,1
30.0,0.17,40.0,9.0,0.0,0.0,9999.900390625,-28815.841796875,-2162.3198602795137,102.59973,1,1,1,1,1
30.0,0.18,21.0,1.0,0.0,5.0,9999.900390625,-0.0339765921235084,-2098.89337535629,61.348076,0,0,0,0,0
30.0,0.2,39.0,0.0,1.0,4.0,9999.900390625,-2175.970748901367,-2091.553940349071,59.872944,0,0,0,0,0
30.0,0.25,33.0,8.0,0.0,1.0,9999.900390625,-21210.556640625,-2138.2137665346627,100.112274,1,0,0,1,1
30.0,0.41,44.0,3.0,0.0,0.0,9999.900390625,-5097.747314453125,-2093.7051475662006,54.42859,1,1,1,1,1
30.0,0.42,28.0,4.0,0.0,6.0,9999.900390625,-1155.6078643798828,-2074.0682747764986,53.69118,1,1,1,1,1
30.0,0.42,50.0,7.0,0.0,0.0,9999.900390625,-22486.4609375,-2132.1567394640538,100.10454,1,1,1,1,1
30.0,0.45,33.0,6.0,1.0,2.0,9999.900390625,-17512.2392578125,-2131.7936141164746,99.21154,1,1,1,1,1
30.0,0.49,34.0,5.0,0.0,0.0,9999.900390625,-17880.7216796875,-2092.591887155333,57.66446,1,1,1,1,1
30.0,0.49,44.0,3.0,0.0,6.0,9999.900390625,-2310.1631774902344,-2074.409774007853,52.038506,1,1,1,1,1
30.0,0.6,29.0,5.0,0.0,1.0,9999.900390625,-6310.458251953125,-2374.329888595139,109.258766,1,1,1,1,1
30.0,0.61,34.0,6.0,0.0,6.0,1.1713557243347168,-43225.322265625,-2190.326581375553,103.81082,1,1,1,1,1
30.0,0.66,40.0,6.0,0.0,6.0,9999.900390625,-1168.1470642089844,-2071.0220399944446,53.672153,1,1,1,1,1
30.0,0.72,39.0,8.0,1.0,0.0,9999.900390625,-15183.65478515625,-2245.395357193973,109.799515,1,1,1,1,1
30.0,0.74,41.0,2.0,0.0,3.0,9999.900390625,-2278.6141052246094,-2075.790535192065,51.93006,0,1,1,1,1
30.0,0.77,23.0,8.0,0.0,6.0,9999.900390625,-1.1087775230407717,-2087.902003227736,53.714336,1,0,1,1,1
30.0,0.77,38.0,2.0,0.0,0.0,9999.900390625,-2450.841796875,-2075.530350066615,52.554634,1,1,0,1,1
30.0,0.79,42.0,3.0,0.0,2.0,9999.900390625,-17625.9072265625,-2120.463521687236,78.56744,1,1,1,1,1
30.0,0.8,40.0,5.0,1.0,4.0,9999.900390625,-27285.07421875,-2162.4616874546173,102.85847,1,1,1,1,1
30.0,0.87,46.0,10.0,0.0,6.0,9999.900390625,-4337.337158203125,-2074.061896895684,52.45782,1,1,1,1,1
30.0,0.88,26.0,6.0,1.0,4.0,2.8972058296203613,-18140.6865234375,-2191.631962033051,105.174484,1,1,1,1,1
30.0,0.9,37.0,2.0,1.0,4.0,9999.900390625,-2178.104507446289,-2094.1374019349864,56.2215,1,1,1,1,1
30.0,0.9,42.0,7.0,0.0,4.0,9999.900390625,-13575.36328125,-2197.4386985703222,105.904205,1,0,1,1,1
30.0,0.95,37.0,8.0,0.0,5.0,2.5002858638763428,-19899.3701171875,-2258.752825197503,109.21362,1,1,1,1,1
30.0,0.95,47.0,6.0,0.0,4.0,9999.900390625,-3751.302001953125,-2073.921737158431,53.45982,1,1,1,1,1
30.0,0.95,47.0,10.0,1.0,5.0,9999.900390625,-16125.46044921875,-2217.57604895594,108.25662,1,1,1,0,1
30.0,0.99,38.0,0.0,0.0,4.0,9999.900390625,-2253.801696777344,-2075.6074126277977,53.172203,0,0,0,0,0
31.0,0.01,38.0,3.0,1.0,0.0,3.4020886421203613,-7804.992431640625,-553.5710712303517,74.6956,1,0,0,0,1
31.0,0.02,49.0,6.0,1.0,4.0,4.55280351638794,-9121.7607421875,-564.1196300642483,81.448364,1,0,1,1,1
31.0,0.25,22.0,10.0,0.0,2.0,4.888751029968262,-9607.756713867188,-579.9128470634757,85.44664,1,0,1,1,1
31.0,0.31,26.0,0.0,0.0,3.0,9999.900390625,-0.0,-556.1511561955919,72.95375,0,0,0,0,0
31.0,0.61,25.0,3.0,0.0,6.0,9999.900390625,-1679.4400634765625,-554.3071018163453,74.695526,1,0,1,1,1
31.0,0.63,40.0,0.0,0.0,2.0,9999.900390625,-0.0,-556.1504111501486,72.90683,0,0,0,0,0
31.0,0.64,42.0,9.0,0.0,3.0,3.2089669704437256,-6247.6158447265625,-553.877535113772,74.77988,1,0,1,1,1
31.0,0.65,50.0,1.0,1.0,1.0,9999.900390625,-0.0,-553.5525884025875,72.98065,0,0,0,0,0
31.0,0.67,43.0,4.0,1.0,1.0,9999.900390625,-1715.2845458984375,-553.5653107849599,74.695015,1,0,1,1,1
31.0,0.68,44.0,9.0,1.0,5.0,3.952904462814331,-8645.772888183594,-553.6035386151535,74.696495,1,0,1,1,1
31.0,0.77,20.0,3.0,0.0,1.0,9999.900390625,-348.5360717773437,-556.1401753298695,73.04251,1,0,1,1,1
31.0,0.77,41.0,0.0,0.0,3.0,9999.900390625,-0.0,-556.1519191217624,73.01924,0,0,0,0,0
31.0,0.89,44.0,1.0,0.0,4.0,9999.900390625,-0.0,-556.141194636334,72.82869,0,0,0,0,0
31.0,0.91,44.0,5.0,0.0,6.0,9999.900390625,-8839.870300292969,-556.0610348178756,74.69529,1,0,1,1,1
31.0,0.98,45.0,0.0,0.0,5.0,9999.900390625,-0.0,-556.1361146001897,72.84118,0,0,0,0,0
32.0,0.09,37.0,0.0,1.0,0.0,9999.900390625,-0.0,-384.63960805124606,79.51377,0,0,1,0,1
32.0,0.13,34.0,0.0,1.0,5.0,9999.900390625,-0.0,-430.04016792351337,79.757805,0,0,1,0,1
32.0,0.15,26.0,0.0,0.0,6.0,9999.900390625,-0.0,-378.9247327670438,76.820015,0,0,0,0,0
32.0,0.2,26.0,1.0,0.0,1.0,9999.900390625,-0.0,-389.34155234764194,76.86356,0,0,0,0,0
32.0,0.2,34.0,1.0,0.0,0.0,9999.900390625,-0.0,-372.4025883283309,76.49514,0,0,0,0,0
32.0,0.22,31.0,2.0,0.0,0.0,9999.900390625,-2.097611665725708,-368.1293416713555,76.69541,1,0,1,1,1
32.0,0.25,23.0,7.0,1.0,1.0,3.7388758659362793,-6527.5283203125,-555.8933991381188,79.9246,1,0,1,1,1
32.0,0.25,30.0,9.0,1.0,4.0,4.525415420532227,-10159.223876953123,-755.2804683828936,88.02702,1,0,1,1,1
32.0,0.27,29.0,9.0,1.0,0.0,4.473323822021484,-5918.089782714844,-822.022083276529,103.57559,1,1,1,1,1
32.0,0.28,45.0,8.0,0.0,2.0,2.8570141792297363,-6250.3134765625,-822.2610571894683,103.887085,1,0,1,1,1
32.0,0.29,26.0,2.0,1.0,6.0,3.778487682342529,-12.596991539001465,-448.9998730921785,79.670265,1,0,1,0,1
32.0,0.32,25.0,8.0,0.0,1.0,3.629660606384277,-17770.3984375,-505.0656768724895,76.9433,1,0,1,1,1
32.0,0.36,21.0,6.0,1.0,5.0,3.0455470085144043,-5537.77099609375,-521.8612253808526,79.742584,1,0,1,1,1
32.0,0.4,50.0,3.0,1.0,4.0,2.9098265171051025,-26318.91796875,-482.5535728344679,79.64612,1,1,1,1,1
32.0,0.43,46.0,7.0,1.0,3.0,2.227895736694336,-5527.764831542969,-454.3192383997016,79.82663,1,0,1,1,1
32.0,0.49,37.0,6.0,0.0,5.0,3.629786729812622,-8371.589630126953,-753.8970203378296,87.91974,1,0,1,1,1
32.0,0.58,37.0,10.0,0.0,1.0,9999.900390625,-16963.9794921875,-455.12060133920016,76.329926,1,1,1,1,1
32.0,0.6,21.0,9.0,1.0,3.0,3.683212757110596,-5999.607116699219,-750.7310855716001,88.13729,1,0,1,1,1
32.0,0.75,50.0,5.0,1.0,2.0,9999.900390625,-4383.632110595703,-645.3529331680212,79.80286,1,0,1,0,1
32.0,0.8,30.0,3.0,1.0,3.0,9999.900390625,-355.6466369628906,-407.0076654335332,79.781784,1,0,1,0,1
32.0,0.81,31.0,0.0,0.0,4.0,9999.900390625,-0.0,-361.4327975343854,76.741875,0,0,0,0,0
32.0,0.83,32.0,9.0,0.0,5.0,9999.900390625,-4815.215515136719,-826.3541076722864,103.862785,1,0,1,1,1
32.0,0.95,36.0,7.0,0.0,0.0,9999.900390625,-6084.289306640625,-449.5691436086612,76.80539,1,0,1,1,1
33.0,0.0,43.0,1.0,1.0,5.0,9999.900390625,-0.0,-33.80761152720241,73.48581,0,0,0,0,0
33.0,0.01,36.0,3.0,0.0,3.0,9999.900390625,-5564.951721191406,-179.66568930762338,88.041016,1,0,1,1,1
33.0,0.17,42.0,5.0,0.0,6.0,9999.900390625,-8748.89013671875,-290.7631165062621,102.95274,1,0,1,1,1
33.0,0.21,25.0,10.0,0.0,6.0,2.560980796813965,-2191.045288085937,-295.99800656045244,103.295074,1,0,1,1,1
33.0,0.23,22.0,5.0,0.0,0.0,9999.900390625,-5057.4349365234375,-23.38042665338015,73.05419,0,0,1,0,1
33.0,0.28,38.0,8.0,0.0,3.0,9999.900390625,-8600.622741699219,-22.332659703624785,73.120415,1,0,1,1,1
33.0,0.31,49.0,0.0,1.0,0.0,9999.900390625,-0.0,-33.91323001155442,73.561646,0,0,0,0,0
33.0,0.34,22.0,1.0,0.0,1.0,9999.900390625,-0.0,-17.24813372112951,72.44489,0,0,0,0,0
33.0,0.36,38.0,7.0,1.0,1.0,9999.900390625,-5855.732971191406,-63.85738048421195,74.695335,1,0,1,1,1
33.0,0.42,35.0,4.0,0.0,4.0,2.984522819519043,-9741.942993164062,-21.824711672882746,73.229744,1,0,1,1,1
33.0,0.43,47.0,3.0,0.0,2.0,9999.900390625,-4754.880126953125,-304.8893284725594,103.397446,1,0,1,1,1
33.0,0.55,40.0,4.0,0.0,3.0,9999.900390625,-4659.791076660156,-35.9613948879846,74.56022,1,0,1,1,1
33.0,0.72,21.0,0.0,1.0,1.0,9999.900390625,-0.0,-33.50634754577109,73.60451,0,0,0,0,0
33.0,0.93,28.0,0.0,0.0,2.0,9999.900390625,-0.0,-17.24981877573237,72.4035,0,0,0,0,0
33.0,0.94,46.0,0.0,0.0,6.0,9999.900390625,-0.0,-17.247415903607855,72.40274,0,0,0,0,0
33.0,0.95,36.0,2.0,0.0,4.0,9999.900390625,-1031.31201171875,-17.242841423923814,72.46145,0,0,1,0,1
34.0,0.03,49.0,1.0,0.0,5.0,9999.900390625,-0.0,-343.7949448427144,76.85039,0,0,0,0,0
34.0,0.06,23.0,2.0,1.0,2.0,9999.900390625,-0.1060624420642852,-406.8695878899214,79.660484,1,0,0,0,1
34.0,0.06,48.0,7.0,1.0,2.0,0.4586110711097717,-31280.759765625,-440.8858456655663,80.06345,1,1,1,1,1
34.0,0.07,41.0,1.0,1.0,1.0,9999.900390625,-0.0,-398.6284049980496,79.73979,0,0,0,0,0
34.0,0.09,23.0,2.0,0.0,4.0,9999.900390625,-0.0,-373.8827712828668,76.82018,1,0,1,0,1
34.0,0.1,38.0,0.0,0.0,3.0,9999.900390625,-0.0,-334.3999955546396,76.619125,0,0,0,0,0
34.0,0.11,39.0,5.0,1.0,6.0,9999.900390625,-9035.8798828125,-394.107457936756,79.481865,1,0,1,0,1
34.0,0.15,24.0,5.0,0.0,1.0,4.598069190979004,-5566.492919921875,-774.7883597435116,103.19658,1,0,1,1,1
34.0,0.18,36.0,7.0,0.0,0.0,3.1823055744171143,-4974.324523925781,-786.424181661073,103.020805,1,0,1,1,1
34.0,0.5,35.0,3.0,0.0,6.0,9999.900390625,-1322.9441528320312,-345.3898175260218,76.74322,1,0,1,1,1
34.0,0.5,48.0,3.0,0.0,3.0,9999.900390625,-8832.499145507812,-575.8571713644467,76.34063,1,1,1,1,1
34.0,0.51,49.0,2.0,0.0,1.0,9999.900390625,-0.0,-343.1105962436926,76.7559,1,0,1,0,1
34.0,0.52,35.0,0.0,1.0,4.0,9999.900390625,-0.0,-355.83167468222206,79.3522,0,0,0,0,0
34.0,0.52,48.0,6.0,0.0,1.0,9999.900390625,-1948.180419921875,-360.5212627222074,76.34262,1,0,1,1,1
34.0,0.53,30.0,7.0,1.0,5.0,3.946897268295288,-8631.319885253906,-474.71062572584776,79.45953,1,0,1,1,1
34.0,0.55,49.0,10.0,0.0,2.0,9999.900390625,-8246.127319335938,-713.1720498826563,87.33694,1,0,1,1,1
34.0,0.57,36.0,9.0,1.0,2.0,2.2402708530426025,-5618.216674804688,-402.6344828981732,79.92768,1,0,1,1,1
34.0,0.69,37.0,0.0,1.0,1.0,9999.900390625,-0.0,-357.7388762686796,79.73817,0,0,0,0,0
34.0,0.73,46.0,7.0,0.0,1.0,9999.900390625,-5427.4349365234375,-773.5022231771388,102.8636,1,0,1,1,1
34.0,0.75,28.0,9.0,1.0,2.0,3.411259889602661,-9270.749145507812,-715.1878043666751,88.0458,1,0,1,1,1
34.0,0.8,39.0,7.0,0.0,5.0,9999.900390625,-9017.846435546877,-714.106971746604,87.75664,1,1,1,1,1
34.0,0.81,46.0,5.0,0.0,2.0,9999.900390625,-6526.47119140625,-403.895218766585,76.680626,1,1,1,1,1
34.0,0.85,24.0,2.0,0.0,0.0,9999.900390625,-1163.0457763671875,-683.6082579610611,85.022934,1,0,1,1,1
34.0,0.91,28.0,1.0,0.0,2.0,9999.900390625,-0.0,-342.85079492336234,76.78562,0,0,0,0,0
34.0,0.92,26.0,9.0,0.0,5.0,4.8874945640563965,-9376.89453125,-604.7131571944485,77.23081,1,0,1,1,1
34.0,0.93,47.0,5.0,0.0,6.0,9999.900390625,-9352.656005859377,-371.3249469338264,76.36938,1,0,1,1,1
34.0,0.94,33.0,7.0,1.0,1.0,2.862101793289185,-8142.0302734375,-486.6133587789536,79.19475,1,1,1,1,1
34.0,0.96,22.0,0.0,0.0,5.0,9999.900390625,-0.0,-397.293611328724,76.71324,0,0,0,0,0
34.0,0.96,46.0,3.0,1.0,3.0,9999.900390625,-5753.504211425781,-425.0642650898808,79.36633,1,1,1,0,1
35.0,0.01,32.0,0.0,1.0,1.0,9999.900390625,-1106.8780517578125,-126.68194688318786,56.66418,0,0,0,1,1
35.0,0.01,41.0,1.0,0.0,6.0,9999.900390625,-2190.599884033203,-115.30766090824706,51.368942,0,0,0,0,0
35.0,0.11,22.0,6.0,0.0,5.0,9999.900390625,-17352.134765625,-223.89838429312135,103.88117,1,1,1,1,1
35.0,0.13,30.0,9.0,1.0,0.0,9999.900390625,-18616.619140625,-213.60699111935935,104.438896,1,0,1,1,1
35.0,0.16,28.0,1.0,1.0,6.0,9999.900390625,-1105.538917541504,-126.65353179017484,56.913483,0,0,0,0,0
35.0,0.17,21.0,7.0,1.0,1.0,2.568626165390014,-17476.0625,-264.5437619362924,107.612885,1,0,1,1,1
35.0,0.2,27.0,4.0,1.0,4.0,9999.900390625,-5538.6998291015625,-429.781796347199,109.25496,1,1,1,1,1
35.0,0.25,20.0,3.0,0.0,5.0,9999.900390625,-109.73674011230467,-151.05677124469764,70.30181,0,0,0,0,0
35.0,0.28,21.0,3.0,0.0,5.0,9999.900390625,-0.5529344081878662,-134.60337124951198,58.29804,0,0,0,1,1
35.0,0.37,43.0,2.0,1.0,1.0,9999.900390625,-19188.4296875,-193.1100554312037,100.108215,1,1,1,1,1
35.0,0.37,47.0,8.0,0.0,5.0,9999.900390625,-2739.3156127929688,-117.8299309900038,53.67787,1,1,1,1,1
35.0,0.61,38.0,1.0,0.0,1.0,9999.900390625,-1171.815200805664,-110.48962752858142,47.25326,0,0,0,0,0
35.0,0.63,29.0,6.0,1.0,6.0,9999.900390625,-19851.138671875,-179.73149694534746,100.13144,1,1,1,1,1
35.0,0.75,38.0,10.0,0.0,6.0,9999.900390625,-15804.37109375,-179.6824443540084,100.121826,1,1,1,1,1
35.0,0.83,28.0,9.0,0.0,4.0,9999.900390625,-2178.1683807373047,-117.10437097969682,52.01488,1,1,1,1,1
35.0,0.86,25.0,9.0,0.0,6.0,9999.900390625,-9.927827835083008,-121.72238335446596,51.88105,1,1,1,1,1
35.0,0.87,31.0,8.0,0.0,4.0,4.286756038665772,-2970.94580078125,-144.86100786584203,64.12911,1,1,1,1,1
35.0,0.91,25.0,2.0,0.0,3.0,9999.900390625,-4.334096908569336,-123.78587625677872,51.88483,0,0,0,0,0
35.0,0.92,25.0,4.0,1.0,1.0,3.0404281616210938,-24115.8525390625,-202.45972858882695,102.09018,1,1,1,1,1
35.0,0.95,28.0,0.0,1.0,3.0,9999.900390625,-1104.8428497314453,-134.62852683200293,56.723434,0,0,0,0,0
36.0,0.1,32.0,4.0,1.0,0.0,9999.900390625,-8883.177734375,-472.6839077773332,79.53251,1,0,1,1,1
36.0,0.11,47.0,6.0,1.0,2.0,3.741492986679077,-9079.018188476562,-367.8792486557949,79.72121,1,0,1,1,1
36.0,0.13,36.0,2.0,1.0,6.0,3.6158640384674072,-5.77923583984375,-328.23954062025115,79.64483,1,1,1,1,1
36.0,0.21,30.0,3.0,0.0,5.0,9999.900390625,-4432.355102539063,-511.1874698930982,76.92005,1,0,1,1,1
36.0,0.27,36.0,9.0,1.0,1.0,9999.900390625,-8983.987487792969,-393.6946920648222,79.5656,1,1,1,1,1
36.0,0.29,25.0,9.0,1.0,1.0,3.863495349884033,-8663.971862792969,-658.7867515939773,87.97586,1,0,1,1,1
36.0,0.3,24.0,10.0,0.0,0.0,9999.900390625,-9617.75390625,-372.0082963467559,76.93388,0,0,1,1,1
36.0,0.3,30.0,6.0,0.0,0.0,0.4397364258766174,-22826.8115234375,-429.19306428936704,76.56163,1,1,1,1,1
36.0,0.43,26.0,3.0,0.0,5.0,9999.900390625,-1729.5125122070312,-514.0314121313482,76.995255,0,0,1,1,1
36.0,0.44,49.0,7.0,0.0,0.0,4.217571258544922,-2977.4855346679688,-320.2055891331806,76.893196,1,1,1,1,1
36.0,0.46,35.0,2.0,0.0,0.0,9999.900390625,-0.0,-293.36858862666827,76.432365,1,0,1,0,1
36.0,0.54,26.0,0.0,0.0,2.0,9999.900390625,-0.0,-303.6086246802565,76.81859,0,0,0,0,0
36.0,0.54,49.0,9.0,0.0,5.0,9999.900390625,-5988.738555908203,-307.2289162550729,77.047615,1,0,1,1,1
36.0,0.58,26.0,3.0,1.0,4.0,3.7147839069366455,-2661.1538696289062,-360.4708094183782,79.38071,1,0,1,0,1
36.0,0.63,49.0,5.0,1.0,4.0,3.2087574005126958,-16612.4833984375,-374.6467731190902,80.08607,1,0,1,1,1
36.0,0.7,47.0,9.0,0.0,3.0,9999.900390625,-7338.948181152344,-452.6967981265568,76.51609,1,0,1,1,1
36.0,0.7,50.0,4.0,1.0,0.0,3.9967310428619385,-10117.48095703125,-410.1843407838608,79.75093,1,1,1,1,1
36.0,0.86,23.0,2.0,0.0,3.0,9999.900390625,-61.33977890014648,-339.43126784544484,76.46162,1,0,1,1,1
36.0,0.91,37.0,10.0,0.0,3.0,9999.900390625,-354.5151672363281,-313.6430089036183,76.58796,1,1,1,1,1
36.0,0.91,45.0,6.0,0.0,1.0,9999.900390625,-5891.107971191406,-326.6857399450514,76.364845,1,0,1,1,1
36.0,0.94,20.0,6.0,0.0,5.0,9999.900390625,-6231.662109375,-398.0398994737289,76.71978,1,0,1,1,1
36.0,0.97,29.0,1.0,0.0,3.0,9999.900390625,-0.0,-304.9232311318891,76.77068,0,0,1,0,1
37.0,0.02,45.0,7.0,0.0,3.0,9999.900390625,-4609.550842285156,-366.74742629539935,87.46747,1,1,1,1,1
37.0,0.02,48.0,7.0,0.0,2.0,9999.900390625,-9338.3564453125,-471.7494382490995,103.02344,1,0,1,1,1
37.0,0.04,35.0,0.0,0.0,0.0,9999.900390625,-0.0,-120.01087018431896,74.90154,0,0,0,0,0
37.0,0.07,44.0,10.0,1.0,0.0,9999.900390625,-5806.280883789063,-461.58140395952216,103.333084,1,0,1,1,1
37.0,0.13,40.0,9.0,1.0,5.0,3.669837713241577,-9019.620910644531,-379.76155880813786,87.93128,1,0,1,1,1
37.0,0.13,46.0,8.0,0.0,3.0,9999.900390625,-5930.386352539063,-457.7697185279623,103.69472,1,0,1,1,1
37.0,0.14,20.0,5.0,1.0,3.0,9999.900390625,-3367.181640625,-155.2067249037938,79.74912,1,0,1,1,1
37.0,0.14,40.0,3.0,1.0,5.0,9999.900390625,-1759.8033447265625,-224.46017252330992,79.71782,1,0,1,1,1
37.0,0.17,49.0,5.0,0.0,3.0,9999.900390625,-5680.115112304688,-300.75162003844645,76.778305,1,0,1,1,1
37.0,0.18,30.0,8.0,1.0,5.0,2.782012939453125,-8638.350341796875,-144.53599212990432,79.505714,1,1,1,1,1
37.0,0.31,40.0,0.0,0.0,1.0,9999.900390625,-0.0,-120.32795629449448,74.923256,0,0,0,0,0
37.0,0.33,36.0,9.0,1.0,6.0,3.51712417602539,-9012.8017578125,-462.0321253568562,103.08602,1,0,1,1,1
37.0,0.39,33.0,7.0,0.0,0.0,9999.900390625,-1585.81787109375,-143.40501532372204,76.733444,1,0,1,1,1
37.0,0.57,34.0,3.0,0.0,4.0,9999.900390625,-5704.620361328125,-285.46271426568546,76.46751,1,0,1,1,1
37.0,0.72,39.0,5.0,1.0,5.0,9999.900390625,-11259.18359375,-308.8723553269232,79.29847,1,0,1,1,1
37.0,0.74,38.0,6.0,1.0,3.0,3.8812255859375,-6513.134399414063,-455.2678587806639,103.16708,1,0,1,1,1
37.0,0.76,50.0,2.0,1.0,3.0,4.3955841064453125,-1072.0883407592771,-139.34037111504364,79.85139,1,0,0,0,1
37.0,0.86,38.0,1.0,1.0,6.0,9999.900390625,-0.0,-135.47049202759064,79.55465,0,0,0,0,0
37.0,0.88,47.0,1.0,1.0,3.0,9999.900390625,-0.0,-145.9130957198723,79.71377,0,0,0,0,0
37.0,0.9,34.0,10.0,1.0,1.0,3.105372190475464,-7694.704040527344,-147.83663193617025,79.58402,1,0,1,1,1
37.0,0.91,21.0,3.0,0.0,5.0,9999.900390625,-2750.207336425781,-150.42413883236603,76.73113,1,0,1,1,1
37.0,0.92,24.0,7.0,1.0,0.0,9999.900390625,-2659.7303466796875,-473.72687914588255,103.516106,1,0,1,1,1
37.0,0.92,38.0,8.0,0.0,1.0,3.798427820205689,-10548.026733398438,-262.6589988720682,76.94823,1,0,1,1,1
37.0,0.97,38.0,6.0,0.0,4.0,9999.900390625,-8756.949523925781,-139.52484748890242,76.797585,1,0,1,1,1
37.0,0.98,46.0,5.0,0.0,5.0,9999.900390625,-5953.390686035156,-206.37047196510312,76.854645,1,0,1,1,1
38.0,0.01,27.0,4.0,1.0,2.0,3.881779909133911,-8700.989013671875,-654.5280984120251,88.05988,1,0,1,1,1
38.0,0.02,31.0,1.0,0.0,2.0,9999.900390625,-0.0,-267.2450549136384,76.86015,0,0,0,0,0
38.0,0.11,33.0,6.0,1.0,6.0,3.5772383213043213,-8702.242492675781,-343.2142730158724,79.708405,1,0,1,1,1
38.0,0.14,49.0,10.0,0.0,1.0,4.545042991638184,-9105.891479492188,-717.5176714126047,103.45329,1,0,1,1,1
38.0,0.15,32.0,7.0,0.0,2.0,9999.900390625,-6351.036682128906,-512.9015540922433,76.381195,1,0,1,1,1
38.0,0.15,49.0,7.0,1.0,0.0,9999.900390625,-5832.1212158203125,-651.5535936190349,87.96986,1,0,1,1,1
38.0,0.2,49.0,0.0,1.0,4.0,9999.900390625,-0.0,-281.26527927922285,79.7691,0,0,1,0,1
38.0,0.26,29.0,10.0,1.0,6.0,9999.900390625,-8947.409912109375,-382.0266213078151,79.51403,1,1,1,1,1
38.0,0.31,41.0,8.0,1.0,1.0,4.36973762512207,-9249.478515625,-653.9161375174061,88.10063,1,1,1,1,1
38.0,0.44,22.0,3.0,1.0,2.0,9999.900390625,-2734.0731201171875,-353.3686946391901,79.8222,1,0,1,1,1
38.0,0.48,44.0,0.0,0.0,5.0,9999.900390625,-0.0,-250.15103626983296,76.36876,0,0,0,0,0
38.0,0.49,30.0,10.0,0.0,0.0,9999.900390625,-9035.317749023438,-317.4369739390329,76.81874,1,0,1,1,1
38.0,0.5,28.0,8.0,0.0,3.0,9999.900390625,-2745.6361694335938,-314.3172407547301,76.70235,1,0,1,1,1
38.0,0.72,21.0,1.0,1.0,0.0,9999.900390625,-0.0,-352.3954367888709,79.47319,0,0,0,0,0
38.0,0.76,44.0,10.0,1.0,5.0,4.7585883140563965,-9665.241333007812,-654.3886366564838,87.93114,1,1,1,1,1
38.0,0.79,30.0,5.0,1.0,2.0,4.812087059020996,-1578.144775390625,-585.1479965940408,79.76612,1,1,1,1,1
38.0,0.84,43.0,0.0,0.0,6.0,9999.900390625,-0.0,-261.86877120693106,76.62912,0,0,0,0,0
38.0,0.86,30.0,10.0,0.0,0.0,4.143438339233398,-5151.34375,-315.2525226672911,76.57833,1,0,1,1,1
38.0,0.88,39.0,6.0,1.0,2.0,4.390407562255859,-9434.089599609377,-654.286264345409,87.92485,1,1,1,1,1
38.0,0.91,23.0,0.0,0.0,1.0,9999.900390625,-0.0,-298.221666267614,76.81556,0,0,0,0,0
38.0,0.91,35.0,10.0,0.0,1.0,2.7782130241394043,-10127.646606445312,-655.5827687099494,87.45186,1,0,1,1,1
38.0,0.93,48.0,3.0,0.0,1.0,9999.900390625,-8628.630249023438,-285.2575282491433,76.780304,1,1,1,1,1
38.0,0.97,26.0,2.0,1.0,3.0,9999.900390625,-0.0,-298.8198563744536,79.691925,1,0,0,0,1
38.0,0.97,36.0,3.0,1.0,0.0,4.478312015533447,-9320.244995117188,-353.5046490795462,79.566216,1,1,1,1,1
39.0,0.02,49.0,2.0,0.0,5.0,9999.900390625,-7.333387851715088,-634.4437182546534,72.880775,1,0,1,1,1
39.0,0.04,46.0,3.0,0.0,2.0,9999.900390625,-8649.495361328125,-634.7610497055929,74.69517,1,0,1,1,1
39.0,0.14,32.0,7.0,0.0,5.0,4.05952262878418,-4957.9986572265625,-680.4975280523522,87.21135,1,0,1,1,1
39.0,0.16,40.0,5.0,1.0,3.0,9999.900390625,-9025.913452148438,-635.0596516596928,74.695564,1,0,1,1,1
39.0,0.19,49.0,1.0,0.0,1.0,9999.900390625,-0.0,-634.4428178973617,72.859825,0,0,0,0,0
39.0,0.21,42.0,2.0,0.0,5.0,3.7773184776306152,-0.0494845621287822,-633.5979089494891,73.06465,1,0,1,1,1
39.0,0.25,34.0,0.0,1.0,3.0,9999.900390625,-0.0,-634.2050130662625,73.036255,0,0,0,0,0
39.0,0.27,36.0,6.0,1.0,3.0,3.0829412937164307,-5656.229675292969,-635.1249015131237,74.69509,1,0,1,1,1
39.0,0.3,25.0,5.0,1.0,1.0,3.208058357238769,-9758.116455078123,-635.0756589791,74.69541,1,0,1,1,1
39.0,0.32,41.0,8.0,0.0,6.0,9999.900390625,-5862.110900878906,-652.0911336603552,77.655075,1,0,1,1,1
39.0,0.34,42.0,4.0,0.0,4.0,9999.900390625,-4713.242248535156,-706.920791566167,87.849075,1,0,1,1,1
39.0,0.4,47.0,2.0,0.0,0.0,9999.900390625,-0.0,-634.5038395127484,73.375084,1,0,0,0,1
39.0,0.41,20.0,2.0,1.0,4.0,3.131821155548096,-1032.9517822265625,-634.9921178576348,74.694984,1,0,1,1,1
39.0,0.44,32.0,6.0,1.0,2.0,9999.900390625,-8953.279174804688,-635.0745255612427,74.695816,1,0,1,1,1
39.0,0.45,22.0,7.0,0.0,0.0,9999.900390625,-7233.760009765625,-774.8524814881866,103.0234,1,0,1,1,1
39.0,0.49,50.0,4.0,0.0,2.0,9999.900390625,-4901.1763916015625,-633.4724842643686,74.70001,0,0,0,0,0
39.0,0.53,33.0,2.0,0.0,4.0,9999.900390625,-68.88383483886719,-632.6230468130822,73.42159,1,0,0,0,1
39.0,0.59,49.0,9.0,0.0,0.0,9999.900390625,-4882.37890625,-632.4120137792663,74.69578,1,0,1,1,1
39.0,0.67,21.0,4.0,1.0,6.0,9999.900390625,-6398.165100097656,-635.0251231727887,74.69554,1,0,1,1,1
39.0,0.67,33.0,10.0,0.0,0.0,9999.900390625,-9262.4501953125,-634.4614505443858,74.69467,1,0,1,1,1
39.0,0.67,43.0,5.0,0.0,1.0,9999.900390625,-5922.689514160156,-634.6852460307823,74.6945,0,0,1,1,1
39.0,0.72,28.0,7.0,1.0,2.0,3.4375481605529785,-9211.09423828125,-642.0661803884877,77.427376,1,0,1,1,1
39.0,0.72,45.0,7.0,1.0,1.0,2.622286558151245,-10025.624877929688,-635.1437996003859,74.69524,1,0,1,1,1
39.0,0.79,30.0,2.0,1.0,3.0,9999.900390625,-0.0,-634.4251063091219,73.38248,1,0,0,0,1
39.0,0.79,31.0,9.0,0.0,1.0,9999.900390625,-6434.855102539063,-754.3568396802741,102.862785,1,0,1,1,1
39.0,0.95,30.0,9.0,1.0,1.0,9999.900390625,-9290.128295898438,-635.1262552535923,74.695244,1,0,1,1,1
40.0,0.08,38.0,9.0,1.0,0.0,9999.900390625,-24743.390625,-540.3041981441636,79.40239,1,1,1,1,1
40.0,0.26,20.0,9.0,1.0,6.0,3.085608720779419,-5840.2896728515625,-552.2541339175561,79.75433,1,0,1,1,1
40.0,0.39,35.0,1.0,0.0,5.0,9999.900390625,-0.0,-332.8399464772163,76.97674,0,0,0,0,0
40.0,0.49,27.0,2.0,0.0,5.0,4.6034770011901855,-0.0,-348.6934073969786,76.77515,1,0,1,0,1
40.0,0.54,35.0,5.0,1.0,0.0,4.110170841217041,-14630.49853515625,-478.2275422010552,79.630066,1,0,1,1,1
40.0,0.59,44.0,2.0,1.0,6.0,3.984665632247925,-1034.517562866211,-471.0663289240709,79.6437,1,1,1,0,1
40.0,0.64,50.0,2.0,0.0,3.0,9999.900390625,-222.21571350097656,-580.6418131160048,76.74955,1,0,1,1,1
40.0,0.68,33.0,1.0,1.0,0.0,9999.900390625,-0.0,-346.98410413719654,79.42758,0,0,1,0,1
40.0,0.93,34.0,5.0,1.0,3.0,9999.900390625,-27904.765625,-441.5804534169853,79.854645,1,1,1,1,1
40.0,0.97,45.0,4.0,1.0,4.0,3.1925740242004395,-1559.4314575195312,-378.8412295473948,79.76498,1,0,1,1,1
41.0,0.06,22.0,1.0,1.0,1.0,9999.900390625,-0.0,-1598.6955145341874,79.599205,0,0,0,0,0
41.0,0.13,38.0,10.0,0.0,2.0,9999.900390625,-8949.736938476562,-1866.1050286488128,103.19641,1,0,1,1,1
41.0,0.16,48.0,4.0,0.0,5.0,9999.900390625,-5080.7470703125,-1873.626703516985,104.13906,0,0,1,1,1
41.0,0.24,35.0,5.0,0.0,0.0,9999.900390625,-9823.784545898438,-1740.9232879698804,87.75927,1,0,1,1,1
41.0,0.27,30.0,6.0,0.0,5.0,9999.900390625,-9029.894287109377,-1607.5345196305786,76.58164,1,0,1,1,1
41.0,0.3,49.0,4.0,1.0,1.0,2.535625457763672,-8568.61279296875,-1579.515856098325,79.588646,1,0,1,1,1
41.0,0.35,40.0,3.0,1.0,1.0,3.787739992141724,-5801.189147949219,-1574.3272123446418,79.47447,1,1,1,1,1
41.0,0.4,27.0,5.0,0.0,6.0,9999.900390625,-5615.0040283203125,-1849.655049626973,103.20891,1,0,1,1,1
41.0,0.44,32.0,8.0,1.0,0.0,3.640334367752075,-9899.313720703123,-1757.5391143230336,87.50053,1,0,1,1,1
41.0,0.44,36.0,6.0,0.0,3.0,9999.900390625,-3044.6881103515625,-1687.7377697154106,76.65506,1,0,1,1,1
41.0,0.47,29.0,10.0,1.0,4.0,4.051061630249023,-21256.5751953125,-1634.3716189469917,79.71031,1,0,1,1,1
41.0,0.53,32.0,5.0,0.0,5.0,3.7271087169647217,-7805.4683837890625,-1823.8622096323568,89.63745,1,0,1,1,1
41.0,0.56,37.0,3.0,0.0,5.0,9999.900390625,-4727.041870117188,-1554.3442770845852,76.62838,1,0,1,0,1
41.0,0.62,44.0,5.0,1.0,3.0,3.466025352478028,-10536.859130859377,-1599.82626707969,79.48427,1,1,1,1,1
41.0,0.65,32.0,6.0,0.0,1.0,9999.900390625,-9383.996337890623,-1656.4725028673238,77.17906,1,1,1,1,1
41.0,0.67,45.0,1.0,0.0,2.0,9999.900390625,-0.0,-1541.9702110177516,76.78907,0,0,1,1,1
41.0,0.7,23.0,3.0,1.0,2.0,9999.900390625,-1982.7029418945312,-1745.872448686509,86.60117,1,0,1,1,1
41.0,0.7,31.0,9.0,0.0,0.0,9999.900390625,-9209.783203125,-1863.0945107138991,103.21109,1,1,1,1,1
41.0,0.71,40.0,3.0,1.0,0.0,9999.900390625,-5349.8399658203125,-1755.509976236669,87.874626,1,0,1,1,1
41.0,0.75,21.0,10.0,1.0,2.0,9999.900390625,-8915.695129394531,-1874.885883160529,103.28684,1,0,1,1,1
41.0,0.76,22.0,4.0,0.0,2.0,9999.900390625,-2008.5856323242188,-1740.216902569041,86.65209,1,0,1,1,1
41.0,0.78,22.0,2.0,1.0,2.0,9999.900390625,-0.0,-1583.199999594685,79.761505,1,0,1,1,1
41.0,0.82,20.0,5.0,0.0,5.0,9999.900390625,-8002.207641601562,-1599.234749347403,76.86363,1,1,1,1,1
41.0,0.82,29.0,2.0,0.0,1.0,4.1391706466674805,-2.7411720752716064,-1550.3935365799766,76.755035,1,0,1,1,1
41.0,0.86,29.0,0.0,1.0,4.0,9999.900390625,-0.0,-1557.5641675394345,79.760956,0,0,0,0,0
41.0,0.9,29.0,8.0,0.0,2.0,9999.900390625,-5373.108276367188,-1876.3698883252528,103.6235,1,0,1,1,1
41.0,0.93,32.0,7.0,0.0,5.0,9999.900390625,-9046.496704101562,-1577.0318019649285,76.67461,1,0,1,1,1
41.0,0.94,21.0,7.0,1.0,5.0,9999.900390625,-5347.842803955078,-1786.774474653804,98.75577,1,0,1,1,1
41.0,0.94,35.0,2.0,1.0,3.0,3.4603872299194336,-4102.410797119141,-1562.291798457063,79.43481,1,0,1,1,1
42.0,0.03,24.0,2.0,1.0,2.0,4.727471351623535,-1.1919846534729004,-326.6644873505901,79.65386,1,0,1,1,1
42.0,0.13,20.0,1.0,0.0,0.0,9999.900390625,-0.0,-327.3466358310605,76.88598,0,0,1,1,1
42.0,0.13,34.0,1.0,0.0,1.0,9999.900390625,-0.0,-273.16155286250586,76.77486,0,0,0,0,0
42.0,0.14,28.0,3.0,1.0,0.0,3.521739959716797,-5804.855895996094,-340.6116986219224,79.30889,1,0,1,1,1
42.0,0.23,22.0,6.0,1.0,1.0,3.070284128189087,-9097.991943359377,-380.76951444948793,79.54783,1,0,1,1,1
42.0,0.25,26.0,1.0,0.0,4.0,9999.900390625,-0.0,-281.6177989825753,76.91167,0,0,1,1,1
42.0,0.29,28.0,2.0,0.0,2.0,9999.900390625,-0.0,-286.5203072214716,76.57556,1,0,1,1,1
42.0,0.31,43.0,5.0,0.0,5.0,9999.900390625,-4803.641174316406,-673.4099995379748,103.25718,1,0,1,1,1
42.0,0.49,48.0,2.0,1.0,2.0,9999.900390625,-0.0440963394939899,-292.06212547063484,79.74271,1,0,1,0,1
42.0,0.53,32.0,1.0,0.0,0.0,9999.900390625,-0.0,-282.70893011617017,76.59334,0,0,0,0,0
42.0,0.53,39.0,3.0,1.0,4.0,4.904603481292725,-8744.451354980469,-328.8867435506431,79.765045,1,1,1,0,1
42.0,0.57,49.0,5.0,0.0,5.0,9999.900390625,-4815.400634765625,-292.5090910381421,76.90284,1,0,1,1,1
42.0,0.65,49.0,9.0,1.0,5.0,3.3811240196228027,-9030.81689453125,-397.30050456566624,79.494865,1,1,1,1,1
42.0,0.66,35.0,8.0,0.0,4.0,9999.900390625,-21756.2939453125,-421.651451431457,76.669914,1,1,1,1,1
42.0,0.76,37.0,3.0,0.0,3.0,9999.900390625,-1659.186279296875,-319.8188547086247,76.75137,1,0,1,1,1
42.0,0.8,22.0,7.0,0.0,3.0,9999.900390625,-5587.2744140625,-592.8738020159298,87.85443,1,0,1,1,1
42.0,0.8,39.0,1.0,0.0,4.0,9999.900390625,-0.0,-273.0637848164411,76.75845,0,0,0,0,0
42.0,0.83,29.0,1.0,0.0,2.0,9999.900390625,-0.0,-276.7432975688424,76.82014,0,0,0,0,0
42.0,0.83,35.0,0.0,1.0,0.0,9999.900390625,-0.0,-291.47995059556115,79.65362,0,0,0,0,0
42.0,0.91,31.0,3.0,1.0,4.0,3.0899672508239746,-8435.111877441406,-320.8478611416563,79.50692,1,0,1,1,1
43.0,0.09,26.0,8.0,1.0,1.0,3.4900708198547363,-4502.575073242188,-488.3501185171588,74.695915,1,0,1,1,1
43.0,0.15,49.0,6.0,0.0,4.0,9999.900390625,-8782.951843261719,-490.29272961408105,74.704155,1,0,1,1,1
43.0,0.18,25.0,7.0,1.0,3.0,2.984901666641236,-5565.049682617188,-488.3786386255642,74.69498,1,0,1,1,1
43.0,0.19,20.0,3.0,1.0,0.0,4.143340110778809,-4920.031005859375,-488.3441550338199,74.69533,0,0,1,1,1
43.0,0.21,40.0,8.0,0.0,1.0,9999.900390625,-4694.1588134765625,-487.776209263776,74.69206,1,0,1,1,1
43.0,0.24,38.0,0.0,1.0,4.0,9999.900390625,-0.0,-488.3307259492143,72.951836,0,0,0,0,0
43.0,0.31,31.0,7.0,0.0,5.0,9999.900390625,-8638.827575683594,-490.1980330785215,74.69495,1,0,0,1,1
43.0,0.34,20.0,9.0,1.0,4.0,3.371310234069824,-9719.71923828125,-488.3331129604053,74.69516,1,0,1,1,1
43.0,0.4,42.0,2.0,0.0,0.0,9999.900390625,-1005.2475905418396,-490.1235733148173,73.15139,1,0,1,1,1
43.0,0.46,35.0,8.0,0.0,5.0,4.093740463256836,-9296.37567138672,-490.1204236956797,73.325485,1,0,1,1,1
43.0,0.47,45.0,10.0,1.0,6.0,9999.900390625,-8794.597045898438,-555.191628342789,88.15264,1,0,1,1,1
43.0,0.53,36.0,3.0,0.0,6.0,9999.900390625,-4678.864501953125,-490.1560895393001,73.29524,1,0,1,1,1
43.0,0.6,43.0,0.0,0.0,3.0,9999.900390625,-0.0,-490.14861507425513,72.918755,0,0,0,0,0
43.0,0.67,38.0,0.0,0.0,0.0,9999.900390625,-0.0,-490.1463993336085,72.92125,0,0,0,0,0
43.0,0.71,48.0,8.0,0.0,4.0,9999.900390625,-6497.7884521484375,-517.3273891607162,85.90227,1,0,1,1,1
43.0,0.73,20.0,10.0,1.0,6.0,3.524308919906616,-8685.063842773438,-612.2449013120323,103.21854,1,0,1,1,1
43.0,0.75,50.0,5.0,1.0,3.0,3.4575374126434326,-8792.18115234375,-488.3542227960672,75.5416,1,0,1,1,1
43.0,0.78,37.0,6.0,0.0,6.0,2.8275954723358154,-10119.151489257812,-490.1280816519408,74.69569,1,0,1,1,1
43.0,0.79,32.0,0.0,1.0,4.0,9999.900390625,-0.0,-488.3496270340534,73.05004,0,0,0,0,0
43.0,0.92,48.0,1.0,1.0,4.0,9999.900390625,-0.0,-488.356641510312,73.04133,0,0,0,0,0
43.0,0.98,34.0,7.0,1.0,4.0,3.5089235305786133,-8970.041564941406,-488.3337623421506,74.83447,1,0,1,1,1
44.0,0.02,34.0,7.0,0.0,3.0,9999.900390625,-4745.946960449219,-1533.4940402743696,76.76927,1,0,1,1,1
44.0,0.05,23.0,4.0,1.0,1.0,3.838620185852051,-8581.735656738281,-1753.3984392069126,87.891045,1,0,1,1,1
44.0,0.05,41.0,9.0,0.0,3.0,9999.900390625,-5689.692626953125,-1632.59397967418,76.77812,0,0,1,1,1
44.0,0.06,21.0,0.0,1.0,2.0,9999.900390625,-0.0,-1561.4348900317816,79.764946,0,0,0,0,0
44.0,0.1,45.0,7.0,0.0,4.0,9999.900390625,-7595.968444824219,-1669.9064443379914,76.96864,1,0,1,1,1
44.0,0.18,45.0,9.0,1.0,4.0,3.748304843902588,-9279.679321289062,-1755.0076316952293,88.115036,1,0,1,1,1
44.0,0.23,22.0,5.0,0.0,1.0,9999.900390625,-5993.129699707031,-1556.3243950239362,76.772995,1,0,1,1,1
44.0,0.26,23.0,1.0,1.0,1.0,9999.900390625,-0.0,-1549.1467040222306,79.32463,0,0,0,0,0
44.0,0.43,20.0,9.0,0.0,6.0,4.438588619232178,-12366.427001953123,-1685.0615617605042,76.39062,1,0,1,1,1
44.0,0.48,21.0,2.0,1.0,6.0,9999.900390625,-0.0152037795633077,-1562.343648386959,79.82689,1,0,1,1,1
44.0,0.54,25.0,3.0,0.0,2.0,9999.900390625,-7507.358703613281,-1607.6928879879183,77.17859,1,0,1,1,1
44.0,0.6,40.0,3.0,1.0,3.0,9999.900390625,-5555.08056640625,-1578.5108653490415,79.26496,1,0,1,1,1
44.0,0.62,27.0,7.0,0.0,0.0,9999.900390625,-9410.863891601562,-1532.551486455702,76.54384,1,1,1,1,1
44.0,0.63,29.0,9.0,0.0,1.0,9999.900390625,-9283.359130859377,-1854.5887976226188,103.13109,1,0,1,1,1
44.0,0.64,38.0,2.0,0.0,3.0,9999.900390625,-0.0,-1509.8445066054908,76.58338,0,0,1,1,1
44.0,0.66,21.0,1.0,0.0,0.0,9999.900390625,-0.0,-1551.0400343996898,76.538,0,0,0,0,0
44.0,0.67,42.0,6.0,0.0,0.0,9999.900390625,-5048.2279052734375,-1538.2425449140696,76.61119,1,1,1,1,1
44.0,0.73,23.0,7.0,0.0,0.0,9999.900390625,-12576.223388671877,-1663.1838086392486,76.97915,1,0,1,1,1
44.0,0.87,31.0,1.0,0.0,6.0,9999.900390625,-0.0,-1505.011998524045,76.36073,0,0,0,0,0
44.0,0.95,31.0,10.0,1.0,0.0,9999.900390625,-8799.554077148438,-1564.568432355485,80.06111,1,0,1,1,1
45.0,0.01,28.0,0.0,0.0,6.0,9999.900390625,-0.0,-112.8314385563108,72.94891,0,0,0,0,0
45.0,0.04,45.0,10.0,1.0,1.0,4.24434232711792,-8474.078857421875,-179.44748749285355,87.86909,1,0,1,1,1
45.0,0.07,33.0,3.0,1.0,2.0,9999.900390625,-4538.734191894531,-110.41904684352026,74.69588,1,0,1,1,1
45.0,0.08,38.0,4.0,0.0,5.0,9999.900390625,-5643.551208496094,-112.90818808152412,74.69457,1,0,1,1,1
45.0,0.14,36.0,0.0,1.0,0.0,9999.900390625,-0.0,-110.35759175634722,73.03508,0,0,0,0,0
45.0,0.14,37.0,0.0,0.0,2.0,9999.900390625,-0.0,-112.84125701367456,72.940384,0,0,0,0,0
45.0,0.18,43.0,2.0,1.0,0.0,3.3795816898345947,-5.015719413757324,-110.37037090298983,74.69546,1,0,0,0,1
45.0,0.19,46.0,9.0,1.0,5.0,2.701521635055542,-8684.861145019531,-110.36682406795028,74.794495,1,0,1,1,1
45.0,0.2,21.0,8.0,1.0,6.0,9999.900390625,-4615.918823242188,-254.95425749714107,103.02109,1,0,1,1,1
45.0,0.22,37.0,2.0,1.0,5.0,9999.900390625,-1005.4775257110596,-110.36029304515284,73.35581,1,0,0,0,1
45.0,0.28,23.0,9.0,1.0,1.0,9999.900390625,-9247.889770507812,-253.79705823484852,103.17787,1,0,1,1,1
45.0,0.29,39.0,3.0,1.0,1.0,4.680187702178955,-4800.479370117188,-110.40568469845384,74.69497,1,0,1,1,1
45.0,0.37,35.0,7.0,1.0,2.0,4.936784267425537,-7667.281494140625,-110.39082216775476,74.71641,1,0,1,1,1
45.0,0.37,40.0,2.0,1.0,4.0,9999.900390625,-0.0289444606751203,-110.37955663410148,72.997734,1,0,0,0,1
45.0,0.43,40.0,2.0,0.0,3.0,9999.900390625,-103.68684387207033,-110.62902505057689,74.69491,1,0,1,1,1
45.0,0.44,37.0,10.0,0.0,2.0,9999.900390625,-4625.468627929688,-112.91758781034036,74.69618,0,0,1,1,1
45.0,0.44,49.0,10.0,1.0,2.0,4.977174758911133,-4734.281433105469,-177.9895055233827,88.33231,0,0,1,1,1
45.0,0.45,36.0,10.0,0.0,4.0,9999.900390625,-6193.6253662109375,-113.03131649365224,74.86358,1,0,1,1,1
45.0,0.45,45.0,2.0,1.0,5.0,9999.900390625,-0.0,-110.36851353031318,73.02395,1,0,0,0,1
45.0,0.61,28.0,6.0,0.0,5.0,9999.900390625,-5642.767578125,-270.77832720844947,103.469604,1,0,1,1,1
45.0,0.62,21.0,0.0,0.0,0.0,9999.900390625,-0.0,-112.90297751536566,73.35537,0,0,0,0,0
45.0,0.62,48.0,5.0,1.0,3.0,3.1844406127929688,-4774.276123046875,-110.41248590457845,74.69504,1,0,1,1,1
45.0,0.67,35.0,10.0,0.0,5.0,9999.900390625,-5014.312683105469,-175.1403374157568,87.754364,1,0,1,1,1
45.0,0.83,24.0,0.0,1.0,2.0,9999.900390625,-0.0,-110.37914348572548,73.4252,0,0,0,0,0
45.0,0.89,47.0,7.0,1.0,3.0,3.3643033504486084,-9755.544189453123,-110.33316344609295,74.83149,1,0,1,1,1
45.0,0.91,26.0,7.0,0.0,1.0,9999.900390625,-5168.59228515625,-112.8442339820731,74.69513,1,0,1,1,1
45.0,1.0,30.0,2.0,1.0,5.0,9999.900390625,-0.0064095379784703,-110.37915134211752,73.0009,1,0,0,0,1
45.0,1.0,41.0,4.0,0.0,5.0,9999.900390625,-5657.101318359375,-112.59470399972788,73.23177,1,0,0,0,1
46.0,0.09,49.0,2.0,0.0,1.0,9999.900390625,-4.900463104248047,-271.7767330512484,72.92916,1,0,0,0,1
46.0,0.11,37.0,10.0,0.0,5.0,1.575249433517456,-8482.0166015625,-271.2435851621767,74.69521,1,0,1,1,1
46.0,0.16,24.0,5.0,1.0,5.0,3.720686674118042,-7460.522003173828,-264.76526913617374,74.69602,1,0,1,1,1
46.0,0.17,39.0,3.0,0.0,1.0,9999.900390625,-1887.9389038085935,-326.7636345635847,87.62094,1,0,1,1,1
46.0,0.17,48.0,5.0,0.0,6.0,9999.900390625,-2613.854736328125,-271.76337654059813,74.69456,1,0,1,1,1
46.0,0.2,46.0,2.0,0.0,0.0,9999.900390625,-0.0,-271.70633497569304,73.15636,1,0,0,0,1
46.0,0.38,42.0,4.0,1.0,6.0,9999.900390625,-1469.3121643066406,-264.70220069578085,74.69506,1,0,1,1,1
46.0,0.45,32.0,8.0,0.0,5.0,9999.900390625,-8415.078857421875,-326.8626083584435,87.95361,1,0,1,1,1
46.0,0.61,42.0,4.0,1.0,6.0,9999.900390625,-5505.3779296875,-381.1238194993679,103.02018,1,0,1,1,1
46.0,0.62,20.0,9.0,0.0,6.0,3.943159580230713,-9974.974609375,-272.2257781353323,74.88921,1,0,1,1,1
46.0,0.64,22.0,10.0,0.0,6.0,3.6575536727905273,-6237.31494140625,-326.8284417066999,87.85148,1,0,1,1,1
46.0,0.65,37.0,7.0,0.0,3.0,9999.900390625,-8617.120422363281,-271.75552842754746,74.69479,1,0,1,1,1
46.0,0.85,25.0,10.0,1.0,6.0,9999.900390625,-6223.6162109375,-324.012787603052,88.24122,1,0,1,1,1
46.0,0.99,22.0,10.0,1.0,1.0,3.238843441009521,-8997.661743164062,-386.6351324041774,102.88967,1,0,1,1,1
47.0,0.01,28.0,2.0,1.0,0.0,2.062901258468628,-31538.541015625,-1565.058718515875,102.133766,1,1,1,1,1
47.0,0.06,22.0,4.0,0.0,4.0,9999.900390625,-0.0719235837459564,-1504.9492882970364,57.69917,1,1,1,1,1
47.0,0.06,23.0,2.0,1.0,1.0,3.103949785232544,-14581.29345703125,-1560.4728178441974,101.070984,1,0,1,1,1
47.0,0.1,24.0,7.0,1.0,6.0,3.196556329727173,-17964.37890625,-1574.922170897696,104.05071,1,0,1,1,1
47.0,0.14,43.0,3.0,1.0,0.0,3.434285879135132,-21952.3017578125,-1563.1549288726706,101.971,1,1,1,1,1
47.0,0.14,43.0,5.0,1.0,6.0,9999.900390625,-28922.23046875,-1558.6839571781284,100.14671,1,1,1,1,1
47.0,0.19,24.0,2.0,0.0,2.0,9999.900390625,-2.0102884769439697,-1496.8946970232348,53.57519,0,0,0,0,0
47.0,0.31,31.0,7.0,1.0,3.0,9999.900390625,-16963.69189453125,-1594.4820379451596,105.27225,1,0,1,0,1
47.0,0.37,26.0,3.0,1.0,3.0,9999.900390625,-17684.201171875,-1556.4147938926487,100.12207,1,1,1,1,1
47.0,0.37,46.0,9.0,1.0,2.0,3.0206551551818848,-31141.109375,-1563.0516647325717,101.92913,1,1,1,1,1
47.0,0.44,43.0,2.0,0.0,3.0,9999.900390625,-1177.0331115722656,-1485.006809189235,54.12439,0,1,1,1,1
47.0,0.7,33.0,4.0,0.0,1.0,9999.900390625,-2326.7472229003906,-1483.229230377857,53.521523,1,1,1,1,1
47.0,0.75,37.0,10.0,1.0,6.0,2.607546091079712,-26054.3671875,-1616.245173824591,107.012665,1,1,1,1,1
47.0,0.83,21.0,8.0,0.0,0.0,2.3886334896087646,-13691.0048828125,-1666.5084762331526,109.48437,1,0,1,1,1
47.0,0.84,41.0,0.0,0.0,1.0,9999.900390625,-1173.170150756836,-1480.6469870104088,48.126614,0,0,0,1,1
47.0,0.86,24.0,6.0,0.0,2.0,9999.900390625,-14707.8681640625,-1665.2584306443764,109.14924,1,0,1,1,1
47.0,0.88,34.0,6.0,0.0,6.0,9999.900390625,-2566.146240234375,-1487.1941440183475,53.52332,1,1,1,1,1
47.0,0.92,23.0,1.0,0.0,6.0,9999.900390625,-1.079027533531189,-1498.695977896104,53.99848,0,0,0,0,0
47.0,0.97,39.0,2.0,0.0,1.0,9999.900390625,-1178.7502899169922,-1486.4156443152256,54.60487,1,1,1,1,1
48.0,0.03,24.0,8.0,1.0,4.0,2.3909010887146,-16103.544921875,-2336.7421099330136,109.197464,1,0,1,0,1
48.0,0.03,26.0,2.0,1.0,6.0,9999.900390625,-20933.8515625,-2203.929162386844,98.16638,1,1,1,1,1
48.0,0.05,26.0,9.0,1.0,4.0,2.7636735439300537,-29574.6953125,-2244.843834331094,104.90019,1,1,1,1,1
48.0,0.1,23.0,5.0,1.0,4.0,2.9205687046051025,-15902.21630859375,-2217.228202725835,100.11138,1,1,1,1,1
48.0,0.1,47.0,8.0,1.0,5.0,9999.900390625,-17110.109375,-2246.034746633844,104.154854,1,1,1,0,1
48.0,0.11,30.0,9.0,0.0,0.0,9999.900390625,-18155.060546875,-2275.263861094739,106.091934,1,1,1,1,1
48.0,0.18,46.0,3.0,0.0,1.0,9999.900390625,-5242.993255615234,-2143.531068605184,54.22871,0,1,1,1,1
48.0,0.18,49.0,9.0,1.0,5.0,9999.900390625,-5085.63330078125,-2394.451343289494,109.26099,1,1,1,0,1
48.0,0.22,35.0,5.0,0.0,2.0,9999.900390625,-16267.4140625,-2209.02555135369,100.11075,1,1,1,1,1
48.0,0.25,23.0,9.0,1.0,4.0,3.0490074157714844,-15571.86083984375,-2302.1895763099715,109.15125,1,0,1,1,1
48.0,0.25,49.0,4.0,1.0,4.0,1.7000370025634766,-23841.3671875,-2238.3946867127247,103.54541,1,1,1,1,1
48.0,0.26,29.0,10.0,1.0,1.0,9999.900390625,-25233.671875,-2238.2682555428896,103.31282,1,0,1,1,1
48.0,0.27,46.0,7.0,1.0,5.0,9999.900390625,-40216.75390625,-2234.0170116247627,102.25845,1,1,1,0,1
48.0,0.29,34.0,2.0,1.0,5.0,9999.900390625,-23057.1865234375,-2228.224679642709,101.21284,1,1,1,1,1
48.0,0.32,49.0,6.0,0.0,1.0,9999.900390625,-3094.234130859375,-2140.2402504499214,46.975124,1,1,1,1,1
48.0,0.35,36.0,8.0,0.0,1.0,9999.900390625,-13802.3681640625,-2349.3052202446875,109.56155,1,0,1,1,1
48.0,0.36,38.0,10.0,1.0,2.0,1.7377160787582395,-15538.8955078125,-2282.8656567642342,106.221664,1,1,1,1,1
48.0,0.37,47.0,7.0,0.0,1.0,4.234941482543945,-22732.0283203125,-2237.6638849396645,102.699356,1,1,1,1,1
48.0,0.43,39.0,3.0,1.0,2.0,9999.900390625,-15483.78759765625,-2308.6653329368414,109.23776,1,1,1,1,1
48.0,0.49,34.0,10.0,1.0,5.0,9999.900390625,-14740.8603515625,-2335.423030640915,109.18089,1,1,1,0,1
48.0,0.74,26.0,2.0,1.0,1.0,9999.900390625,-38291.189453125,-2244.784926918664,104.12411,1,1,1,1,1
48.0,0.87,42.0,6.0,0.0,3.0,0.8836726546287537,-23656.1708984375,-2216.84042029758,100.1061,1,1,1,1,1
48.0,0.88,45.0,2.0,0.0,6.0,9999.900390625,-1178.2394104003906,-2145.8718039211385,53.442265,0,0,1,1,1
48.0,0.9,34.0,10.0,0.0,6.0,2.9366581439971924,-20921.1337890625,-2238.288522907751,102.043945,1,0,1,1,1
49.0,0.03,28.0,1.0,0.0,5.0,9999.900390625,-0.0,-587.7191031196418,72.8687,0,0,0,0,0
49.0,0.04,45.0,1.0,1.0,6.0,9999.900390625,-0.0,-584.8229496468199,73.034355,0,0,0,0,0
49.0,0.05,32.0,2.0,0.0,5.0,4.289057731628418,-0.0824846029281616,-588.2267528522774,72.99078,1,0,0,0,1
49.0,0.05,37.0,4.0,0.0,0.0,9999.900390625,-4968.392395019531,-627.6439313145206,74.94187,1,0,1,1,1
49.0,0.09,39.0,3.0,0.0,4.0,2.645411968231201,-2564.784912109375,-699.1377803489478,87.17675,1,0,1,1,1
49.0,0.35,34.0,10.0,0.0,6.0,9999.900390625,-8974.2578125,-606.3228498910952,74.69555,1,0,1,1,1
49.0,0.39,46.0,6.0,1.0,0.0,9999.900390625,-8954.186767578125,-701.7574969737777,87.858604,1,0,1,1,1
49.0,0.58,39.0,1.0,0.0,0.0,9999.900390625,-0.0,-587.3860204822391,72.84043,0,0,0,0,0
49.0,0.59,35.0,1.0,1.0,6.0,9999.900390625,-0.0,-588.6015129573115,72.97208,0,0,0,0,0
49.0,0.69,39.0,7.0,1.0,1.0,4.05157470703125,-6553.5003662109375,-789.7633056002286,103.161224,1,0,1,1,1
49.0,0.76,29.0,8.0,1.0,2.0,1.8076554536819456,-9151.833618164062,-604.344632126659,74.694916,1,0,1,1,1
49.0,0.79,35.0,9.0,0.0,3.0,9999.900390625,-9900.027770996094,-596.7343872583187,73.61207,1,0,1,1,1
49.0,0.95,25.0,10.0,0.0,5.0,9999.900390625,-5499.6435546875,-672.593108037336,87.53398,1,0,1,1,1
50.0,0.04,44.0,5.0,0.0,2.0,3.6753127574920654,-4634.927795410156,-500.2851873744242,103.42204,1,0,1,1,1
50.0,0.25,47.0,2.0,0.0,2.0,9999.900390625,-1193.2421875,-402.129792827508,87.99534,1,0,1,1,1
50.0,0.31,38.0,0.0,0.0,4.0,9999.900390625,-0.0,-225.6480069007088,76.362465,0,0,0,0,0
50.0,0.38,43.0,5.0,0.0,4.0,9999.900390625,-5370.56982421875,-257.5557094577047,76.43467,1,0,1,1,1
50.0,0.38,45.0,8.0,0.0,0.0,9999.900390625,-4972.215087890625,-399.5075362441671,87.54806,1,0,1,1,1
50.0,0.41,36.0,0.0,0.0,3.0,9999.900390625,-0.0,-214.57736060878204,75.93671,0,0,0,0,0
50.0,0.46,24.0,8.0,1.0,2.0,9999.900390625,-6109.606201171875,-496.46105643704186,103.00211,1,0,1,1,1
50.0,0.48,48.0,4.0,0.0,0.0,9999.900390625,-1106.1826934814453,-233.17010651356637,76.9459,1,0,1,1,1
50.0,0.49,44.0,6.0,1.0,3.0,3.4784998893737797,-9147.487426757812,-246.21145749913617,80.10034,1,0,1,1,1
50.0,0.53,29.0,1.0,0.0,1.0,9999.900390625,-0.0,-225.0519927842984,76.98452,0,0,0,0,0
50.0,0.54,49.0,1.0,1.0,2.0,9999.900390625,-0.0,-230.95685066568427,79.51498,0,0,0,0,0
50.0,0.57,29.0,7.0,1.0,5.0,9999.900390625,-5507.362487792969,-399.95916782840703,87.74169,1,0,1,1,1
50.0,0.59,31.0,8.0,0.0,1.0,9999.900390625,-6840.709716796875,-401.73134020700974,87.69348,1,0,1,1,1
50.0,0.66,29.0,5.0,0.0,5.0,2.7741878032684326,-8649.339111328125,-234.17970745841907,76.87008,1,0,1,1,1
50.0,0.69,37.0,6.0,1.0,2.0,3.394638061523437,-10429.882568359377,-405.520064170264,88.068,1,0,1,1,1
50.0,0.7,39.0,6.0,0.0,1.0,9999.900390625,-8874.997009277344,-242.05032146158044,76.68296,0,0,1,1,1
50.0,0.7,50.0,2.0,0.0,1.0,4.32614803314209,-3.9225921630859375,-224.83947631914864,76.922745,1,0,0,0,1
50.0,0.72,45.0,10.0,0.0,5.0,9999.900390625,-5174.177490234375,-238.7483833105097,76.34433,1,0,1,1,1
50.0,0.83,25.0,3.0,0.0,2.0,9999.900390625,-4706.2181396484375,-232.73341993129117,76.65225,0,0,1,1,1
