10,10,246,184,47,252,150,71,
10,10,270,220,280,130,231,14,
10,10,70,56,217,257,211,266,
10,10,17,54,54,185,208,234,
10,10,252,173,271,45,225,13,
10,10,149,224,45,262,30,277,
10,10,129,197,128,217,292,220,
10,10,115,208,200,264,259,244,
10,10,230,200,159,258,9,242,
10,10,205,179,190,28,98,104,
10,10,188,213,118,227,56,153,
10,10,13,138,18,211,41,290,
10,10,57,143,190,28,231,90,
10,10,184,240,241,75,116,75,
10,10,201,134,168,153,45,234,
10,10,147,166,74,193,36,174,
10,10,128,211,207,247,229,18,
10,10,74,15,293,79,185,172,
10,10,181,128,167,154,162,179,
10,10,92,224,99,260,125,291,
10,10,210,240,215,149,177,51,
10,10,69,46,244,138,125,234,
10,10,153,188,243,98,75,98,
10,10,231,244,271,159,257,12,
10,10,84,27,170,140,23,118,
10,10,52,18,221,12,285,110,
10,10,46,133,69,244,250,129,
10,10,184,115,259,192,80,249,
10,10,23,118,188,246,283,184,
10,10,83,94,106,86,170,44,
10,10,43,136,248,49,290,122,
10,10,101,34,89,226,73,271,
10,10,200,61,258,74,233,182,
10,10,77,42,62,154,110,267,
10,10,193,216,114,271,17,215,
10,10,244,234,276,96,204,23,
10,10,252,200,152,280,122,57,
10,10,60,39,98,139,200,71,
10,10,37,100,43,240,149,226,
10,10,26,47,264,235,239,248,
10,10,201,293,164,289,93,262,
10,10,59,78,194,276,257,201,
10,10,208,15,260,17,180,164,
10,10,120,201,181,56,166,13,
10,10,206,146,228,87,198,8,
10,10,206,184,238,59,105,77,
10,10,175,208,186,127,171,64,
10,10,118,50,237,227,32,208,
10,10,85,13,293,171,74,190,
10,10,136,123,75,245,64,282,
10,10,219,73,270,68,291,107,
10,10,156,48,186,66,199,98,
10,10,71,96,207,49,89,7,
10,10,183,108,254,159,49,234,
10,10,196,278,115,283,72,133,
10,10,154,262,228,58,114,8,
10,10,80,5,278,44,127,146,
10,10,112,59,128,281,81,286,
10,10,80,15,170,55,16,177,
10,10,260,88,28,238,192,293,
10,10,224,209,259,159,295,60,
10,10,116,85,50,140,136,269,
10,10,76,96,217,258,274,244,
10,10,199,222,250,171,197,25,
10,10,183,283,115,274,68,168,
10,10,231,243,75,289,29,147,
10,10,109,39,144,196,233,255,
10,10,87,163,31,231,119,287,
10,10,113,189,268,157,288,157,
10,10,200,122,204,78,70,76,
10,10,99,27,41,131,184,287,
10,10,181,223,210,198,198,26,
10,10,182,193,148,213,26,216,
10,10,96,81,91,188,81,219,
10,10,46,20,216,258,174,267,
10,10,25,59,184,201,281,197,
10,10,27,60,102,220,151,188,
10,10,23,26,270,69,211,213,
10,10,31,74,283,212,277,121,
10,10,159,260,192,128,175,46,
10,10,182,58,136,122,95,272,
10,10,41,155,125,248,146,255,
10,10,64,14,134,118,96,166,
10,10,229,184,292,16,171,75,
10,10,208,101,108,202,92,244,
10,10,22,65,200,37,196,104,
10,10,201,60,139,124,66,227,
10,10,247,154,90,197,55,118,
10,10,148,214,179,202,265,240,
10,10,13,94,186,233,284,47,
10,10,144,153,150,239,264,208,
10,10,112,249,71,255,83,112,
10,10,268,136,50,258,8,277,
10,10,65,187,42,277,122,272,
10,10,74,82,270,235,224,255,
10,10,186,243,252,57,50,114,
10,10,167,66,255,219,94,252,
10,10,168,227,147,227,97,114,
10,10,31,16,149,286,259,245,
10,10,246,113,235,43,180,15,
10,10,144,157,39,165,60,74,
10,10,120,159,109,205,87,249,
10,10,129,92,237,233,45,277,
10,10,104,35,238,280,182,275,
10,10,125,104,139,181,82,225,
10,10,72,162,40,279,56,290,
10,10,28,23,223,238,270,255,
10,10,210,237,96,284,27,97,
10,10,233,202,280,48,273,29,
10,10,133,104,57,164,5,186,
10,10,107,220,78,259,14,99,
10,10,103,67,288,224,291,276,
10,10,203,132,153,230,178,281,
10,10,44,87,141,208,189,178,
10,10,207,193,107,215,63,33,
10,10,209,230,263,160,31,44,
10,10,151,148,70,205,45,217,
10,10,194,117,211,106,253,105,
10,10,50,66,277,65,203,6,
10,10,36,55,272,260,229,76,
10,10,91,36,74,200,209,268,
10,10,56,144,25,167,7,186,
10,10,201,25,281,11,297,21,
10,10,201,51,214,45,244,17,
10,10,41,124,253,237,193,83,
10,10,64,88,81,110,219,158,
10,10,111,92,167,113,198,220,
10,10,88,125,168,271,291,184,
10,10,160,252,78,282,156,96,
10,10,204,204,246,119,71,192,
10,10,151,136,180,202,163,296,
10,10,29,179,39,241,186,218,
10,10,187,200,101,283,116,89,
10,10,196,271,238,233,290,113,
10,10,148,72,82,204,8,225,
10,10,121,89,207,258,257,195,
10,10,174,134,176,64,149,10,
10,10,156,230,283,86,82,40,
10,10,16,67,237,48,259,142,
10,10,138,136,268,80,278,23,
10,10,89,84,18,211,23,217,
10,10,78,105,176,14,237,24,
10,10,166,245,260,149,293,41,
10,10,23,96,263,102,32,18,
10,10,130,179,217,261,256,2,
10,10,111,119,229,83,296,10,
10,10,170,129,260,61,134,22,
10,10,143,75,238,240,292,268,
10,10,139,114,130,198,278,280,
10,10,213,120,223,70,225,36,
10,10,172,169,142,206,161,261,
10,10,99,130,251,154,212,17,
10,10,153,253,206,148,211,76,
10,10,210,210,241,58,71,54,
10,10,80,119,193,181,154,3,
10,10,109,113,96,175,33,165,
10,10,82,46,155,246,64,205,
10,10,177,134,203,137,262,122,
10,10,98,71,31,177,104,236,
10,10,135,164,151,151,256,78,
10,10,90,104,208,202,179,259,
10,10,156,88,189,105,24,293,
10,10,119,202,108,203,100,125,
10,10,238,174,210,181,15,192,
10,10,108,95,219,163,261,247,
10,10,96,104,254,250,69,275,
10,10,113,96,102,224,50,294,
10,10,111,57,218,156,291,202,
10,10,143,64,166,93,79,240,
10,10,76,164,24,219,43,265,
10,10,179,204,48,228,21,141,
10,10,182,207,231,182,251,29,
10,10,171,273,279,151,288,110,
10,10,162,123,201,254,38,260,
10,10,122,191,129,264,267,227,
10,10,143,166,281,124,266,23,
10,10,159,64,215,81,292,31,
10,10,130,73,200,293,151,273,
10,10,106,115,51,291,19,279,
10,10,41,23,173,84,207,9,
10,10,252,164,260,149,109,134,
10,10,172,222,20,209,161,111,
10,10,104,129,124,248,5,241,
10,10,134,20,248,66,274,181,
10,10,161,204,116,212,78,97,
10,10,32,37,137,276,264,223,
10,10,152,175,172,49,45,91,
10,10,204,153,212,179,282,288,
10,10,71,280,31,267,26,235,
10,10,21,71,74,137,168,227,
10,10,48,132,166,220,231,240,
10,10,79,14,140,200,162,260,
10,10,160,205,24,231,52,144,
10,10,61,109,152,148,204,147,
10,10,197,225,278,82,34,126,
10,10,25,57,211,272,278,274,
10,10,90,63,103,104,13,109,
10,10,149,131,268,22,163,17,
10,10,138,242,184,125,24,126,
10,10,214,94,253,181,270,227,
10,10,125,41,192,71,205,265,
10,10,99,268,77,280,51,172,
10,10,179,151,212,43,131,20,
10,10,68,169,62,247,275,150,
10,10,81,20,265,32,216,112,
10,10,211,202,95,277,37,99,
10,10,143,227,204,88,186,22,
10,10,23,77,9,134,139,215,
10,10,167,85,224,100,186,257,
10,10,128,140,122,279,60,276,
10,10,246,186,41,204,44,60,
10,10,154,136,201,224,270,249,
10,10,33,195,24,212,18,296,
10,10,247,254,65,243,4,226,
10,10,77,57,114,184,55,236,
10,10,43,151,235,22,242,15,
10,10,131,5,236,16,120,243,
10,10,159,97,212,166,200,288,
10,10,125,127,275,111,264,43,
10,10,146,231,197,88,179,18,
10,10,10,71,209,201,294,105,
10,10,77,166,55,182,36,232,
10,10,74,14,112,128,203,286,
10,10,195,130,169,172,219,240,
10,10,121,128,71,285,9,198,
10,10,141,240,286,67,54,62,
10,10,143,27,273,121,16,164,
10,10,23,91,25,202,177,128,
10,10,35,104,63,148,45,275,
10,10,50,13,86,78,263,151,
10,10,231,184,172,254,24,44,
10,10,111,196,239,52,53,40,
10,10,196,78,19,213,158,295,
10,10,78,27,173,97,76,271,
10,10,152,152,208,108,284,245,
10,10,157,171,180,222,196,235,
10,10,94,215,160,284,185,28,
10,10,138,255,204,290,291,261,
10,10,28,73,76,105,172,121,
10,10,93,24,124,64,67,171,
10,10,154,137,255,55,34,94,
10,10,187,201,263,74,83,110,
10,10,85,229,68,233,36,240,
10,10,202,141,269,241,259,298,
10,10,244,145,245,177,265,277,
10,10,44,115,97,221,211,248,
10,10,151,249,112,243,61,163,
10,10,106,60,113,105,173,183,
10,10,196,244,204,231,191,107,
10,10,70,24,108,255,214,198,
10,10,111,236,188,89,193,22,
10,10,80,109,148,32,257,112,
10,10,29,105,273,101,298,93,
10,10,61,16,244,250,189,263,
10,10,92,105,208,223,266,220,
10,10,68,155,129,106,227,250,
10,10,23,58,223,174,186,290,
10,10,261,122,279,10,206,29,
10,10,117,41,295,87,257,142,
10,10,143,127,258,275,257,299,
10,10,89,61,50,108,22,112,
10,10,240,168,69,284,42,74,
10,10,81,54,173,239,130,249,
10,10,141,165,231,69,26,73,
10,10,162,85,192,97,149,285,
10,10,204,254,48,246,148,100,
10,10,126,151,59,257,27,171,
10,10,134,150,285,83,81,46,
10,10,68,112,116,201,226,246,
10,10,200,189,214,157,235,75,
10,10,107,176,185,284,265,199,
10,10,132,92,182,233,257,235,
10,10,139,209,208,99,167,4,
10,10,240,61,256,70,196,255,
10,10,98,214,166,131,185,103,
10,10,215,220,117,274,201,60,
10,10,192,191,235,235,242,288,
10,10,56,158,117,270,248,237,
10,10,80,131,35,229,3,251,
10,10,101,25,67,164,273,269,
10,10,153,86,47,202,109,284,
10,10,114,136,168,169,224,40,
10,10,206,237,225,69,73,57,
10,10,27,34,86,77,223,212,
10,10,205,196,70,260,69,39,
10,10,175,54,264,70,286,93,
10,10,17,80,269,168,227,274,
10,10,184,283,167,281,117,131,
10,10,139,70,80,173,214,268,
10,10,174,188,238,19,223,6,
10,10,155,137,259,93,272,34,
10,10,142,257,218,29,37,123,
10,10,151,49,228,157,63,291,
10,10,86,32,23,274,135,270,
10,10,161,69,276,134,60,250,
10,10,13,126,34,179,194,289,
10,10,55,226,151,132,297,70,
10,10,104,40,48,265,125,253,
10,10,108,241,176,154,182,8,
10,10,193,202,236,228,279,257,
10,10,61,52,181,89,37,272,
10,10,85,70,39,265,115,282,
10,10,110,155,257,103,284,2,
10,10,23,89,164,211,162,22,
10,10,217,254,131,279,27,190,
10,10,284,151,268,49,103,45,
10,10,98,27,167,74,54,178,
10,10,140,77,137,278,23,267,
10,10,111,209,233,219,290,205,
10,10,261,194,280,147,40,37,
10,10,198,103,219,214,223,286,
10,10,110,141,207,116,245,271,
10,10,45,144,32,176,90,277,
10,10,157,211,200,260,238,290,
10,10,223,87,16,279,39,291,
10,10,214,101,125,165,14,274,
10,10,232,104,271,152,159,296,
10,10,156,76,220,240,17,118,
10,10,112,142,123,200,3,224,
10,10,225,259,163,256,67,230,
10,10,10,108,48,193,270,122,
10,10,85,126,13,244,82,262,
10,10,146,201,162,206,264,295,
10,10,17,69,197,41,218,81,
10,10,31,102,224,264,220,142,
10,10,109,42,148,212,285,120,
10,10,14,135,94,264,272,225,
10,10,16,150,18,224,176,242,
10,10,114,170,229,197,102,4,
10,10,69,91,237,208,268,185,
10,10,241,110,70,227,22,263,
10,10,38,30,5,255,185,225,
10,10,106,61,282,233,49,213,
10,10,126,109,236,183,55,289,
10,10,240,221,246,193,167,19,
10,10,60,11,259,219,115,217,
10,10,96,91,230,190,191,277,
10,10,233,164,99,235,24,96,
10,10,205,90,223,50,226,41,
10,10,218,260,60,257,30,115,
10,10,40,76,90,76,229,258,
10,10,187,214,144,255,109,52,
10,10,163,204,275,11,291,22,
10,10,165,81,242,159,200,258,
10,10,283,60,279,47,164,77,
10,10,285,85,289,63,143,132,
10,10,37,135,20,170,122,197,
10,10,76,110,255,134,266,83,
10,10,71,163,79,241,198,253,
10,10,120,70,130,243,33,157,
10,10,133,185,194,123,295,291,
10,10,120,27,208,211,225,272,
10,10,12,48,286,197,277,234,
10,10,165,106,188,117,56,288,
10,10,99,59,238,31,211,196,
10,10,211,80,123,192,285,289,
10,10,29,71,190,234,264,204,
10,10,66,139,215,146,296,186,
10,10,42,123,129,51,155,15,
10,10,180,133,27,233,5,292,
10,10,183,152,105,234,101,282,
10,10,71,59,199,221,206,257,
10,10,147,72,141,128,252,241,
10,10,286,203,271,88,90,22,
10,10,190,113,170,136,17,136,
10,10,121,8,277,27,163,143,
10,10,66,111,98,272,230,226,
10,10,206,198,262,99,105,85,
10,10,63,94,226,205,284,127,
10,10,136,171,251,24,130,48,
10,10,103,60,119,49,180,31,
10,10,153,234,249,38,123,24,
10,10,160,111,256,141,179,246,
10,10,117,38,68,227,146,286,
10,10,20,95,120,182,199,54,
10,10,198,221,49,286,167,83,
10,10,235,79,13,251,173,291,
10,10,49,99,252,159,265,81,
10,10,257,197,99,265,49,246,
10,10,200,291,53,251,103,68,
10,10,116,74,251,188,143,228,
10,10,98,35,208,66,223,284,
10,10,58,114,97,247,157,224,
10,10,27,69,266,288,172,40,
10,10,208,154,193,172,7,238,
10,10,128,28,165,63,176,176,
10,10,234,197,145,218,8,162,
10,10,245,198,118,250,6,296,
10,10,125,83,43,137,45,31,
10,10,49,124,98,265,253,11,
10,10,214,135,273,78,130,26,
10,10,249,106,251,58,91,128,
10,10,155,232,209,200,278,294,
10,10,192,134,234,114,248,235,
10,10,213,181,237,157,67,89,
10,10,55,10,244,15,181,206,
10,10,164,212,182,18,74,71,
10,10,161,208,247,227,282,215,
10,10,219,242,78,278,141,111,
10,10,247,122,170,227,176,269,
10,10,96,105,192,279,194,292,
10,10,86,177,271,127,277,125,
10,10,134,125,257,226,13,288,
10,10,34,114,229,102,249,98,
10,10,71,179,45,189,60,75,
10,10,139,258,230,49,28,152,
10,10,89,79,52,211,288,218,
10,10,201,241,273,57,287,25,
10,10,56,49,172,280,86,253,
10,10,160,37,287,187,243,275,
10,10,199,53,275,100,151,256,
10,10,200,226,250,103,245,49,
10,10,216,126,14,217,60,101,
10,10,119,177,168,22,95,37,
10,10,221,71,107,240,115,268,
10,10,48,109,108,188,1,248,
10,10,183,245,281,71,34,96,
10,10,161,142,252,217,173,268,
10,10,101,107,102,192,146,235,
10,10,118,269,206,143,217,61,
10,10,106,157,170,112,222,172,
10,10,70,31,28,141,133,164,
10,10,121,52,294,151,167,215,
10,10,270,191,258,66,134,6,
10,10,144,75,186,285,209,292,
10,10,89,90,100,91,247,161,
10,10,73,77,242,180,240,240,
10,10,105,35,164,84,236,269,
10,10,14,72,235,168,241,206,
10,10,82,120,57,126,22,47,
10,10,109,254,181,206,282,205,
10,10,200,143,242,204,31,230,
10,10,97,60,33,189,59,273,
10,10,88,114,208,35,259,135,
10,10,110,128,134,157,82,228,
10,10,60,16,286,73,147,203,
10,10,59,123,41,147,84,248,
10,10,77,157,215,243,231,135,
10,10,167,156,113,208,8,165,
10,10,206,267,63,290,172,105,
10,10,209,165,232,172,282,269,
10,10,167,155,209,88,269,42,
10,10,26,40,273,41,294,67,
10,10,197,191,76,215,20,225,
10,10,53,130,187,203,165,11,
10,10,244,234,257,97,233,58,
10,10,87,22,74,174,6,230,
10,10,92,202,140,240,270,51,
10,10,204,159,114,210,33,201,
10,10,85,275,49,276,31,265,
10,10,157,120,206,182,60,290,
10,10,146,157,202,88,281,23,
10,10,206,50,276,86,121,198,
10,10,226,225,261,193,96,31,
10,10,46,69,195,175,104,284,
10,10,165,207,222,94,224,60,
10,10,177,126,257,211,64,291,
10,10,81,175,166,119,192,86,
10,10,144,15,275,93,214,218,
10,10,55,71,34,250,257,183,
10,10,72,64,165,140,63,284,
10,10,91,25,162,114,268,156,
10,10,142,162,184,86,202,30,
10,10,116,92,49,154,42,201,
10,10,152,99,254,170,273,221,
10,10,62,60,110,193,276,128,
10,10,230,149,64,183,8,133,
10,10,121,190,33,225,14,187,
10,10,233,129,77,273,140,26,
10,10,189,45,38,220,22,259,
10,10,147,105,290,132,283,181,
10,10,156,90,263,232,278,240,
10,10,59,95,107,189,276,287,
10,10,135,104,236,181,255,126,
10,10,44,49,194,52,278,221,
10,10,68,115,90,206,112,212,
10,10,118,130,280,252,244,275,
10,10,243,218,88,291,31,113,
10,10,177,237,285,79,97,71,
10,10,107,218,58,241,18,138,
10,10,207,138,39,187,93,47,
10,10,16,136,35,245,263,41,
10,10,192,72,164,121,153,234,
10,10,162,97,247,36,299,25,
10,10,63,59,290,166,289,197,
10,10,170,182,235,78,37,83,
10,10,189,237,264,70,164,48,
10,10,28,63,243,41,241,106,
10,10,58,85,259,257,297,248,
10,10,122,8,235,42,214,259,
10,10,159,284,52,278,87,116,
10,10,43,66,196,5,227,11,
10,10,101,147,42,206,244,296,
10,10,206,79,266,190,257,265,
10,10,98,134,282,114,254,233,
10,10,155,166,239,93,288,31,
10,10,42,53,70,131,138,280,
10,10,257,228,293,136,57,52,
10,10,161,157,60,237,40,78,
10,10,86,161,242,231,190,63,
10,10,138,226,63,224,7,141,
10,10,73,121,250,19,289,128,
10,10,186,214,279,180,293,169,
10,10,66,122,15,254,25,276,
10,10,203,141,25,203,37,94,
10,10,15,142,37,196,201,167,
10,10,240,78,199,106,41,185,
10,10,47,82,30,175,238,195,
10,10,169,176,91,213,43,181,
10,10,126,244,223,176,292,193,
10,10,78,73,212,125,215,169,
10,10,192,174,21,230,20,137,
10,10,73,114,205,200,90,291,
10,10,81,109,59,239,239,191,
10,10,232,221,77,269,49,224,
10,10,134,111,172,55,251,10,
10,10,38,157,55,278,63,277,
10,10,187,158,88,208,6,125,
10,10,56,44,159,151,264,26,
10,10,146,139,118,183,204,242,
10,10,260,152,188,226,142,276,
10,10,210,217,242,174,17,27,
10,10,161,93,230,137,292,243,
10,10,177,230,36,287,107,120,
10,10,248,114,70,235,26,287,
10,10,83,93,178,64,287,106,
10,10,5,53,183,274,291,246,
10,10,49,36,226,235,290,234,
10,10,176,250,265,146,19,164,
10,10,244,138,184,233,225,295,
10,10,253,189,170,265,17,95,
10,10,164,177,173,92,40,16,
10,10,99,162,71,241,100,290,
10,10,170,97,141,149,21,222,
10,10,37,36,245,42,282,40,
10,10,66,63,283,274,267,288,
10,10,203,153,229,171,215,283,
10,10,107,78,179,51,233,251,
10,10,230,192,70,232,63,134,
10,10,51,168,91,266,153,293,
10,10,152,156,150,234,6,205,
10,10,109,164,61,287,6,260,
10,10,186,194,256,72,146,34,
10,10,263,123,43,274,7,287,
10,10,36,135,25,154,65,282,
10,10,114,105,98,236,20,218,
10,10,44,52,97,137,173,217,
10,10,51,160,82,219,135,277,
10,10,199,229,211,140,41,63,
10,10,122,160,165,48,49,42,
10,10,187,160,275,28,194,14,
10,10,295,155,290,119,209,58,
10,10,18,151,90,262,159,239,
10,10,263,173,254,80,165,19,
10,10,30,22,161,81,241,30,
10,10,165,24,246,9,272,141,
10,10,182,263,255,221,284,191,
10,10,191,252,252,186,240,64,
10,10,65,116,233,60,236,128,
10,10,72,14,117,197,290,117,
10,10,111,66,213,225,258,286,
10,10,72,163,246,273,253,283,
10,10,192,94,206,131,232,248,
10,10,105,69,256,210,192,259,
10,10,199,86,81,166,281,262,
10,10,227,120,58,200,96,33,
10,10,54,80,141,215,258,122,
10,10,90,98,96,102,77,198,
10,10,57,80,126,27,214,84,
10,10,65,64,194,213,283,33,
10,10,19,55,183,155,266,268,
10,10,116,8,265,63,133,289,
10,10,171,138,166,183,182,247,
10,10,222,54,30,206,267,255,
10,10,220,165,230,94,142,61,
10,10,205,129,116,226,149,289,
10,10,133,52,230,214,112,218,
10,10,30,51,221,142,286,100,
10,10,236,195,244,116,71,100,
10,10,59,171,98,245,160,269,
10,10,222,88,90,192,47,204,
10,10,108,238,236,93,246,87,
10,10,135,270,35,283,29,281,
10,10,229,245,289,161,46,157,
10,10,94,96,194,128,214,283,
10,10,119,163,188,61,295,238,
10,10,22,32,65,205,61,212,
10,10,160,102,76,236,55,257,
10,10,185,179,170,201,41,32,
10,10,43,20,165,263,287,200,
10,10,70,196,51,236,164,265,
10,10,101,46,271,141,268,215,
10,10,101,12,166,47,193,76,
10,10,169,115,221,132,183,270,
10,10,73,243,285,91,296,86,
10,10,143,111,98,132,34,41,
10,10,210,172,249,110,156,52,
10,10,154,273,243,265,290,265,
10,10,145,165,164,236,253,267,
10,10,54,179,47,214,254,177,
10,10,99,147,81,173,176,282,
10,10,63,20,70,124,150,109,
10,10,248,213,84,264,65,42,
10,10,30,47,125,263,286,192,
10,10,119,103,241,45,252,185,
10,10,142,83,236,96,254,163,
10,10,113,17,249,152,229,185,
10,10,44,11,108,111,175,275,
10,10,53,88,242,71,255,124,
10,10,154,17,288,115,283,129,
10,10,152,90,186,175,239,223,
10,10,145,139,191,100,296,22,
10,10,269,71,154,202,142,295,
10,10,78,123,201,294,272,276,
10,10,30,184,27,239,56,255,
10,10,118,103,175,190,147,260,
10,10,222,175,231,153,51,10,
10,10,134,203,192,112,267,261,
10,10,14,35,12,244,157,278,
10,10,212,282,79,284,65,88,
10,10,142,152,118,231,225,260,
10,10,179,247,204,238,261,233,
10,10,177,21,224,35,116,215,
10,10,67,123,101,252,288,247,
10,10,114,107,94,246,9,179,
10,10,7,38,108,278,204,136,
10,10,207,293,90,269,26,191,
10,10,132,161,204,143,233,146,
10,10,223,149,208,55,49,54,
10,10,226,182,174,202,12,120,
10,10,179,271,46,237,93,110,
10,10,122,14,270,105,105,252,
10,10,129,241,136,263,286,203,
10,10,88,143,145,253,255,218,
10,10,149,64,291,255,73,250,
10,10,234,227,45,245,13,208,
10,10,104,208,223,207,280,199,
10,10,212,85,88,221,183,272,
10,10,70,27,113,139,166,144,
10,10,202,257,96,243,102,77,
10,10,159,253,265,108,96,5,
10,10,85,200,179,114,278,36,
10,10,83,180,232,105,271,219,
10,10,249,106,249,20,238,19,
10,10,61,56,160,118,258,231,
10,10,21,96,283,227,236,115,
10,10,155,247,56,250,35,144,
10,10,96,75,250,180,273,257,
10,10,16,73,42,162,5,176,
10,10,193,226,250,89,137,98,
10,10,210,270,88,256,32,107,
10,10,226,54,246,70,224,226,
10,10,104,190,160,84,196,28,
10,10,37,31,99,284,189,259,
10,10,69,160,186,87,245,292,
10,10,114,23,255,74,9,287,
10,10,249,102,272,86,102,34,
10,10,59,132,195,187,291,208,
10,10,123,53,255,120,34,200,
10,10,116,80,203,280,260,271,
10,10,191,221,248,115,106,73,
10,10,252,237,232,253,96,283,
10,10,253,158,228,173,41,50,
10,10,112,113,86,197,22,59,
10,10,263,233,246,60,213,17,
10,10,59,117,234,232,274,228,
10,10,198,249,221,68,115,8,
10,10,221,229,144,278,68,106,
10,10,104,118,252,61,258,222,
10,10,13,122,20,142,140,194,
10,10,51,148,98,246,228,1,
10,10,127,125,214,161,261,67,
10,10,20,82,202,276,238,120,
10,10,181,220,49,225,40,87,
10,10,201,285,65,250,37,214,
10,10,143,18,258,83,80,293,
10,10,293,171,277,108,179,80,
10,10,72,76,140,279,238,238,
10,10,186,251,104,276,186,107,
10,10,127,240,175,111,39,150,
10,10,104,158,203,45,262,80,
10,10,149,147,259,289,297,269,
10,10,82,38,222,285,107,243,
10,10,102,259,143,197,297,20,
10,10,31,114,108,155,279,171,
10,10,201,262,124,278,92,110,
10,10,98,148,153,168,281,41,
10,10,44,62,279,149,157,267,
10,10,142,59,87,236,266,277,
10,10,246,85,179,158,296,270,
10,10,158,39,260,95,51,245,
10,10,12,206,10,255,199,128,
10,10,236,161,246,156,242,18,
10,10,195,97,114,164,13,235,
10,10,82,104,170,262,218,241,
10,10,39,15,204,152,115,291,
10,10,110,157,174,73,225,3,
10,10,178,14,232,18,259,137,
10,10,157,80,158,206,121,282,
10,10,93,129,232,181,110,290,
10,10,151,167,27,197,88,80,
10,10,79,57,142,127,26,169,
10,10,83,203,161,168,274,140,
10,10,45,129,114,70,152,38,
10,10,155,137,191,186,116,275,
10,10,31,94,81,131,31,289,
10,10,125,49,123,188,132,275,
10,10,161,135,205,220,96,284,
10,10,19,81,258,155,259,62,
10,10,53,91,34,156,242,215,
10,10,22,35,162,86,214,279,
10,10,110,135,53,255,37,271,
10,10,227,199,284,74,60,129,
10,10,149,76,230,188,220,203,
10,10,181,161,32,246,57,140,
10,10,92,16,285,186,241,225,
10,10,118,66,212,172,36,204,
10,10,108,175,158,239,185,274,
10,10,231,217,233,123,217,86,
10,10,188,162,255,148,101,6,
10,10,138,210,95,237,16,227,
10,10,153,96,147,128,133,192,
10,10,221,221,126,238,61,127,
10,10,8,121,14,192,135,122,
10,10,45,116,13,218,189,205,
10,10,225,84,230,35,230,10,
10,10,76,40,230,195,100,282,
10,10,167,186,197,174,257,119,
10,10,194,207,183,210,24,195,
10,10,73,150,174,104,254,273,
10,10,95,174,137,123,214,294,
10,10,139,188,227,129,276,126,
10,10,108,51,45,232,267,221,
10,10,131,201,155,219,224,284,
10,10,105,159,264,189,123,28,
10,10,172,42,185,49,95,243,
10,10,96,26,155,169,268,198,
10,10,232,194,279,246,284,251,
10,10,16,145,27,216,264,214,
10,10,67,185,118,120,162,52,
10,10,113,26,28,196,12,258,
10,10,168,129,143,257,12,57,
10,10,152,213,212,179,292,86,
10,10,38,96,145,61,177,119,
10,10,145,174,211,43,268,112,
10,10,119,207,147,190,214,174,
10,10,204,288,108,285,74,65,
10,10,90,155,178,227,284,186,
10,10,88,204,66,239,90,280,
10,10,79,122,166,149,192,199,
10,10,161,107,207,118,270,119,
10,10,133,233,199,126,185,17,
10,10,72,145,132,165,264,194,
10,10,200,226,247,97,54,149,
10,10,74,106,205,90,250,279,
10,10,68,37,210,69,173,138,
10,10,129,50,41,200,287,225,
10,10,83,106,125,124,275,59,
10,10,63,59,99,26,163,90,
10,10,97,149,188,284,246,64,
10,10,57,85,73,75,237,157,
10,10,34,72,26,94,156,178,
10,10,195,173,109,287,24,105,
10,10,112,108,120,225,55,259,
10,10,215,152,89,246,19,71,
10,10,64,118,132,209,61,279,
10,10,99,138,95,269,123,294,
10,10,40,123,219,258,283,150,
10,10,276,66,98,211,54,264,
10,10,160,73,272,273,146,275,
10,10,185,89,176,112,119,269,
10,10,8,30,28,193,171,171,
10,10,149,131,195,47,95,48,
10,10,169,119,246,149,210,295,
10,10,181,92,172,222,174,299,
10,10,96,74,93,157,69,261,
10,10,93,30,279,117,176,247,
10,10,211,265,149,283,74,186,
10,10,121,45,266,95,228,170,
10,10,145,233,238,138,279,63,
10,10,119,143,290,262,284,294,
10,10,252,218,207,256,10,172,
10,10,120,192,245,101,273,54,
10,10,38,240,33,248,164,288,
10,10,68,234,49,258,15,283,
10,10,164,211,241,20,119,75,
10,10,73,100,182,44,230,151,
10,10,274,62,35,248,12,267,
10,10,74,158,97,218,279,62,
10,10,241,201,143,215,28,50,
10,10,13,88,125,243,142,197,
10,10,64,71,140,98,231,130,
10,10,150,8,284,27,265,123,
10,10,253,197,111,273,58,30,
10,10,173,289,36,265,36,129,
10,10,39,78,251,273,286,220,
10,10,108,29,263,87,228,260,
10,10,56,135,245,142,273,275,
10,10,45,68,245,85,231,235,
10,10,162,130,203,83,267,54,
10,10,256,151,288,89,143,124,
10,10,37,174,56,201,287,200,
10,10,99,34,246,117,33,286,
10,10,112,277,20,265,28,183,
10,10,136,189,84,250,6,90,
10,10,205,218,274,193,292,177,
10,10,246,112,169,238,131,295,
10,10,64,178,221,56,295,91,
10,10,84,72,244,282,229,293,
10,10,97,120,73,243,235,210,
10,10,152,241,95,276,127,62,
10,10,60,69,138,206,279,275,
10,10,114,95,202,203,211,270,
10,10,139,189,193,37,106,30,
10,10,142,234,189,100,50,52,
10,10,181,111,232,177,210,285,
10,10,170,111,105,238,40,33,
10,10,87,48,199,117,272,142,
10,10,45,168,164,77,269,23,
10,10,190,79,244,122,58,217,
10,10,54,122,144,56,266,175,
10,10,172,142,180,211,269,294,
10,10,39,48,263,273,264,56,
10,10,76,191,168,265,260,198,
10,10,106,242,178,129,244,54,
10,10,9,50,195,109,216,47,
10,10,110,192,122,250,159,281,
10,10,67,65,62,182,5,186,
10,10,14,40,262,96,171,240,
10,10,110,67,170,184,277,166,
10,10,5,68,122,287,257,174,
10,10,234,184,272,33,148,60,
10,10,108,59,218,162,262,40,
10,10,76,165,184,227,230,121,
10,10,121,205,213,103,279,161,
10,10,193,190,202,147,64,146,
10,10,94,95,246,184,150,240,
10,10,44,120,117,75,209,29,
10,10,120,251,32,260,19,181,
10,10,103,233,146,193,211,70,
10,10,20,90,137,140,234,191,
10,10,154,250,222,151,179,5,
10,10,159,159,13,276,6,299,
10,10,92,251,219,93,272,212,
10,10,74,60,263,50,239,163,
10,10,22,43,71,77,213,51,
10,10,97,77,113,201,33,279,
10,10,43,37,288,228,281,286,
10,10,227,140,138,178,9,169,
10,10,89,103,238,80,230,146,
10,10,119,151,272,133,60,16,
10,10,244,230,282,118,172,38,
10,10,169,136,185,241,23,116,
10,10,7,109,39,276,141,261,
10,10,162,94,219,86,196,251,
10,10,212,96,148,157,281,233,
10,10,225,218,255,39,107,153,
10,10,199,260,293,96,125,47,
10,10,188,156,203,168,246,188,
10,10,77,157,123,201,239,277,
10,10,179,80,261,84,229,189,
10,10,259,154,282,131,98,80,
10,10,113,163,178,50,113,5,
10,10,80,39,288,111,167,225,
10,10,232,184,218,74,189,16,
10,10,245,78,226,24,135,126,
10,10,197,124,58,256,16,269,
10,10,16,153,7,184,57,237,
10,10,65,125,179,135,215,84,
10,10,93,94,132,172,279,74,
10,10,89,17,214,136,113,204,
10,10,97,125,209,19,219,35,
10,10,66,8,264,206,48,195,
10,10,32,42,171,27,285,133,
10,10,170,287,48,254,40,242,
10,10,223,124,183,172,223,261,
10,10,129,157,249,149,211,293,
10,10,95,132,190,103,198,20,
10,10,64,117,272,134,255,46,
10,10,118,136,223,209,288,249,
10,10,137,42,210,197,246,284,
10,10,128,58,171,220,141,270,
10,10,79,63,60,228,236,185,
10,10,172,158,218,169,295,94,
10,10,62,17,131,7,212,97,
10,10,133,242,188,210,280,172,
10,10,112,233,52,265,72,131,
10,10,52,110,217,226,276,274,
10,10,147,23,261,46,43,218,
10,10,260,138,198,275,185,298,
10,10,189,237,208,41,123,11,
10,10,148,62,293,132,239,218,
10,10,196,243,206,238,293,155,
10,10,135,211,202,37,87,64,
10,10,109,83,293,232,98,253,
10,10,172,115,205,90,251,110,
10,10,97,178,118,171,191,142,
10,10,95,134,156,221,133,290,
10,10,29,32,104,38,122,137,
10,10,23,91,164,263,257,154,
10,10,15,58,229,254,207,290,
10,10,38,68,186,175,163,52,
10,10,282,151,272,111,167,98,
10,10,191,8,232,10,61,253,
10,10,54,122,213,31,241,59,
10,10,142,91,275,190,287,283,
10,10,283,149,282,102,105,101,
10,10,186,158,161,223,14,229,
10,10,149,180,227,166,252,189,
10,10,163,173,156,249,296,267,
10,10,114,111,272,258,181,289,
10,10,55,82,226,59,250,261,
10,10,117,36,181,208,30,245,
10,10,114,176,255,53,281,153,
10,10,33,12,165,23,244,226,
10,10,64,60,36,162,187,269,
10,10,93,267,150,147,155,51,
10,10,69,41,103,69,91,249,
10,10,84,46,127,219,117,264,
10,10,95,105,82,159,161,247,
10,10,282,136,259,62,162,183,
10,10,140,150,227,96,216,24,
10,10,115,168,253,194,148,5,
10,10,100,40,196,26,185,124,
10,10,56,97,200,202,257,280,
10,10,108,139,244,191,225,98,
10,10,22,40,102,117,134,3,
10,10,129,69,35,184,239,265,
10,10,89,31,139,39,135,139,
10,10,155,82,259,226,4,121,
10,10,205,212,261,12,211,31,
10,10,153,193,250,48,243,26,
10,10,188,29,197,29,240,137,
10,10,121,249,141,231,240,129,
10,10,81,149,171,26,253,175,
10,10,196,245,263,79,284,45,
10,10,276,173,197,259,46,278,
10,10,114,158,158,111,241,137,
10,10,181,164,196,127,75,17,
10,10,34,119,223,284,213,171,
10,10,176,179,133,189,21,151,
10,10,245,158,109,205,19,177,
10,10,50,6,65,186,225,216,
10,10,148,136,124,258,153,269,
10,10,236,173,116,256,98,65,
10,10,67,197,214,268,289,265,
10,10,178,238,218,84,98,80,
10,10,170,209,91,209,47,58,
10,10,37,16,255,214,178,212,
10,10,95,64,118,39,186,92,
10,10,176,180,77,242,51,294,
10,10,132,282,16,239,59,152,
10,10,212,267,124,257,63,129,
10,10,240,140,154,236,266,284,
10,10,13,31,213,118,123,247,
10,10,80,64,159,129,30,258,
10,10,187,63,267,180,283,220,
10,10,213,141,274,52,138,19,
10,10,111,49,70,224,76,260,
10,10,147,144,197,202,283,255,
10,10,45,55,225,229,249,57,
10,10,110,150,273,272,274,282,
10,10,149,122,248,218,286,58,
10,10,141,261,259,74,280,52,
10,10,100,119,78,192,204,275,
10,10,139,140,86,162,24,124,
10,10,142,213,196,119,26,132,
10,10,38,106,36,152,220,131,
10,10,129,293,73,288,70,95,
10,10,121,61,293,146,184,234,
10,10,161,112,152,188,122,266,
10,10,116,99,30,225,213,260,
10,10,220,124,254,51,281,18,
10,10,33,89,11,205,142,206,
10,10,212,167,95,248,134,92,
10,10,75,106,113,246,202,242,
10,10,104,183,85,198,56,206,
10,10,149,202,270,47,276,40,
10,10,165,204,174,247,266,289,
10,10,264,173,140,230,55,244,
10,10,150,266,244,28,231,4,
10,10,250,105,88,196,14,204,
10,10,157,250,189,189,74,62,
10,10,27,76,125,100,59,295,
10,10,133,86,80,264,17,247,
10,10,59,159,215,26,256,153,
10,10,53,127,174,209,216,274,
10,10,214,78,29,232,201,287,
10,10,91,123,86,167,5,131,
10,10,91,224,186,154,289,258,
10,10,37,46,223,102,283,257,
10,10,206,212,22,289,55,188,
10,10,137,144,210,108,242,91,
10,10,200,222,167,237,28,153,
10,10,176,262,143,261,33,104,
10,10,50,71,270,41,270,173,
10,10,202,77,132,140,18,258,
10,10,146,50,263,259,55,219,
10,10,23,172,40,235,269,236,
10,10,120,129,149,31,28,67,
10,10,147,33,248,53,230,200,
10,10,28,63,99,142,249,292,
10,10,237,224,256,37,96,108,
10,10,263,158,188,251,103,290,
10,10,124,248,211,185,298,126,
10,10,241,154,282,93,104,47,
10,10,9,107,12,193,167,259,
10,10,31,179,50,286,130,253,
10,10,75,166,168,288,279,190,
10,10,164,218,185,184,132,58,
10,10,175,290,110,276,29,141,
10,10,93,272,29,244,46,177,
10,10,160,233,211,41,81,23,
10,10,163,17,246,30,284,105,
10,10,180,94,174,165,255,294,
10,10,175,115,270,258,34,216,
10,10,282,193,258,36,138,176,
